"","ID","Description","GeneRatio","BgRatio","pvalue","p.adjust","qvalue","geneID","Count","Celltype"
"GO:00064131","GO:0006413","translational initiation","113/931","192/18866",1.37249857131585e-97,6.54819068374792e-94,5.67780987923293e-94,"6228/6164/6206/6165/6191/6188/6161/6125/6130/6189/6222/6194/4869/6229/6152/6231/6156/6175/25873/6137/4736/6154/6159/6160/6168/6135/6129/6122/9045/6193/6202/6136/6170/6209/6142/6138/6167/6201/6133/6187/6223/3646/6128/6230/6203/6233/6169/6171/6210/6141/6208/6134/6176/6207/3921/6204/6227/6146/23521/9349/6132/6147/6235/11224/6158/6143/6232/6234/6144/6173/6192/6224/3315/1975/6157/6181/10209/1974/6124/8667/26986/5610/51386/6155/10657/6217/6205/1964/10480/8665/8562/6218/8666/51247/8664/27335/6139/7175/7311/1654/10289/23645/8668/1978/7458/9669/51441/6059/468/1968/22916/1653/8894",113,"b1"
"GO:00001841","GO:0000184","nuclear-transcribed mRNA catabolic process, nonsense-mediated decay","88/931","120/18866",5.71526312487534e-89,1.36337601843901e-85,1.18215705688211e-85,"6228/6164/6206/6165/6191/6188/6161/6125/6130/6189/6222/6194/6229/6152/6231/6156/6175/25873/6137/4736/6154/6159/6160/6168/6135/6129/6122/9045/6193/6202/6136/6170/6209/6142/6138/6167/6201/6133/6187/6223/3646/6128/6230/6203/6233/6169/6171/6210/6141/6208/6134/6176/6207/3921/6204/6227/6146/23521/9349/6132/6147/6235/11224/6158/6143/6232/6234/6144/6173/6192/6224/6157/6181/6124/26986/6155/6217/6205/6218/6139/4116/65110/55629/7311/2935/9939/22916/10921",88,"b1"
"GO:00022832","GO:0002283","neutrophil activation involved in immune response","161/960","490/18866",8.87404033824935e-88,4.76092264147078e-84,3.46274395093583e-84,"1992/2512/6280/6279/1509/4069/6283/2219/6036/6402/929/8804/4257/967/4332/1520/2896/25798/960/5265/6282/6386/1675/25801/56729/2357/29108/683/9535/978/1508/5660/3689/427/7305/160364/5199/2950/55313/10097/3958/5788/6556/948/6515/302/10875/1378/1536/11010/8826/5879/11025/10288/391/7077/2268/1471/5315/5223/23593/11031/23406/199675/2207/3920/968/1604/387/10970/728/5329/3074/847/5175/51316/2760/3684/6813/126014/84106/5724/2799/10092/10788/22918/10890/1512/3071/4048/6093/684/1432/51816/3106/2212/10487/963/10159/3320/5777/1522/5873/1476/93100/5836/8673/10577/83716/945/2495/7133/140885/7097/11027/6993/6850/1535/240/5269/9218/2665/51646/5478/102/28956/55004/3916/7879/3107/10555/5878/5476/2548/10312/1654/23352/8566/340061/5689/5713/976/23250/3240/81619/6727/29099/1938/3903/3417/2720/5768/3614/7520/9545/54918/23191/8876/10043/1915/1460",161,"b1n"
"GO:00433122","GO:0043312","neutrophil degranulation","160/960","487/18866",3.31121542346614e-87,8.88233537344792e-84,6.46035556567841e-84,"1992/2512/6280/6279/1509/4069/6283/2219/6036/6402/929/8804/4257/967/4332/1520/2896/25798/960/5265/6282/6386/1675/25801/56729/2357/29108/683/9535/978/1508/5660/3689/427/7305/160364/5199/2950/55313/10097/3958/5788/6556/948/6515/302/10875/1378/1536/11010/8826/5879/11025/10288/391/7077/2268/1471/5315/5223/23593/11031/23406/199675/2207/3920/968/1604/387/10970/728/5329/3074/847/5175/51316/2760/3684/6813/126014/84106/5724/2799/10092/10788/22918/10890/1512/3071/4048/6093/684/1432/51816/3106/2212/10487/963/10159/3320/5777/1522/5873/1476/93100/5836/8673/10577/83716/945/2495/7133/140885/7097/6993/6850/1535/240/5269/9218/2665/51646/5478/102/28956/55004/3916/7879/3107/10555/5878/5476/2548/10312/1654/23352/8566/340061/5689/5713/976/23250/3240/81619/6727/29099/1938/3903/3417/2720/5768/3614/7520/9545/54918/23191/8876/10043/1915/1460",160,"b1n"
"GO:00066141","GO:0006614","SRP-dependent cotranslational protein targeting to membrane","82/931","105/18866",6.54843442386854e-87,1.04141935454256e-83,9.02994641607135e-84,"6228/6164/6206/6165/6191/6188/6161/6125/6130/6189/6222/6194/6229/6152/6231/6156/6175/25873/6137/4736/6154/6159/6160/6168/6135/6129/6122/9045/6193/6202/6136/6170/6209/6142/6138/6167/6201/6133/6187/6223/6128/6230/6203/6233/6169/6171/6210/6141/6208/6134/6176/6207/3921/6204/6227/6146/23521/9349/6132/6147/6235/11224/6158/6143/6232/6234/6144/6173/6192/6224/6157/6181/6124/6155/6217/6205/6218/6727/6731/6139/6726/7311",82,"b1"
"GO:0006413","GO:0006413","translational initiation","106/933","192/18866",2.85157657263743e-87,1.42407734037513e-83,1.23818456443467e-83,"3646/4869/6129/6165/6164/6191/6160/51386/6154/6189/26986/6228/6175/6167/6161/6229/6125/6201/6135/6152/6188/6170/6138/10480/6203/6122/6159/6133/9045/6141/6194/8665/6206/6156/6130/6233/6204/6146/6168/6207/4736/6134/1975/6208/8664/6176/6128/6210/6173/8562/9349/6222/6137/6193/6202/3315/6209/23521/10657/6143/6136/6205/10209/6187/6234/6223/25873/6124/6169/3921/6171/1974/6227/6224/7458/6230/6142/8667/6158/1964/6157/6235/6132/10289/1968/1654/11224/6147/6232/6231/1973/6144/6218/6139/23645/51247/6155/8666/7175/3692/1939/27335/83939/51441/6181/1978",106,"b0"
"GO:00066131","GO:0006613","cotranslational protein targeting to membrane","82/931","109/18866",1.72878789519663e-84,2.06201176199578e-81,1.78793063897967e-81,"6228/6164/6206/6165/6191/6188/6161/6125/6130/6189/6222/6194/6229/6152/6231/6156/6175/25873/6137/4736/6154/6159/6160/6168/6135/6129/6122/9045/6193/6202/6136/6170/6209/6142/6138/6167/6201/6133/6187/6223/6128/6230/6203/6233/6169/6171/6210/6141/6208/6134/6176/6207/3921/6204/6227/6146/23521/9349/6132/6147/6235/11224/6158/6143/6232/6234/6144/6173/6192/6224/6157/6181/6124/6155/6217/6205/6218/6727/6731/6139/6726/7311",82,"b1"
"GO:0006614","GO:0006614","SRP-dependent cotranslational protein targeting to membrane","79/933","105/18866",2.48110099748321e-81,6.19530919071557e-78,5.38660084979907e-78,"6129/6165/6164/6191/6160/6154/6189/6228/6175/6167/6161/6229/6125/6201/6135/6152/6188/6170/6138/6203/6122/6159/6133/9045/6141/6194/6206/6156/6130/6233/6204/6146/6168/6207/4736/6134/6208/6176/6128/6210/6173/9349/6222/6137/6193/6202/6209/23521/6143/6136/6727/6205/6187/6234/6223/25873/6124/6169/3921/6171/6227/6224/6230/6142/6158/6157/6235/6132/11224/6726/6147/6232/6231/6144/6218/6139/6155/6731/6181",79,"b0"
"GO:0006613","GO:0006613","cotranslational protein targeting to membrane","80/933","109/18866",7.48910978047139e-81,1.2466871414558e-77,1.08395009980507e-77,"6129/6165/6164/6191/6160/6154/6189/6228/6175/6167/6161/6229/6125/6201/6135/6152/6188/6170/6138/6203/6122/6159/6133/9045/6141/6194/6206/6156/6130/6233/6204/6146/6168/6207/4736/6134/6208/6176/6128/6210/6173/9349/6222/6137/6193/6202/6209/23521/6143/6136/6727/6205/6187/6234/6223/25873/6124/6169/3921/6171/6227/6224/6230/6142/6158/6157/6235/6132/11224/6726/6147/6232/6231/6144/6218/6139/6155/6731/6181/6746",80,"b0"
"GO:00450471","GO:0045047","protein targeting to ER","82/931","120/18866",1.00812956142356e-78,9.61957227510358e-76,8.3409456345149e-76,"6228/6164/6206/6165/6191/6188/6161/6125/6130/6189/6222/6194/6229/6152/6231/6156/6175/25873/6137/4736/6154/6159/6160/6168/6135/6129/6122/9045/6193/6202/6136/6170/6209/6142/6138/6167/6201/6133/6187/6223/6128/6230/6203/6233/6169/6171/6210/6141/6208/6134/6176/6207/3921/6204/6227/6146/23521/9349/6132/6147/6235/11224/6158/6143/6232/6234/6144/6173/6192/6224/6157/6181/6124/6155/6217/6205/6218/6727/6731/6139/6726/7311",82,"b1"
"GO:00064021","GO:0006402","mRNA catabolic process","133/931","376/18866",1.7580372672729e-78,1.39793263369317e-75,1.21212043164605e-75,"6228/6164/6206/6165/6191/6188/6161/6125/6130/6189/6222/6194/4869/6229/6152/6231/6156/6175/25873/6137/4736/6154/6159/6160/6168/6135/6129/6122/9045/6193/6202/6136/6170/6209/6142/6138/6167/6201/6133/6187/6223/3646/6128/6230/6203/6233/1153/6169/6171/6210/6141/6208/6134/6176/6207/3921/6204/6227/6146/23521/7314/9349/6132/6147/6235/11224/6158/6143/6232/6234/8531/6144/6173/6192/6224/678/3315/6418/51690/328/6157/6181/6124/26986/6155/4904/26135/6217/57819/550643/6205/10949/6218/3183/8087/7812/4670/6139/9967/3184/10236/4116/6741/65110/55629/7311/8148/5720/3192/27258/2521/10644/23318/3312/2935/51441/9939/5689/7431/29883/22916/4848/5700/3303/5693/23658/23112/5682/7514/10921/9652/10492/1655",133,"b1"
"GO:0000184","GO:0000184","nuclear-transcribed mRNA catabolic process, nonsense-mediated decay","82/933","120/18866",1.20683204559104e-78,1.50672980892041e-75,1.31004794422711e-75,"3646/6129/6165/6164/6191/6160/6154/6189/26986/6228/6175/6167/6161/6229/6125/6201/6135/6152/6188/6170/6138/6203/6122/6159/6133/9045/6141/6194/6206/6156/6130/6233/6204/6146/6168/6207/4736/6134/6208/6176/6128/6210/6173/9349/6222/6137/6193/6202/6209/23521/6143/6136/6205/6187/6234/6223/25873/6124/6169/3921/6171/6227/6224/6230/6142/6158/6157/6235/6132/11224/6147/6232/6231/6144/6218/6139/6155/65110/26019/4116/10921/6181",82,"b0"
"GO:00009561","GO:0000956","nuclear-transcribed mRNA catabolic process","103/931","210/18866",6.92285800841124e-78,4.71842222259e-75,4.09125292827912e-75,"6228/6164/6206/6165/6191/6188/6161/6125/6130/6189/6222/6194/6229/6152/6231/6156/6175/25873/6137/4736/6154/6159/6160/6168/6135/6129/6122/9045/6193/6202/6136/6170/6209/6142/6138/6167/6201/6133/6187/6223/3646/6128/6230/6203/6233/6169/6171/6210/6141/6208/6134/6176/6207/3921/6204/6227/6146/23521/9349/6132/6147/6235/11224/6158/6143/6232/6234/6144/6173/6192/6224/678/51690/6157/6181/6124/26986/6155/6217/57819/550643/6205/6218/7812/6139/9967/4116/6741/65110/55629/7311/27258/23318/2935/9939/29883/22916/4848/23658/23112/10921/9652/1655",103,"b1"
"GO:00725991","GO:0072599","establishment of protein localization to endoplasmic reticulum","82/931","124/18866",7.03603009904541e-77,4.19611245031821e-74,3.63836819595374e-74,"6228/6164/6206/6165/6191/6188/6161/6125/6130/6189/6222/6194/6229/6152/6231/6156/6175/25873/6137/4736/6154/6159/6160/6168/6135/6129/6122/9045/6193/6202/6136/6170/6209/6142/6138/6167/6201/6133/6187/6223/6128/6230/6203/6233/6169/6171/6210/6141/6208/6134/6176/6207/3921/6204/6227/6146/23521/9349/6132/6147/6235/11224/6158/6143/6232/6234/6144/6173/6192/6224/6157/6181/6124/6155/6217/6205/6218/6727/6731/6139/6726/7311",82,"b1"
"GO:00064011","GO:0006401","RNA catabolic process","137/931","415/18866",2.10349216082345e-76,1.11508456658763e-73,9.66868326553937e-74,"6228/6164/6206/6165/6191/6188/6161/6125/6130/6189/6222/6194/4869/6229/6152/6231/6156/6175/25873/6137/4736/6154/6159/6160/6168/6135/6129/6122/9045/6193/6202/6136/6170/6209/6142/6138/6167/6201/6133/6187/6223/3646/6128/6230/6203/6233/1153/6169/6171/6210/6141/6208/6134/6176/6207/3921/6204/6227/6146/23521/7314/9349/6132/6147/6235/11224/6158/6143/6232/6234/8531/6144/6173/6192/6224/678/3315/6418/51690/328/6157/6181/6124/26986/6155/4904/26135/6217/57819/550643/6205/10949/79002/6218/3183/8087/79621/7812/4670/6139/9967/3184/10236/4116/6741/65110/55629/84153/7311/8148/5720/1736/3192/27258/2521/10644/23318/3312/2935/51441/9939/5689/7431/29883/22916/4848/5700/3303/5693/23658/23112/5682/7514/10921/9652/10492/1655",137,"b1"
"GO:0045047","GO:0045047","protein targeting to ER","79/933","120/18866",9.28104595001967e-74,9.26990869487965e-71,8.05985569343814e-71,"6129/6165/6164/6191/6160/6154/6189/6228/6175/6167/6161/6229/6125/6201/6135/6152/6188/6170/6138/6203/6122/6159/6133/9045/6141/6194/6206/6156/6130/6233/6204/6146/6168/6207/4736/6134/6208/6176/6128/6210/6173/9349/6222/6137/6193/6202/6209/23521/6143/6136/6727/6205/6187/6234/6223/25873/6124/6169/3921/6171/6227/6224/6230/6142/6158/6157/6235/6132/11224/6726/6147/6232/6231/6144/6218/6139/6155/6731/6181",79,"b0"
"GO:0072599","GO:0072599","establishment of protein localization to endoplasmic reticulum","79/933","124/18866",4.86122106715012e-72,4.04615633489128e-69,3.51798893017443e-69,"6129/6165/6164/6191/6160/6154/6189/6228/6175/6167/6161/6229/6125/6201/6135/6152/6188/6170/6138/6203/6122/6159/6133/9045/6141/6194/6206/6156/6130/6233/6204/6146/6168/6207/4736/6134/6208/6176/6128/6210/6173/9349/6222/6137/6193/6202/6209/23521/6143/6136/6727/6205/6187/6234/6223/25873/6124/6169/3921/6171/6227/6224/6230/6142/6158/6157/6235/6132/11224/6726/6147/6232/6231/6144/6218/6139/6155/6731/6181",79,"b0"
"GO:00709721","GO:0070972","protein localization to endoplasmic reticulum","85/931","152/18866",1.17702826202155e-70,5.6156018381048e-68,4.86918007341545e-68,"6228/6164/6206/6165/6191/6188/6161/6125/6130/6189/6222/6194/6229/6152/6231/6156/6175/25873/6137/4736/6154/6159/6160/6168/6135/6129/6122/9045/6193/6202/6136/6170/6209/6142/6138/6167/6201/6133/6187/6223/6128/6230/6203/6233/6169/6171/6210/6141/6208/6134/6176/6207/3921/6204/6227/6146/23521/9349/6132/6147/6235/11224/6158/6143/6232/6234/6144/6173/6192/6224/6157/6181/6124/6155/6217/6205/6218/6727/6731/6139/6726/7311/10945/23645/11345",85,"b1"
"GO:0070972","GO:0070972","protein localization to endoplasmic reticulum","85/933","152/18866",1.41447514133983e-70,1.0091269794073e-67,8.77399993688239e-68,"6129/6165/6164/6191/6160/6154/6189/6228/6175/6167/6161/6229/6125/6201/6135/6152/6188/6170/6138/6203/6122/6159/6133/9045/6141/6194/6206/6156/6130/6233/6204/6146/6168/6207/4736/6134/6208/6176/6128/6210/6173/9349/6222/6137/6193/9218/6202/6209/23521/6143/6136/6727/6205/6187/6234/6223/25873/6124/6169/3921/6171/6227/6224/6230/6142/6158/57142/6157/6235/6132/11224/6726/6147/6232/6231/6144/6218/6139/23645/6155/6731/10945/11345/55973/6181",85,"b0"
"GO:00190801","GO:0019080","viral gene expression","92/931","195/18866",1.42175944598146e-67,6.16655846979779e-65,5.34690394517431e-65,"6228/6164/6206/6165/6191/6188/6161/6125/6130/6189/6222/6194/6229/6152/6231/6156/6175/25873/6137/4736/6154/6159/6160/6168/6135/6129/6122/9045/6193/6202/6136/6170/6209/6142/6138/6167/6201/6133/6187/6223/6128/6230/6203/6233/6169/6171/6210/6141/6208/6134/6176/6207/3921/6204/6227/6146/23521/9349/6132/6147/6235/11224/6158/6143/64710/6232/6234/6144/6173/6192/6224/3725/6157/6181/6124/51386/6155/6217/6205/8665/8562/6218/8666/5094/8664/51773/6139/6741/7175/7311/5978/5438",92,"b1"
"GO:0019080","GO:0019080","viral gene expression","91/933","195/18866",3.24506416475719e-66,2.02573130484967e-63,1.76130127363466e-63,"6129/5094/6165/6164/6191/6160/51386/6154/6189/6228/6175/6167/6161/6229/6125/6201/6135/6152/6188/6170/6138/6203/6122/6159/6133/9045/6141/6194/8665/6206/6156/6130/6233/6204/6146/6168/6207/4736/6134/6208/8664/6176/6128/6210/6173/8562/9349/6222/6137/6193/6202/6209/23521/6143/6136/6205/6187/6234/5978/6223/25873/6124/6169/3921/6171/6227/6224/6230/6142/6158/6157/6235/6132/11224/6147/6232/6231/6741/6144/6218/6139/6155/8666/51773/7175/64710/2962/3725/22938/1939/6181",91,"b0"
"GO:00190831","GO:0019083","viral transcription","85/931","178/18866",5.37563268883356e-63,2.13726196320207e-60,1.8531786374663e-60,"6228/6164/6206/6165/6191/6188/6161/6125/6130/6189/6222/6194/6229/6152/6231/6156/6175/25873/6137/4736/6154/6159/6160/6168/6135/6129/6122/9045/6193/6202/6136/6170/6209/6142/6138/6167/6201/6133/6187/6223/6128/6230/6203/6233/6169/6171/6210/6141/6208/6134/6176/6207/3921/6204/6227/6146/23521/9349/6132/6147/6235/11224/6158/6143/64710/6232/6234/6144/6173/6192/6224/3725/6157/6181/6124/6155/6217/6205/6218/51773/6139/7175/7311/5978/5438",85,"b1"
"GO:0000956","GO:0000956","nuclear-transcribed mRNA catabolic process","91/933","210/18866",1.23483720851571e-62,6.8519744659194e-60,5.95754793582141e-60,"3646/6129/678/6165/6164/6191/6160/6154/6189/26986/6228/6175/6167/6161/6229/6125/6201/6135/6152/6188/6170/6138/6203/6122/6159/6133/9045/6141/6194/6206/6156/6130/6233/6204/6146/6168/6207/4736/6134/6208/6176/6128/6210/6173/9349/6222/6137/6193/6202/6209/23521/6143/6136/6205/6187/6234/6223/25873/57819/6124/6169/7812/3921/6171/6227/6224/6230/6142/6158/51690/6157/6235/6132/11224/6147/6232/6231/6741/6144/6218/6139/6155/65110/9967/29883/26019/4116/550643/10921/23658/6181",91,"b0"
"GO:0019083","GO:0019083","viral transcription","83/933","178/18866",2.27726245491034e-60,1.13726486998222e-57,9.88811329105804e-58,"6129/6165/6164/6191/6160/6154/6189/6228/6175/6167/6161/6229/6125/6201/6135/6152/6188/6170/6138/6203/6122/6159/6133/9045/6141/6194/6206/6156/6130/6233/6204/6146/6168/6207/4736/6134/6208/6176/6128/6210/6173/9349/6222/6137/6193/6202/6209/23521/6143/6136/6205/6187/6234/5978/6223/25873/6124/6169/3921/6171/6227/6224/6230/6142/6158/6157/6235/6132/11224/6147/6232/6231/6144/6218/6139/6155/51773/7175/64710/2962/3725/22938/6181",83,"b0"
"GO:0006402","GO:0006402","mRNA catabolic process","114/933","376/18866",8.49961350025796e-59,3.85882452911711e-56,3.35511059220709e-56,"3646/4869/328/6129/1153/678/6165/7314/6164/6191/6160/6154/6189/26986/8531/6228/6175/6167/6161/6229/6125/6201/6135/6152/6188/6418/6170/6138/6203/6122/6159/6133/9045/10644/6141/6194/6206/6156/6130/10949/6233/6204/6146/6168/6207/4736/6134/26135/6208/6176/3192/6128/6210/6173/9349/6222/6137/6193/6202/3315/6209/23521/6143/6136/6205/6187/6234/6223/25873/57819/6124/6169/7812/3921/8087/6171/6227/6224/6230/6142/3183/6158/51690/6157/6235/6132/3184/11224/6147/10236/6232/6231/5683/4904/6741/6144/6218/5695/6139/6155/65110/5682/9967/2521/29883/26019/5689/4116/5693/51441/550643/10921/23658/6181",114,"b0"
"GO:0006401","GO:0006401","RNA catabolic process","117/933","415/18866",1.44879813625517e-56,6.02941491038194e-54,5.24236167723911e-54,"3646/4869/328/6129/1153/678/6165/7314/6164/6191/6160/6154/6189/26986/8531/6228/6175/6167/6161/6229/6125/6201/6135/6152/6188/6418/6170/6138/6203/6122/6159/6133/9045/10644/6141/6194/6206/6156/6130/10949/6233/6204/6146/6168/6207/4736/6134/26135/6208/6176/3192/6128/6210/6173/9349/6222/6137/6193/6202/3315/6209/23521/6143/6136/6205/6187/6234/6223/25873/57819/6124/6169/7812/3921/8087/6171/6227/6224/6230/6142/79621/1736/3183/6158/51690/6157/6235/6132/79002/3184/11224/6147/10236/6232/6231/5683/4904/6741/6144/6218/5695/6139/6155/65110/5682/9967/2521/29883/26019/5689/4116/5693/51441/550643/10921/23658/6181",117,"b0"
"GO:00066121","GO:0006612","protein targeting to membrane","84/931","210/18866",1.84065120445622e-54,6.75518992035432e-52,5.85729492592141e-52,"6228/6164/6206/6165/6191/6188/6161/6125/6130/6189/6222/6194/6229/6152/6231/6156/6175/25873/6137/4736/6154/6159/6160/6168/6135/6129/6122/9045/6193/6202/6136/6170/6209/6142/6138/6167/6201/4666/6133/6187/6223/6128/6230/6203/6233/6169/6171/6210/6141/6208/6134/6176/6207/3921/6204/6227/6146/23521/9349/6132/6147/6235/11224/6158/6143/6232/6234/6144/6173/6192/6224/6157/6181/6124/6155/6217/6205/6218/6727/6731/6139/6726/7311/51024",84,"b1"
"GO:0006612","GO:0006612","protein targeting to membrane","84/933","210/18866",2.19241554931898e-54,8.42224865638383e-52,7.32284545825165e-52,"4666/6129/6165/6164/6191/6160/6154/6189/6228/6175/6167/6161/6229/6125/6201/6135/6152/6188/6170/6138/6203/6122/6159/6133/9045/6141/6194/6206/6156/6130/6233/6204/6146/6168/6207/4736/6134/6208/6176/6128/6210/6173/9349/6222/6137/6193/6202/6209/23521/6143/6136/6727/6205/6187/6234/6223/25873/6124/6169/3921/6171/6227/6224/6230/6142/6158/6157/51024/6235/6132/6386/11224/6726/6147/6232/6231/6144/6218/6139/6155/6731/6181/51201/6746",84,"b0"
"GO:00901501","GO:0090150","establishment of protein localization to membrane","100/931","342/18866",5.42356531926203e-50,1.84827358129994e-47,1.60260238381201e-47,"6228/6164/6206/6165/6191/6188/6161/10399/6125/6130/6189/6222/6194/6229/6152/6231/6156/6175/25873/6137/4736/6154/6159/6160/6168/6135/6129/6122/9045/6193/6202/6136/6170/6209/6142/6138/6167/6201/4666/6133/6187/6223/6128/6230/6203/6233/6169/6171/6210/6141/6208/6134/6176/6207/3921/6204/6227/6146/23521/9349/6132/6147/6235/11224/6158/6143/6232/6234/6144/6173/6192/6224/7029/6157/6181/3320/6124/6155/6217/6205/10971/7531/6218/6727/6731/83871/6139/481/26517/6726/7311/23499/51024/26520/9141/56993/51079/163882/140823/6844",100,"b1"
"GO:00066051","GO:0006605","protein targeting","110/931","444/18866",3.92012176716593e-47,1.24686006340991e-44,1.08112831894471e-44,"6228/6164/6206/6165/6191/6188/6161/6125/6130/6189/6222/6194/6229/6152/6231/6156/6175/25873/6137/4736/6154/6159/6160/6168/6135/6129/6122/9045/6193/6202/6136/6170/6209/6142/6138/6167/6201/4666/6133/6187/6223/6128/6230/6203/6233/6169/6171/6210/6141/6208/6134/6176/6207/3921/6204/6227/6146/23521/7314/9349/6132/6147/6235/11224/6158/6143/6232/6234/6144/6173/6192/6224/3329/6157/6181/3320/6124/54741/6155/6217/6205/10971/7531/54543/6218/9804/6727/93974/6731/6139/7322/847/26517/1891/6726/10455/293/7311/131118/3312/51024/9512/8540/26520/373156/9141/665/56993/51079/140823",110,"b1"
"GO:0006605","GO:0006605","protein targeting","109/933","444/18866",3.41219551385042e-46,1.21717888544064e-43,1.05829372140098e-43,"4666/6129/6165/7314/6164/6191/6160/6154/6189/6228/6175/6167/6161/6229/6125/6201/6135/6152/6188/6170/6138/6203/3320/6122/6159/6133/9045/6141/6194/6206/6156/6130/6233/6204/6146/6168/6207/54741/4736/6134/6208/6176/7531/6128/6210/6173/9349/6222/6137/6193/6202/847/6209/23521/6143/6136/6727/6205/6187/6234/6223/25873/665/6124/6169/10971/3921/3329/6171/6227/6224/6230/6142/6158/6157/51024/6235/6132/6386/9804/11224/6726/6147/6232/1891/6231/6144/6218/6139/9512/8031/6155/7322/93974/6731/10455/706/293/4734/23230/26517/26520/59286/27429/25793/3920/6181/51201/6746",109,"b0"
"GO:00021811","GO:0002181","cytoplasmic translation","56/931","103/18866",7.96243152061045e-46,2.37429754905203e-43,2.05870762342099e-43,"6228/6165/6161/6152/6231/6156/6175/25873/4736/6154/6159/6160/6135/6170/6142/6138/6133/3646/6128/6169/6171/6141/6176/3921/6227/6146/23521/6132/6235/6143/1938/6234/8531/6173/1975/1974/8667/51386/200916/10480/8665/8562/7555/8666/8664/27335/6139/51372/51389/8668/2935/1978/7458/51441/1968/8894",56,"b1"
"GO:0090150","GO:0090150","establishment of protein localization to membrane","95/933","342/18866",2.90535497087674e-45,9.67289514970564e-43,8.41023807359057e-43,"7029/10399/4666/6129/6165/6164/6191/6160/6154/6189/6228/6175/6167/6161/6229/6125/6201/6135/6152/6188/6170/6138/6203/3320/6122/6159/6133/9045/6141/6194/6206/6156/6130/6233/6204/6146/6168/6207/4736/6134/6208/6176/7531/6128/6210/6173/9349/6222/6137/6193/6202/23499/6209/23521/6143/6136/6727/6205/6187/6234/6223/25873/6124/6169/10971/3921/6171/6227/6224/6230/6142/83871/6158/6157/51024/6235/6132/6386/11224/6726/6147/6232/6231/6144/6218/6139/6155/6731/8766/26517/26520/6181/51201/673/6746",95,"b0"
"GO:00226131","GO:0022613","ribonucleoprotein complex biogenesis","111/931","482/18866",3.28664767774572e-44,9.22388004148519e-42,7.99784852850816e-42,"6165/6125/6130/6194/4869/6229/6152/6175/4736/6154/6135/6129/6122/9045/6193/6202/6136/6209/3326/6201/6187/6223/3646/6128/6203/6169/6208/6134/3921/6204/6430/6227/23521/29997/6147/11224/6232/6234/51747/1207/11168/1975/27316/51187/6633/3320/8667/10412/51386/6155/401466/6217/7536/57819/6636/26156/10480/10728/8665/6635/285855/5036/8562/6632/55651/6218/8666/51504/5901/708/10521/8664/27335/10659/2971/4809/2091/28987/23451/1654/10153/7520/8683/6634/1736/10772/8668/24148/7458/6631/65008/5591/6059/1968/91746/10528/5728/11103/65003/51065/84365/54433/29081/6637/1653/6426/7514/8886/8894/55035/10946",111,"b1"
"GO:0002181","GO:0002181","cytoplasmic translation","54/933","103/18866",4.88374693722637e-43,1.52433951278178e-40,1.32535895500387e-40,"3646/6165/6160/51386/6154/8531/6228/6175/6161/6135/6152/6170/6138/10480/6159/6133/6141/8665/6156/1938/6146/4736/1975/8664/6176/6128/6173/8562/23521/6143/6234/25873/6169/3921/6171/1974/6227/7458/6142/8667/6235/6132/1968/6231/1973/6139/8666/1939/7555/27335/55854/200916/51441/1978",54,"b0"
"GO:00061192","GO:0006119","oxidative phosphorylation","60/960","149/18866",1.56495148225489e-38,2.79865490076583e-35,2.03553513849785e-35,"4539/4536/4538/517/4535/1327/4512/1329/387/4537/4513/4540/1340/5230/10476/4715/4508/4519/29796/1351/514/10632/4707/4514/1349/27089/7381/4694/4725/521/4709/9551/509/506/10975/513/539/7388/1345/1350/1337/54539/4713/126328/4716/7384/374291/9167/518/7386/4726/515/4697/55967/4696/6392/522/1347/498/4711",60,"b1n"
"GO:00083801","GO:0008380","RNA splicing","100/931","487/18866",2.95801837246991e-35,7.84039203058553e-33,6.79825275076419e-33,"6231/3178/1153/6207/6430/5411/51747/1207/11168/51690/27316/4691/6633/26986/10657/4904/9406/7536/57819/51329/6636/51637/51639/3181/6635/10949/220988/6632/3190/85437/9584/708/10521/6428/5094/3183/8087/4841/9588/6651/80145/4670/10659/9967/3184/4809/10236/4116/9295/23451/10284/8148/8683/10250/83443/6421/6634/10914/6427/284695/3192/3189/10772/27258/2521/8106/3312/24148/5978/3187/9939/6631/23350/6432/4154/91746/23524/5438/55660/22916/51759/22826/3303/27332/9360/23658/27336/3550/6637/1653/6426/10921/10492/3185/6638/1655/55696/55119/10946/6629",100,"b1"
"GO:00003771","GO:0000377","RNA splicing, via transesterification reactions with bulged adenosine as nucleophile","88/931","390/18866",2.37872327021403e-34,5.67444436109557e-32,4.92020129049534e-32,"3178/1153/6430/5411/51747/1207/11168/51690/27316/4691/6633/26986/10657/4904/7536/57819/6636/51639/3181/6635/10949/220988/6632/3190/85437/9584/708/10521/6428/5094/3183/8087/4841/9588/6651/4670/10659/9967/3184/4809/10236/4116/9295/23451/10284/8683/10250/83443/6421/6634/10914/6427/3192/3189/10772/27258/2521/8106/3312/24148/5978/3187/9939/6631/23350/6432/4154/91746/23524/5438/55660/22916/51759/22826/23658/27336/3550/6637/1653/6426/10921/10492/3185/6638/1655/55696/10946/6629",88,"b1"
"GO:00003981","GO:0000398","mRNA splicing, via spliceosome","88/931","390/18866",2.37872327021403e-34,5.67444436109557e-32,4.92020129049534e-32,"3178/1153/6430/5411/51747/1207/11168/51690/27316/4691/6633/26986/10657/4904/7536/57819/6636/51639/3181/6635/10949/220988/6632/3190/85437/9584/708/10521/6428/5094/3183/8087/4841/9588/6651/4670/10659/9967/3184/4809/10236/4116/9295/23451/10284/8683/10250/83443/6421/6634/10914/6427/3192/3189/10772/27258/2521/8106/3312/24148/5978/3187/9939/6631/23350/6432/4154/91746/23524/5438/55660/22916/51759/22826/23658/27336/3550/6637/1653/6426/10921/10492/3185/6638/1655/55696/10946/6629",88,"b1"
"GO:00003751","GO:0000375","RNA splicing, via transesterification reactions","88/931","393/18866",4.44201180384473e-34,1.0091827769592e-31,8.75042926772421e-32,"3178/1153/6430/5411/51747/1207/11168/51690/27316/4691/6633/26986/10657/4904/7536/57819/6636/51639/3181/6635/10949/220988/6632/3190/85437/9584/708/10521/6428/5094/3183/8087/4841/9588/6651/4670/10659/9967/3184/4809/10236/4116/9295/23451/10284/8683/10250/83443/6421/6634/10914/6427/3192/3189/10772/27258/2521/8106/3312/24148/5978/3187/9939/6631/23350/6432/4154/91746/23524/5438/55660/22916/51759/22826/23658/27336/3550/6637/1653/6426/10921/10492/3185/6638/1655/55696/10946/6629",88,"b1"
"GO:0022613","GO:0022613","ribonucleoprotein complex biogenesis","96/933","482/18866",1.19569890440993e-32,3.51254136977836e-30,3.05402970940618e-30,"3646/51747/4869/6129/6165/6430/51386/6154/6175/1207/6229/6125/6201/6135/6152/10480/6203/3320/6122/3326/9045/6194/8665/10521/6130/11168/27316/6204/4736/6134/29997/1975/6635/6208/8664/10412/6128/8562/10728/6193/6202/6209/23521/6136/6187/6234/6223/2752/57819/6169/3921/51187/401466/6227/7458/5036/1736/8667/6633/285855/7536/10659/6431/1968/1654/26156/11224/6147/7520/6232/6632/8683/6218/10856/23451/6155/11052/708/8666/3692/2091/5728/51504/51065/6631/1939/27335/10772/24148/6636/5901/83939/9169/11056/10181/51729",96,"b0"
"GO:00718261","GO:0071826","ribonucleoprotein complex subunit organization","67/931","240/18866",2.68405909299251e-32,5.82074815121238e-30,5.04705848586629e-30,"6125/6152/6175/6135/6122/6193/6136/6209/3326/6223/3646/6128/6169/6208/6134/3921/6204/6430/23521/29997/6147/6232/6234/51747/1207/11168/1975/27316/51187/6633/3320/8667/51386/7536/57819/6636/10480/10728/8665/6635/8562/6632/8666/8664/27335/10659/4809/23451/7520/8683/6634/10772/8668/24148/7458/79752/6631/5591/1968/91746/65003/51065/6637/1653/6426/8894/10946",67,"b1"
"GO:00226181","GO:0022618","ribonucleoprotein complex assembly","66/931","233/18866",3.00450930578279e-32,6.23239734690856e-30,5.40399156600748e-30,"6125/6152/6175/6135/6122/6193/6136/6209/3326/6223/3646/6128/6169/6208/6134/3921/6204/6430/23521/29997/6147/6232/6234/51747/1207/11168/1975/27316/51187/6633/3320/8667/51386/7536/57819/6636/10480/10728/8665/6635/8562/6632/8666/8664/27335/10659/4809/23451/7520/8683/6634/10772/8668/24148/7458/6631/5591/1968/91746/65003/51065/6637/1653/6426/8894/10946",66,"b1"
"GO:00066142","GO:0006614","SRP-dependent cotranslational protein targeting to membrane","47/960","105/18866",5.76402526828411e-33,7.73099889108607e-30,5.62295833408664e-30,"6158/6203/7311/6209/6129/9349/6170/6229/6167/6165/6160/6135/6159/6143/6169/6207/6205/6168/6146/6136/6181/6132/6155/6208/6164/6154/6142/6161/11224/25873/6192/6128/6201/6234/6224/6124/6231/6152/6137/6141/6176/6202/6727/6171/6222/6156/6133",47,"b1n"
"GO:00064132","GO:0006413","translational initiation","61/960","192/18866",2.93212729343692e-32,3.14617258585782e-29,2.28829386879383e-29,"26986/6158/6203/7311/6209/6129/9349/27335/6170/6229/5610/6167/6165/23645/6160/6135/6159/6143/6169/8666/6256/6207/6205/6168/6146/6136/6181/8667/317649/6132/8661/6155/6208/6164/6154/84919/6142/6161/3646/1654/11224/25873/6192/6128/6201/6234/6224/6124/6231/6152/6137/6141/1973/6176/10657/6202/6171/6222/1982/6156/6133",61,"b1n"
"GO:00066132","GO:0006613","cotranslational protein targeting to membrane","47/960","109/18866",4.72981431976041e-32,4.22924230425243e-29,3.07603889181611e-29,"6158/6203/7311/6209/6129/9349/6170/6229/6167/6165/6160/6135/6159/6143/6169/6207/6205/6168/6146/6136/6181/6132/6155/6208/6164/6154/6142/6161/11224/25873/6192/6128/6201/6234/6224/6124/6231/6152/6137/6141/6176/6202/6727/6171/6222/6156/6133",47,"b1n"
"GO:00064022","GO:0006402","mRNA catabolic process","84/960","376/18866",1.64907614289665e-31,1.26389907237722e-28,9.19266956649305e-29,"7431/26986/7538/6158/3192/6556/7529/8021/6203/5688/8531/7311/6209/5691/6129/9349/22803/6170/6093/4904/5685/1432/6229/3183/6050/6167/7316/6165/6160/6135/6159/6143/6169/6207/6205/6168/6146/6136/5720/6741/6181/5682/6132/7812/8125/6155/6208/6164/6154/6142/131870/6161/3646/4615/11224/25873/9698/677/6192/6128/7534/5689/6201/5713/6234/3184/192670/6224/6124/6231/6152/6137/5694/6141/5710/6176/5721/6202/6171/6222/678/5692/6156/6133",84,"b1n"
"GO:00064012","GO:0006401","RNA catabolic process","88/960","415/18866",3.57480718491171e-31,2.39735506838142e-28,1.74365924137733e-28,"7431/6036/26986/7538/6158/3192/6556/7529/8021/6203/5688/8531/7311/6209/5691/4939/6129/9349/22803/6170/6093/4904/5685/1432/6229/3183/6050/6167/7316/6165/6160/6135/6159/6143/7133/6169/6207/6205/6168/6146/6136/5720/6741/6181/5682/6132/7812/8125/6155/6208/6164/6154/6142/131870/6161/3646/4615/11224/25873/9698/677/6192/6128/7534/5689/6201/5713/6234/3184/192670/6224/6124/6231/6152/6137/5694/6141/81892/5710/6176/5721/6202/6171/6222/678/5692/6156/6133",88,"b1n"
"GO:00001842","GO:0000184","nuclear-transcribed mRNA catabolic process, nonsense-mediated decay","48/960","120/18866",7.00419584094432e-31,4.17527896518514e-28,3.03678993945972e-28,"26986/6158/6203/7311/6209/6129/9349/6170/6229/6167/6165/6160/6135/6159/6143/6169/6207/6205/6168/6146/6136/6181/6132/6155/6208/6164/6154/6142/6161/3646/11224/25873/6192/6128/6201/6234/6224/6124/6231/6152/6137/6141/6176/6202/6171/6222/6156/6133",48,"b1n"
"GO:0071826","GO:0071826","ribonucleoprotein complex subunit organization","65/933","240/18866",1.87230234089222e-30,5.19459882800874e-28,4.51651880478386e-28,"3646/51747/6430/51386/6175/1207/6125/6135/6152/10480/3320/6122/3326/8665/11168/27316/6204/6134/29997/1975/6635/6208/8664/6128/8562/10728/6193/6209/23521/6136/6234/6223/57819/6169/3921/51187/7458/8667/6633/7536/10659/6431/1968/6147/7520/6232/6632/8683/10856/23451/11052/8666/3692/51065/79752/6631/1939/27335/10772/24148/6636/3799/9169/7415/10181",65,"b0"
"GO:00709722","GO:0070972","protein localization to endoplasmic reticulum","53/960","152/18866",1.88391415481724e-30,1.01071994405945e-27,7.35123133885002e-28,"6158/6203/57142/7311/6209/6129/10890/9349/6170/6229/6167/6165/23645/6160/6135/6159/6143/6169/6207/6205/6168/6146/6136/6181/6132/9218/6155/6208/6164/6154/10956/120892/6142/6161/11224/25873/6192/6128/6201/6234/6224/6124/6231/6152/6137/6141/6176/6202/6727/6171/6222/6156/6133",53,"b1n"
"GO:00725992","GO:0072599","establishment of protein localization to endoplasmic reticulum","48/960","124/18866",4.21422139947635e-30,2.05539070983551e-27,1.49493959118266e-27,"6158/6203/7311/6209/6129/10890/9349/6170/6229/6167/6165/6160/6135/6159/6143/6169/6207/6205/6168/6146/6136/6181/6132/6155/6208/6164/6154/6142/6161/11224/25873/6192/6128/6201/6234/6224/6124/6231/6152/6137/6141/6176/6202/6727/6171/6222/6156/6133",48,"b1n"
"GO:00061191","GO:0006119","oxidative phosphorylation","51/931","149/18866",1.56412654480646e-29,3.1093532271965e-27,2.69606022854797e-27,"517/4537/4508/1350/4519/4514/30968/4538/4540/522/7381/509/4539/7388/4725/4536/539/506/7385/4717/513/518/4535/4513/1340/498/4697/1327/4710/4705/9167/4512/10632/1347/4712/7386/4729/4716/54205/1345/4724/4711/521/51079/126328/1337/4714/29796/4698/515/54539",51,"b1"
"GO:00450472","GO:0045047","protein targeting to ER","47/960","120/18866",9.02246958768017e-30,4.03379577815868e-27,2.9338855053974e-27,"6158/6203/7311/6209/6129/9349/6170/6229/6167/6165/6160/6135/6159/6143/6169/6207/6205/6168/6146/6136/6181/6132/6155/6208/6164/6154/6142/6161/11224/25873/6192/6128/6201/6234/6224/6124/6231/6152/6137/6141/6176/6202/6727/6171/6222/6156/6133",47,"b1n"
"GO:00460342","GO:0046034","ATP metabolic process","74/960","311/18866",1.00432158457677e-29,4.14475792404182e-27,3.01459118544622e-27,"706/2597/4539/2023/4536/4538/517/4535/8021/1327/5315/5223/4512/3939/1329/387/4537/7167/4513/4540/1340/5230/10476/4715/4508/3091/4519/29796/1351/514/10632/4707/4514/1349/27089/7381/4694/4725/521/4709/9551/509/506/10975/513/539/7388/1345/1350/1337/54539/4713/126328/4716/7384/374291/9167/7114/518/7386/4726/65220/515/4697/6774/55967/4696/83440/6392/522/523/1347/498/4711",74,"b1n"
"GO:0008380","GO:0008380","RNA splicing","92/933","487/18866",1.83961866370664e-29,4.8352924245005e-27,4.20411467467583e-27,"51747/5411/3178/5094/1153/6430/26986/1207/9588/10521/11168/10949/27316/6207/6421/6635/3192/9406/3190/4691/10657/4841/5978/284695/51637/57819/8087/25949/3181/51639/6428/85437/3183/51690/11100/9584/6633/7536/10284/10659/6431/55660/3184/6427/220988/10236/8106/6231/9295/83443/6434/6632/8683/4904/51329/23451/708/56259/58517/23524/3185/9967/2962/22938/54407/2521/6631/10250/10772/24148/283742/6636/6625/4116/6651/7072/59286/9169/27336/3189/4154/10992/10921/5093/23658/51503/10181/10915/27332/9541/51729/3550",92,"b0"
"GO:0000377","GO:0000377","RNA splicing, via transesterification reactions with bulged adenosine as nucleophile","81/933","390/18866",6.08469526420684e-29,1.44699848330709e-26,1.25811368244878e-26,"51747/5411/3178/5094/1153/6430/26986/1207/9588/10521/11168/10949/27316/6421/6635/3192/3190/4691/10657/4841/5978/57819/8087/25949/3181/51639/6428/85437/3183/51690/11100/9584/6633/7536/10284/10659/6431/55660/3184/6427/220988/10236/8106/9295/83443/6434/6632/8683/4904/23451/708/56259/58517/23524/3185/9967/2962/22938/2521/6631/10250/10772/24148/6636/6625/4116/6651/7072/59286/9169/27336/3189/4154/10992/10921/5093/23658/51503/10181/51729/3550",81,"b0"
"GO:0000398","GO:0000398","mRNA splicing, via spliceosome","81/933","390/18866",6.08469526420684e-29,1.44699848330709e-26,1.25811368244878e-26,"51747/5411/3178/5094/1153/6430/26986/1207/9588/10521/11168/10949/27316/6421/6635/3192/3190/4691/10657/4841/5978/57819/8087/25949/3181/51639/6428/85437/3183/51690/11100/9584/6633/7536/10284/10659/6431/55660/3184/6427/220988/10236/8106/9295/83443/6434/6632/8683/4904/23451/708/56259/58517/23524/3185/9967/2962/22938/2521/6631/10250/10772/24148/6636/6625/4116/6651/7072/59286/9169/27336/3189/4154/10992/10921/5093/23658/51503/10181/51729/3550",81,"b0"
"GO:00427752","GO:0042775","mitochondrial ATP synthesis coupled electron transport","42/960","97/18866",7.35660978083149e-29,2.81915796244007e-26,2.05044755319867e-26,"4539/4536/4538/4535/1327/4512/1329/4537/4513/4540/1340/4715/4519/29796/1351/4707/4514/1349/27089/7381/4694/4725/4709/10975/7388/1345/1350/1337/54539/4713/126328/4716/7384/374291/9167/7386/4726/4697/55967/4696/6392/4711",42,"b1n"
"GO:0000375","GO:0000375","RNA splicing, via transesterification reactions","81/933","393/18866",1.0598703890338e-28,2.40590578310674e-26,2.0918494520404e-26,"51747/5411/3178/5094/1153/6430/26986/1207/9588/10521/11168/10949/27316/6421/6635/3192/3190/4691/10657/4841/5978/57819/8087/25949/3181/51639/6428/85437/3183/51690/11100/9584/6633/7536/10284/10659/6431/55660/3184/6427/220988/10236/8106/9295/83443/6434/6632/8683/4904/23451/708/56259/58517/23524/3185/9967/2962/22938/2521/6631/10250/10772/24148/6636/6625/4116/6651/7072/59286/9169/27336/3189/4154/10992/10921/5093/23658/51503/10181/51729/3550",81,"b0"
"GO:0022618","GO:0022618","ribonucleoprotein complex assembly","62/933","233/18866",1.26380634181067e-28,2.74410820478368e-26,2.38590442103844e-26,"3646/51747/6430/51386/6175/1207/6125/6135/6152/10480/3320/6122/3326/8665/11168/27316/6204/6134/29997/1975/6635/6208/8664/6128/8562/10728/6193/6209/23521/6136/6234/6223/57819/6169/3921/51187/7458/8667/6633/7536/10659/6431/1968/6147/7520/6232/6632/8683/10856/23451/11052/8666/3692/51065/6631/1939/27335/10772/24148/6636/9169/10181",62,"b0"
"GO:00427732","GO:0042773","ATP synthesis coupled electron transport","42/960","98/18866",1.226005531227e-28,4.38501311668859e-26,3.18933509070772e-26,"4539/4536/4538/4535/1327/4512/1329/4537/4513/4540/1340/4715/4519/29796/1351/4707/4514/1349/27089/7381/4694/4725/4709/10975/7388/1345/1350/1337/54539/4713/126328/4716/7384/374291/9167/7386/4726/4697/55967/4696/6392/4711",42,"b1n"
"GO:00066052","GO:0006605","protein targeting","87/960","444/18866",3.41779273043919e-28,1.14602862492539e-25,8.33536687614348e-26,"706/6386/3689/6158/1191/7529/6203/3920/7321/665/7311/847/253832/3684/6209/6129/653361/293/4666/7323/9349/6170/6229/3320/6167/7316/5873/6165/51100/59286/6160/140823/6135/6159/6143/6169/6207/6205/6168/6146/6136/6181/6132/5621/6155/6208/6164/6154/64422/1891/7879/10956/120892/6142/6161/7531/11224/25873/6192/6128/11261/7534/51762/6201/6234/6224/6124/6231/6152/6137/373156/6141/54741/6176/6342/6202/6727/6171/7532/4924/3417/6222/8031/7332/26521/6156/6133",87,"b1n"
"GO:00422541","GO:0042254","ribosome biogenesis","70/931","310/18866",1.71819333036908e-27,3.27900015167635e-25,2.84315780562125e-25,"6165/6125/6130/6194/4869/6229/6152/6175/4736/6154/6135/6129/6122/9045/6193/6202/6136/6209/6201/6187/6223/6128/6203/6169/6208/6134/3921/6204/6227/29997/6147/11224/6232/6234/51187/10412/6155/401466/6217/26156/285855/5036/55651/6218/51504/5901/708/10521/2971/4809/2091/28987/1654/10153/7520/1736/65008/5591/6059/10528/5728/11103/65003/51065/84365/54433/29081/7514/8886/55035",70,"b1"
"GO:00229042","GO:0022904","respiratory electron transport chain","44/960","116/18866",2.95321299263055e-27,9.31999276791936e-25,6.77867527162938e-25,"4539/4536/4538/4535/1327/4512/1329/4537/4513/4540/1340/4715/4519/29796/1351/4707/4514/1349/27089/7381/4694/4725/4709/10975/7388/1345/1350/2109/1337/54539/4713/126328/4716/7384/374291/9167/7386/4726/6390/4697/55967/4696/6392/4711",44,"b1n"
"GO:00190802","GO:0019080","viral gene expression","56/960","195/18866",3.5131692943199e-27,1.04711962577924e-24,7.61597577429467e-25,"3725/10410/7538/6158/8021/6203/7311/6209/6129/9349/6170/6229/6167/6165/5441/6160/6135/6159/6143/6169/8666/6207/6205/6168/6146/6136/6741/5094/6181/6132/8661/6155/6208/6164/6154/6142/6161/11224/25873/6192/6128/6201/6234/6224/6124/6231/6152/6137/6141/6176/6202/6171/81603/6222/6156/6133",56,"b1n"
"GO:00066122","GO:0006612","protein targeting to membrane","57/960","210/18866",2.9501124450395e-26,8.33018593033522e-24,6.0587627887875e-24,"6386/3689/6158/6203/7311/253832/3684/6209/6129/653361/4666/9349/6170/6229/6167/6165/6160/6135/6159/6143/6169/6207/6205/6168/6146/6136/6181/6132/5621/6155/6208/6164/6154/64422/6142/6161/11224/25873/6192/6128/11261/51762/6201/6234/6224/6124/6231/6152/6137/6141/6176/6202/6727/6171/6222/6156/6133",57,"b1n"
"GO:00229002","GO:0022900","electron transport chain","53/960","184/18866",7.43156573451384e-26,1.99351750828334e-23,1.44993758830752e-23,"4539/4688/4536/4538/4535/1536/1327/4512/2745/83442/1329/4537/4513/4540/1340/4715/4835/4519/653361/29796/1351/4707/4514/1349/27089/7381/4694/4725/4709/1535/10975/7388/1345/1350/2109/1337/54539/4713/126328/4716/7384/374291/9167/7386/4726/6390/4697/55967/217/4696/6392/1347/4711",53,"b1n"
"GO:00190832","GO:0019083","viral transcription","52/960","178/18866",1.03606085966762e-25,2.6468888152937e-23,1.92515168260043e-23,"3725/10410/7538/6158/8021/6203/7311/6209/6129/9349/6170/6229/6167/6165/5441/6160/6135/6159/6143/6169/6207/6205/6168/6146/6136/6181/6132/6155/6208/6164/6154/6142/6161/11224/25873/6192/6128/6201/6234/6224/6124/6231/6152/6137/6141/6176/6202/6171/81603/6222/6156/6133",52,"b1n"
"GO:19033111","GO:1903311","regulation of mRNA metabolic process","71/931","344/18866",2.35890473136798e-25,4.32859018206024e-23,3.7532370827029e-23,"4869/3178/6233/1153/6430/7314/8531/678/3315/6418/27316/4691/328/26986/10657/4904/26135/7536/3181/10949/3190/9584/708/10521/6428/3183/8087/9588/6651/4670/10659/9967/3184/10236/4116/7311/10284/8148/5720/8683/10914/6427/3192/10772/2521/10644/8106/3312/5978/51441/9939/5689/6432/4154/91746/7431/29883/22916/51759/5700/3303/5693/23112/5682/3550/6426/7514/10921/10492/1655/79811",71,"b1"
"GO:00901502","GO:0090150","establishment of protein localization to membrane","70/960","342/18866",5.27184167916434e-24,1.2856104822144e-21,9.35058234672833e-22,"6386/3689/6158/10791/7529/6203/11031/7311/253832/3684/196383/6209/6129/10890/653361/4666/9349/6170/6229/3320/6167/6165/6160/10399/140823/6135/6159/6143/6169/6207/6205/6168/6146/6136/6181/6132/5621/6155/6208/6164/6154/64422/6142/6161/7531/63971/11224/25873/6192/6128/11261/7534/51762/6201/6234/6224/6124/6231/6152/6137/6141/6176/6202/6727/6171/7532/6222/6249/6156/6133",70,"b1n"
"GO:00427751","GO:0042775","mitochondrial ATP synthesis coupled electron transport","37/931","97/18866",1.10086569942726e-23,1.94527046369164e-21,1.68670651023357e-21,"4537/1350/4519/4514/4538/4540/7381/4539/7388/4725/4536/7385/4717/4535/4513/1340/4697/1327/4710/4705/9167/4512/4712/7386/4729/4716/54205/1345/4724/4711/51079/126328/1337/4714/29796/4698/54539",37,"b1"
"GO:00009562","GO:0000956","nuclear-transcribed mRNA catabolic process","54/960","210/18866",1.06261037373116e-23,2.4786541978555e-21,1.80279023131414e-21,"26986/7538/6158/6203/7311/6209/6129/9349/22803/6170/6229/6167/6165/6160/6135/6159/6143/6169/6207/6205/6168/6146/6136/6741/6181/6132/7812/6155/6208/6164/6154/6142/6161/3646/11224/25873/677/6192/6128/6201/6234/6224/6124/6231/6152/6137/6141/6176/6202/6171/6222/678/6156/6133",54,"b1n"
"GO:00427731","GO:0042773","ATP synthesis coupled electron transport","37/931","98/18866",1.68676488249908e-23,2.87412687657253e-21,2.49209999557194e-21,"4537/1350/4519/4514/4538/4540/7381/4539/7388/4725/4536/7385/4717/4535/4513/1340/4697/1327/4710/4705/9167/4512/4712/7386/4729/4716/54205/1345/4724/4711/51079/126328/1337/4714/29796/4698/54539",37,"b1"
"GO:0006119","GO:0006119","oxidative phosphorylation","45/933","149/18866",1.40066726944077e-23,2.91455514316133e-21,2.53410196773823e-21,"517/4537/506/7388/7385/7381/509/4538/9167/4536/4508/4519/4724/1350/539/4697/4512/4535/4540/1340/4514/1327/498/4698/4513/10632/522/518/4539/4725/4707/1347/9377/30968/4711/11315/513/4722/7415/515/27089/4723/4717/4436/387",45,"b0"
"GO:00460341","GO:0046034","ATP metabolic process","64/931","311/18866",7.04531346252951e-23,1.15907553550787e-20,1.00501204746791e-20,"517/4537/4508/1350/142/4519/2023/4514/30968/4538/3939/26137/4540/522/7381/509/4539/7388/93974/2597/4725/4536/539/506/7385/4717/481/513/518/4535/4513/7175/7167/1340/498/4697/195827/1327/3312/4710/4705/9167/4512/10632/29789/1347/4712/7386/4729/4716/54205/1345/3303/4724/4711/521/51079/126328/1337/4714/29796/4698/515/54539",64,"b1"
"GO:00453332","GO:0045333","cellular respiration","50/960","187/18866",7.42588475379142e-23,1.65999465433712e-20,1.20735766589056e-20,"4539/4536/4538/4535/2647/1327/4512/1329/4537/4513/4540/1340/847/4715/3091/4519/29796/1351/4707/4514/1349/27089/7381/27166/4694/4725/4709/10975/513/7388/1345/1350/2109/1337/54539/4713/126328/4716/7384/374291/9167/7386/4726/6390/4697/55967/4696/3417/6392/4711",50,"b1n"
"GO:00229041","GO:0022904","respiratory electron transport chain","39/931","116/18866",1.51485999439928e-22,2.40913234442632e-20,2.08891220280321e-20,"4537/1350/4519/4514/4538/4540/7381/4539/7388/4725/4536/7385/4717/4535/144363/4513/1340/4697/1327/4710/4705/9167/4512/4712/7386/4729/4716/54205/1345/4724/4711/51079/126328/1337/4714/29796/4698/54539/91942",39,"b1"
"GO:00434841","GO:0043484","regulation of RNA splicing","44/931","156/18866",8.56413239727276e-22,1.31804760217382e-19,1.14285366116407e-19,"6231/3178/1153/6207/6430/27316/4691/10657/7536/3181/3190/9584/708/10521/6428/8087/9588/6651/10659/9967/4116/10284/8683/6427/284695/3192/3189/10772/2521/3312/5978/3187/9939/6432/4154/91746/51759/3303/3550/6426/10921/3185/1655/55696",44,"b1"
"GO:19026002","GO:1902600","proton transmembrane transport","45/960","159/18866",8.59846481179028e-22,1.84523054861019e-19,1.34208459188659e-19,"4538/517/1327/4512/1329/533/4513/4540/1340/10476/4508/4519/8992/9114/1351/514/10632/4514/9296/1349/521/5250/9551/509/506/513/539/1345/1350/1337/9550/10312/11261/374291/9167/7114/518/515/81/4697/537/522/523/1347/498",45,"b1n"
"GO:00422731","GO:0042273","ribosomal large subunit biogenesis","30/931","74/18866",2.33688798840579e-20,3.48415393521376e-18,3.02104269553775e-18,"6165/6125/6130/4869/6152/6175/4736/6154/6135/6129/6122/9045/6136/6128/6169/6134/29997/6147/11224/51187/10412/26156/285855/55651/2971/4809/65008/65003/84365/8886",30,"b1"
"GO:0043484","GO:0043484","regulation of RNA splicing","42/933","156/18866",5.53370331333365e-20,1.10541257387153e-17,9.61116891263214e-18,"3178/1153/6430/9588/10521/27316/6207/3192/3190/4691/10657/5978/284695/8087/3181/6428/9584/7536/10284/10659/6431/6427/6231/6434/8683/708/58517/3185/9967/22938/54407/2521/10772/6625/4116/6651/7072/3189/4154/10921/10181/3550",42,"b0"
"GO:00064171","GO:0006417","regulation of translation","73/931","450/18866",1.42151643117576e-19,2.05516814943622e-17,1.78199667448827e-17,"6191/6188/10399/6125/4869/6156/6154/6659/3646/6203/1153/6169/6208/6134/6176/23521/1938/8531/678/3315/1975/4691/10209/1974/8667/26986/5610/10657/4904/5036/7555/708/51247/8087/8664/2597/1019/27335/3184/10236/4116/65110/6726/7175/1654/10289/10644/811/23645/1612/2935/2058/1978/7458/9669/1984/51441/3609/9939/5591/468/1968/7431/29883/27230/22916/4848/4076/23112/51065/29081/1653/10492",73,"b1"
"GO:00229001","GO:0022900","electron transport chain","45/931","184/18866",1.53592385277144e-19,2.15526255928604e-17,1.86878660724203e-17,"4537/1350/4519/4514/4538/4540/7381/4539/7388/4725/4536/7385/10327/4717/128/26227/4535/144363/4513/1340/4697/1327/2230/8574/4710/4705/9167/4512/1347/4712/7386/4729/4716/54205/1345/4724/4711/51079/126328/1337/4714/29796/4698/54539/91942",45,"b1"
"GO:00453331","GO:0045333","cellular respiration","45/931","187/18866",3.05922969033577e-19,4.17016710074056e-17,3.61587148361491e-17,"29997/4537/1350/4519/4514/4538/4540/7381/4539/7388/4725/4536/7385/4717/847/513/4535/144363/4513/1340/4697/1327/4710/4705/9167/4512/4712/7386/4729/4716/54205/1345/4724/4711/51079/126328/1337/8802/4714/4190/29796/4698/54539/91942/4191",45,"b1"
"GO:00480241","GO:0048024","regulation of mRNA splicing, via spliceosome","35/931","113/18866",4.70143628463109e-19,6.2307090316597e-17,5.40252766040941e-17,"3178/1153/6430/27316/4691/10657/7536/3181/3190/9584/708/10521/6428/8087/9588/6651/10659/9967/4116/10284/8683/6427/3192/10772/3312/5978/9939/6432/4154/91746/51759/3550/6426/10921/1655",35,"b1"
"GO:0048024","GO:0048024","regulation of mRNA splicing, via spliceosome","35/933","113/18866",5.03264538812979e-19,9.66655041089236e-17,8.40472154900217e-17,"3178/1153/6430/9588/10521/27316/3192/3190/4691/10657/5978/8087/3181/6428/9584/7536/10284/10659/6431/6427/6434/8683/708/58517/9967/22938/10772/6625/4116/6651/7072/4154/10921/10181/3550",35,"b0"
"GO:00422551","GO:0042255","ribosome assembly","27/931","67/18866",2.24691843187406e-18,2.89731022661382e-16,2.51220183136986e-16,"6125/4869/6152/6175/6135/6122/6193/6136/6209/6223/6128/6169/6208/6134/3921/6204/29997/6147/6232/6234/51187/708/1654/7520/5591/65003/51065",27,"b1"
"GO:1903311","GO:1903311","regulation of mRNA metabolic process","61/933","344/18866",2.05328580240726e-18,3.79781825823032e-16,3.30206781088887e-16,"4869/3178/328/1153/678/6430/7314/26986/8531/6418/10644/9588/10521/10949/27316/6233/26135/3192/3190/3315/4691/10657/5978/8087/3181/6428/3183/9584/7536/10284/10659/6431/3184/6427/10236/8106/6434/5683/8683/4904/5695/11052/708/5682/58517/9967/22938/2521/29883/5689/10772/6625/4116/6651/5693/7072/51441/4154/10921/10181/3550",61,"b0"
"GO:0042255","GO:0042255","ribosome assembly","27/933","67/18866",2.37271967421326e-18,4.23191501893608e-16,3.6794994947856e-16,"4869/6175/6125/6135/6152/6122/6204/6134/29997/6208/6128/6193/6209/6136/6234/6223/6169/3921/51187/1654/6147/7520/6232/708/3692/51065/83939",27,"b0"
"GO:0042254","GO:0042254","ribosome biogenesis","57/933","310/18866",4.90372698126302e-18,8.44455604980259e-16,7.34224094290743e-16,"4869/6129/6165/6154/6175/6229/6125/6201/6135/6152/6203/6122/9045/6194/10521/6130/6204/4736/6134/29997/6208/10412/6128/6193/6202/6209/6136/6187/6234/6223/2752/6169/3921/51187/401466/6227/5036/1736/285855/1654/26156/11224/6147/7520/6232/6218/6155/708/3692/2091/5728/51504/51065/5901/83939/11056/51729",57,"b0"
"GO:00506841","GO:0050684","regulation of mRNA processing","39/931","152/18866",6.920913621283e-18,8.68938918082663e-16,7.53440180931917e-16,"3178/1153/6430/27316/4691/10657/7536/3181/3190/9584/708/10521/6428/8087/9588/6651/10659/9967/4116/10284/8683/10914/6427/3192/10772/8106/3312/5978/9939/6432/4154/91746/22916/51759/3550/6426/10921/1655/79811",39,"b1"
"GO:0046034","GO:0046034","ATP metabolic process","57/933","311/18866",5.72696452320661e-18,9.5334869429646e-16,8.28902759937799e-16,"517/2023/26137/3939/4537/506/7388/7385/29789/2597/7381/509/4538/9167/4536/4508/4519/4724/1350/539/4697/4512/4535/4540/1340/4514/1327/498/4698/4513/7175/10632/142/93974/522/3692/518/706/4539/4725/4707/7167/1347/9377/30968/4711/11315/513/4722/204/7415/515/27089/4723/4717/4436/387",57,"b0"
"GO:0019882","GO:0019882","antigen processing and presentation","49/960","232/18866",9.69894836239976e-18,2.00134069093364e-15,1.45562759430834e-15,"1509/1520/4688/29108/5660/6556/948/10875/1536/10288/5688/2207/968/55016/2209/5691/7454/10890/653361/1512/1211/5685/3106/1175/830/5873/8673/1535/5720/829/5682/3105/832/8905/821/7879/3107/51762/5689/5713/5694/5710/5721/10981/6892/4689/5692/2923/375",49,"b1n"
"GO:00159802","GO:0015980","energy derivation by oxidation of organic compounds","54/960","278/18866",1.04591912716394e-17,2.07828004342019e-15,1.5115876040533e-15,"4539/4536/4538/4535/8660/2647/1327/4512/1329/4537/4513/4540/1340/847/4715/3091/4519/29796/1351/4707/4514/1349/27089/7381/27166/4694/4725/5836/4709/10975/513/5500/7388/1345/1350/2109/1337/54539/4713/2548/126328/4716/7384/374291/9167/7386/4726/6390/4697/55967/4696/3417/6392/4711",54,"b1n"
"GO:00064031","GO:0006403","RNA localization","48/931","236/18866",3.08832521103048e-17,3.77805117482729e-15,3.27587532506067e-15,"4869/3178/6209/6430/10657/4904/7203/10576/51637/3181/10575/55651/10694/9804/5901/6428/10574/80145/4116/9295/6741/2091/6950/65110/7175/8683/10250/908/6421/6427/1736/3192/10644/8106/22948/24148/1984/56943/9939/6059/6432/91746/22916/29074/6426/7514/10921/84248",48,"b1"
"GO:00021812","GO:0002181","cytoplasmic translation","32/960","103/18866",3.40138106788545e-17,6.51728908185908e-15,4.74019534535765e-15,"5315/7555/8531/27335/6170/6165/6160/6135/6159/6143/6169/8666/6146/8667/6132/8661/6154/6142/6161/3646/25873/6128/6234/6231/6152/6141/1973/6176/1938/6171/6156/6133",32,"b1n"
"GO:0034341","GO:0034341","response to interferon-gamma","44/960","202/18866",1.374733379839e-16,2.54325675270215e-14,1.84977736445124e-14,"2597/7431/199/960/10410/10097/6556/3965/3460/10581/71/998/4502/7099/834/6813/2209/9021/7454/3055/5724/4939/4940/4938/7791/83666/684/3106/3459/54625/9111/10096/8638/140885/7097/2634/3105/3107/6772/2633/10346/81603/3799/6672",44,"b1n"
"GO:00096151","GO:0009615","response to virus","59/960","349/18866",2.84178723473743e-16,5.08206283812211e-14,3.69631764181462e-14,"6036/2537/11213/2023/10410/29108/1191/1072/5788/10561/200315/10875/4600/3965/5359/2268/10964/3460/10581/25939/1130/665/4599/9958/3428/4939/4940/4938/83666/684/1432/9636/3459/5610/3429/3437/3434/10577/8638/7178/6773/5094/10542/151636/103/7128/22948/6772/1654/2316/9698/340061/114548/10521/51311/91543/2633/10346/375",59,"b1n"
"GO:0006909","GO:0006909","phagocytosis","62/960","382/18866",3.64260544899711e-16,6.30405749479661e-14,4.58510641746427e-14,"301/199/2219/929/4688/29108/3689/7305/60/10097/5788/6556/948/64581/5879/391/2268/11031/2207/10094/4035/71/998/1130/64005/9936/5175/7099/3684/5728/2209/4067/7454/3055/10092/22918/8291/3071/2885/2212/3320/10109/5873/10096/10399/140885/7097/6850/1535/11151/10095/64422/4627/7879/3949/3385/4615/10960/10163/4689/23191/10093",62,"b1n"
"GO:0050684","GO:0050684","regulation of mRNA processing","37/933","152/18866",3.37358349655136e-16,5.43473418767016e-14,4.72530795357364e-14,"3178/1153/6430/9588/10521/27316/3192/3190/4691/10657/5978/8087/3181/6428/9584/7536/10284/10659/6431/6427/8106/6434/8683/11052/708/58517/9967/22938/10772/6625/4116/6651/7072/4154/10921/10181/3550",37,"b0"
"GO:00063641","GO:0006364","rRNA processing","45/931","227/18866",8.45165750608181e-16,1.00807144903791e-13,8.74079315760566e-14,"6165/6125/6130/6194/6229/4736/6154/6135/6129/9045/6202/6209/6201/6187/6223/6203/6208/6227/29997/11224/6232/6234/10412/6155/6217/26156/285855/5036/55651/6218/51504/10521/4809/2091/28987/1736/65008/5591/10528/11103/84365/54433/29081/8886/55035",45,"b1"
"GO:00028311","GO:0002831","regulation of response to biotic stimulus","64/960","409/18866",7.44905008609235e-16,1.24887980349642e-13,9.08343048327117e-14,"2219/3148/4332/2896/11213/29108/948/10875/1378/3965/5359/2268/3460/5688/2207/25939/1604/409/5062/9958/7099/3428/4067/9021/5691/3055/9450/83666/5685/3106/114769/3459/5777/54625/9111/3434/23643/26253/11027/6850/1535/5720/5094/5682/3105/6421/151636/3916/103/7128/3385/6772/9698/340061/2069/5689/5713/5694/51311/10221/5710/5721/7520/5692",64,"b1n"
"GO:00427762","GO:0042776","mitochondrial ATP synthesis coupled proton transport","16/960","24/18866",8.96478338987277e-16,1.45745645111113e-13,1.06004631662706e-13,"517/1329/10476/4508/514/10632/521/9551/509/506/513/539/518/515/522/498",16,"b1n"
"GO:00160721","GO:0016072","rRNA metabolic process","46/931","238/18866",1.10719730546525e-15,1.28839959618896e-13,1.11714644684941e-13,"6165/6125/6130/6194/6229/4736/6154/6135/6129/9045/6202/6209/6201/6187/6223/6203/6208/6227/29997/11224/6232/6234/10412/6155/6217/26156/285855/5036/79002/55651/6218/51504/10521/4809/2091/28987/1736/65008/5591/10528/11103/84365/54433/29081/8886/55035",46,"b1"
"GO:0042775","GO:0042775","mitochondrial ATP synthesis coupled electron transport","29/933","97/18866",1.54854219944311e-15,2.4166936700059e-13,2.10122913575751e-13,"4537/7388/7385/7381/4538/9167/4536/4519/4724/1350/4697/4512/4535/4540/1340/4514/1327/4698/4513/4539/4725/4707/9377/4711/11315/4722/27089/4723/4717",29,"b0"
"GO:0042773","GO:0042773","ATP synthesis coupled electron transport","29/933","98/18866",2.09741073458058e-15,3.17408157833194e-13,2.75975096655339e-13,"4537/7388/7385/7381/4538/9167/4536/4519/4724/1350/4697/4512/4535/4540/1340/4514/1327/4698/4513/4539/4725/4707/9377/4711/11315/4722/27089/4723/4717",29,"b0"
"GO:0071346","GO:0071346","cellular response to interferon-gamma","40/960","182/18866",2.43058169171074e-15,3.83531493412591e-13,2.78952517992932e-13,"2597/7431/199/960/10097/3965/3460/71/998/4502/7099/834/6813/2209/9021/7454/3055/5724/4939/4940/4938/7791/83666/3106/3459/54625/9111/10096/8638/140885/7097/2634/3105/3107/6772/2633/10346/81603/3799/6672",40,"b1n"
"GO:19037062","GO:1903706","regulation of hemopoiesis","71/960","498/18866",2.70221113426368e-15,4.14210363866418e-13,3.01266065404976e-13,"2353/301/3725/3148/4792/6688/7538/1441/7305/64115/1051/3958/5788/10875/1378/11025/10288/3965/9935/4005/5688/3398/2124/387/7099/1499/4067/5691/3091/64332/861/7071/2242/3071/5685/1432/5292/3106/9636/5610/4179/5777/27166/3021/6850/5720/5682/9770/1230/3142/4778/604/6772/3020/677/5689/5713/114548/192670/5694/10221/5710/5721/6774/58508/3059/537/678/2185/8876/5692",71,"b1n"
"GO:00003801","GO:0000380","alternative mRNA splicing, via spliceosome","27/931","87/18866",4.94039126123671e-15,5.61204921603818e-13,4.86609966332338e-13,"3178/6430/27316/10657/7536/10521/6428/8087/4670/10659/9967/4116/10284/8683/6421/6427/3192/10772/5978/9939/6432/4154/91746/3550/6426/10921/1655",27,"b1"
"GO:00021831","GO:0002183","cytoplasmic translational initiation","18/931","35/18866",5.2576835692403e-15,5.83358332763848e-13,5.05818761985664e-13,"3646/23521/1975/1974/8667/51386/10480/8665/8562/8666/8664/27335/8668/1978/7458/51441/1968/8894",18,"b1"
"GO:0022904","GO:0022904","respiratory electron transport chain","31/933","116/18866",5.30059525959876e-15,7.78563903718712e-13,6.76933605134517e-13,"4537/7388/7385/7381/4538/9167/4536/4519/4724/1350/4697/4512/4535/4540/1340/4514/1327/4698/4513/144363/4539/4725/4707/9377/4711/11315/4722/2109/27089/4723/4717",31,"b0"
"GO:0002183","GO:0002183","cytoplasmic translational initiation","18/933","35/18866",5.45692842786103e-15,7.78625730535371e-13,6.7698736135118e-13,"3646/51386/10480/8665/1975/8664/8562/23521/1974/7458/8667/1968/1973/8666/1939/27335/51441/1978",18,"b0"
"GO:00003811","GO:0000381","regulation of alternative mRNA splicing, via spliceosome","25/931","76/18866",1.10595993361346e-14,1.19921246437951e-12,1.0398140045696e-12,"3178/6430/27316/10657/7536/10521/6428/8087/10659/9967/4116/10284/8683/6427/3192/10772/5978/9939/6432/4154/91746/3550/6426/10921/1655",25,"b1"
"GO:00090602","GO:0009060","aerobic respiration","27/960","87/18866",1.04233430300871e-14,1.51138473936263e-12,1.09926977560549e-12,"4538/4535/2647/1327/4512/1329/4513/1340/847/3091/29796/1351/4514/1349/7381/513/7388/1345/1350/1337/7384/374291/9167/6390/4697/3417/6392",27,"b1n"
"GO:00091442","GO:0009144","purine nucleoside triphosphate metabolic process","27/960","87/18866",1.04233430300871e-14,1.51138473936263e-12,1.09926977560549e-12,"2023/517/5315/25939/1329/387/4513/10476/4508/514/10632/521/9551/509/506/513/539/120892/131870/7114/518/515/6774/2773/3614/522/498",27,"b1n"
"GO:00159852","GO:0015985","energy coupled proton transport, down electrochemical gradient","16/960","27/18866",1.37515086740853e-14,1.89171394965302e-12,1.37589318906436e-12,"517/1329/10476/4508/514/10632/521/9551/509/506/513/539/518/515/522/498",16,"b1n"
"GO:00159862","GO:0015986","ATP synthesis coupled proton transport","16/960","27/18866",1.37515086740853e-14,1.89171394965302e-12,1.37589318906436e-12,"517/1329/10476/4508/514/10632/521/9551/509/506/513/539/518/515/522/498",16,"b1n"
"GO:0060337","GO:0060337","type I interferon signaling pathway","28/960","95/18866",1.46217751278648e-14,1.91331276978036e-12,1.39160257763787e-12,"2537/10410/4600/54739/10581/25939/4599/4939/4940/4938/684/3106/9636/3429/5777/3437/3434/8638/6773/2634/3105/103/3107/4615/6772/91543/3430/6672",28,"b1n"
"GO:0071357","GO:0071357","cellular response to type I interferon","28/960","95/18866",1.46217751278648e-14,1.91331276978036e-12,1.39160257763787e-12,"2537/10410/4600/54739/10581/25939/4599/4939/4940/4938/684/3106/9636/3429/5777/3437/3434/8638/6773/2634/3105/103/3107/4615/6772/91543/3430/6672",28,"b1n"
"GO:0030041","GO:0030041","actin filament polymerization","40/960","193/18866",1.97269658894349e-14,2.51988504754329e-12,1.83277851007858e-12,"199/91663/29108/9535/10097/822/10602/5879/51734/23406/10094/9168/387/8522/7454/3055/10092/10788/5216/3071/2885/10109/830/9051/10096/829/11151/10095/832/7408/7114/136319/11078/10163/3059/11344/2185/23191/10093/375",40,"b1n"
"GO:0006403","GO:0006403","RNA localization","44/933","236/18866",1.95856692089696e-14,2.71696755637762e-12,2.36230659318712e-12,"4869/3178/6430/10644/6421/10576/3192/6209/10657/51637/3181/6428/10574/1736/9804/6431/10575/6427/10694/8106/9295/8683/4904/6741/56943/6950/10856/7203/65110/11052/7175/3692/2091/10250/6311/84248/26019/10204/24148/908/4116/5901/10921/29074",44,"b0"
"GO:0034340","GO:0034340","response to type I interferon","28/960","99/18866",4.65860171404063e-14,5.81241818507628e-12,4.22752424821264e-12,"2537/10410/4600/54739/10581/25939/4599/4939/4940/4938/684/3106/9636/3429/5777/3437/3434/8638/6773/2634/3105/103/3107/4615/6772/91543/3430/6672",28,"b1n"
"GO:00061201","GO:0006120","mitochondrial electron transport, NADH to ubiquinone","21/931","55/18866",4.94100980916314e-14,5.23856839989274e-12,4.54226164912541e-12,"4537/4538/4540/4539/4725/4536/4717/4535/4697/4710/4705/4712/4729/4716/4724/4711/51079/126328/4714/4698/54539",21,"b1"
"GO:00067542","GO:0006754","ATP biosynthetic process","21/960","54/18866",5.83603467792395e-14,7.11598319251409e-12,5.17564128015887e-12,"2023/517/5315/1329/4513/10476/4508/514/10632/521/9551/509/506/513/539/7114/518/515/6774/522/498",21,"b1n"
"GO:00092052","GO:0009205","purine ribonucleoside triphosphate metabolic process","25/960","79/18866",6.11961361591848e-14,7.2959393443117e-12,5.30652811092627e-12,"2023/517/5315/1329/387/4513/10476/4508/514/10632/521/9551/509/506/513/539/120892/7114/518/515/6774/2773/3614/522/498",25,"b1n"
"GO:0045088","GO:0045088","regulation of innate immune response","51/960","307/18866",6.33794571906891e-14,7.39197364843581e-12,5.37637637999736e-12,"2219/3148/4332/2896/11213/29108/1378/3965/5359/2268/3460/5688/2207/25939/409/5062/7099/3428/4067/9021/5691/3055/83666/5685/3106/3459/5777/54625/9111/26253/11027/6850/5720/5682/3105/6421/3916/103/7128/3385/6772/340061/2069/5689/5713/5694/51311/5710/5721/7520/5692",51,"b1n"
"GO:0042273","GO:0042273","ribosomal large subunit biogenesis","24/933","74/18866",5.65594456240367e-14,7.63399652557944e-12,6.63748828447088e-12,"4869/6129/6165/6154/6175/6125/6135/6152/6122/9045/6130/4736/6134/29997/10412/6128/6136/6169/51187/285855/26156/11224/6147/3692",24,"b0"
"GO:0042590","GO:0042590","antigen processing and presentation of exogenous peptide antigen via MHC class I","25/960","80/18866",8.47722724171416e-14,9.67666471314818e-12,7.03809213550602e-12,"4688/948/1536/5688/2207/2209/5691/653361/5685/3106/8673/1535/5720/5682/3105/3107/5689/5713/5694/5710/5721/6892/4689/5692/2923",25,"b1n"
"GO:00190582","GO:0019058","viral life cycle","54/960","341/18866",8.75432642735547e-14,9.78478360057544e-12,7.11672983908042e-12,"2219/26986/10410/3956/1508/200315/1378/8021/3965/5359/5093/10581/7913/1604/998/4599/6614/7311/3428/27243/4939/4940/4938/684/9636/5610/3429/4179/7316/3434/5034/8673/8638/156/6993/5094/9218/57132/5478/10542/3916/103/7879/3949/51510/1654/5861/3576/89849/91543/10015/10346/81603/51160",54,"b1n"
"GO:00061202","GO:0006120","mitochondrial electron transport, NADH to ubiquinone","21/960","55/18866",8.99251325205778e-14,9.8458844076102e-12,7.16117005915751e-12,"4539/4536/4538/4535/4537/4540/4715/4707/4694/4725/4709/54539/4713/126328/4716/374291/4726/4697/55967/4696/4711",21,"b1n"
"GO:0008154","GO:0008154","actin polymerization or depolymerization","42/960","221/18866",1.01852014939623e-13,1.09287212030215e-11,7.94874567118275e-12,"199/91663/29108/9535/10097/1072/822/10602/5879/51734/23406/10094/9168/387/8522/7454/3055/10092/10788/5216/3071/2885/10487/10109/830/9051/10096/829/11151/10095/832/7408/7114/136319/11078/10163/3059/11344/2185/23191/10093/375",42,"b1n"
"GO:0038093","GO:0038093","Fc receptor signaling pathway","44/960","241/18866",1.15556757970306e-13,1.21561177747194e-11,8.84146340136065e-12,"2353/3725/60/10097/5788/5879/2268/5688/2207/10094/71/998/64005/5062/2209/4067/5691/7454/3055/10092/3071/5685/2885/2212/3320/10109/10096/26253/6850/5720/5682/10095/4214/7462/5689/5713/5694/5710/5721/10163/3937/23191/5692/10093",44,"b1n"
"GO:0048002","GO:0048002","antigen processing and presentation of peptide antigen","39/960","194/18866",1.18624317445814e-13,1.22388358287845e-11,8.90162641238122e-12,"1509/1520/4688/29108/6556/948/1536/5688/2207/55016/2209/5691/653361/1211/5685/3106/1175/830/8673/1535/5720/829/5682/3105/832/8905/821/7879/3107/5689/5713/5694/5710/5721/6892/4689/5692/2923/375",39,"b1n"
"GO:00159801","GO:0015980","energy derivation by oxidation of organic compounds","47/931","278/18866",1.05314581005916e-13,1.0922953608244e-11,9.47108245659612e-12,"29997/4537/1350/4519/4514/4538/4540/7381/4539/7388/4725/4536/7385/4717/847/513/4535/144363/4513/1340/4697/1327/4710/4705/9167/4512/4712/7386/4729/4716/5500/54205/1345/4724/4711/51079/126328/1337/8802/4714/4190/29796/9821/4698/54539/91942/4191",47,"b1"
"GO:0002479","GO:0002479","antigen processing and presentation of exogenous peptide antigen via MHC class I, TAP-dependent","24/960","75/18866",1.47432594083885e-13,1.49240729671706e-11,1.08546698365236e-11,"4688/948/1536/5688/2209/5691/653361/5685/3106/8673/1535/5720/5682/3105/3107/5689/5713/5694/5710/5721/6892/4689/5692/2923",24,"b1n"
"GO:0007015","GO:0007015","actin filament organization","62/960","434/18866",1.52754510872043e-13,1.51764435338613e-11,1.1038225571202e-11,"199/6281/91663/29108/9535/4542/3936/10097/1072/822/10602/7170/5879/391/51734/23406/10094/9168/71/387/998/8522/64005/5062/55704/57698/7454/3055/10092/10788/5216/7791/3071/6093/2885/10487/10109/830/9051/10096/829/11151/10095/832/3397/7408/359845/2316/7114/136319/30011/11078/81/10163/3059/203228/11344/2185/23191/1730/10093/375",62,"b1n"
"GO:0000381","GO:0000381","regulation of alternative mRNA splicing, via spliceosome","24/933","76/18866",1.10583767998349e-13,1.45330351943093e-11,1.26359568696174e-11,"3178/6430/10521/27316/3192/10657/5978/8087/6428/7536/10284/10659/6431/6427/6434/8683/58517/9967/10772/4116/4154/10921/10181/3550",24,"b0"
"GO:0032956","GO:0032956","regulation of actin cytoskeleton organization","55/960","360/18866",2.34936656250438e-13,2.29170029233382e-11,1.666813750661e-11,"6281/91663/29108/683/9535/397/10097/1072/822/10602/8826/5879/391/23406/10094/4035/9168/71/387/998/5062/55704/7454/3055/10092/10788/11214/2242/5216/3071/6093/684/2885/10109/830/10096/829/11151/10095/832/3397/7408/396/2316/7114/136319/11078/10163/3059/203228/11344/2185/23191/10093/375",55,"b1n"
"GO:0072593","GO:0072593","reactive oxygen species metabolic process","48/960","288/18866",3.0953179499823e-13,2.96542514315269e-11,2.15683151138804e-11,"706/199/2537/4688/683/4536/3689/7305/2950/2771/1191/948/1536/64581/5879/9314/5052/387/4513/847/7099/3684/4835/3091/653361/1545/1432/10935/25824/2885/10365/3320/5873/140823/140885/7097/6850/1535/240/120892/2539/6648/8837/3240/6774/2773/4689/2185",48,"b1n"
"GO:0006417","GO:0006417","regulation of translation","62/933","450/18866",2.24146368080653e-13,2.87022297998661e-11,2.49555672964289e-11,"6659/3646/10399/4869/1153/678/6191/6154/26986/8531/6125/6188/6203/10644/6156/1938/6134/1975/6208/8664/6176/3315/23521/4691/10657/10209/6169/2597/8087/1974/7458/5036/8667/4076/10289/1968/3184/1654/1612/6726/10236/4904/23645/51247/811/65110/708/7175/3692/51065/29883/6311/7555/27335/4116/7072/54931/83939/27230/51441/1978/387",62,"b0"
"GO:0030099","GO:0030099","myeloid cell differentiation","61/960","431/18866",3.66637317785078e-13,3.45089335073148e-11,2.50992527613903e-11,"2353/3725/3148/4792/6688/7538/1441/7305/1051/3958/302/11025/9935/3726/2207/3398/2124/998/7099/3428/1499/126014/4067/3091/861/7071/29887/2242/3071/1432/10935/9636/54790/10365/3516/5777/7097/3021/9991/6208/9770/1230/4627/51522/103/4778/2539/604/10312/6772/3020/3930/677/192670/10221/6774/58508/10163/3059/537/2185",61,"b1n"
"GO:0051258","GO:0051258","protein polymerization","49/960","300/18866",3.83315236116383e-13,3.54566593407655e-11,2.57885586258336e-11,"199/91663/29108/9535/10097/822/10602/4600/5879/51734/23406/10094/9168/387/8522/4599/27243/7454/3055/10092/10788/2242/5216/3071/2885/3320/10109/830/9051/10096/829/11151/7756/10095/832/7408/7114/136319/11078/51199/10163/3059/11344/10844/2185/23191/6249/10093/375",49,"b1n"
"GO:00091992","GO:0009199","ribonucleoside triphosphate metabolic process","25/960","85/18866",3.98896959965024e-13,3.62725794951246e-11,2.63819987616475e-11,"2023/517/5315/1329/387/4513/10476/4508/514/10632/521/9551/509/506/513/539/120892/7114/518/515/6774/2773/3614/522/498",25,"b1n"
"GO:00092062","GO:0009206","purine ribonucleoside triphosphate biosynthetic process","22/960","65/18866",4.16300977932233e-13,3.72242457767739e-11,2.70741706174524e-11,"2023/517/5315/1329/4513/10476/4508/514/10632/521/9551/509/506/513/539/7114/518/515/6774/3614/522/498",22,"b1n"
"GO:00018191","GO:0001819","positive regulation of cytokine production","62/960","447/18866",5.80763390170943e-13,5.10786162011002e-11,3.71508177284502e-11,"301/2597/199/2219/929/3148/4332/29108/9208/7305/1191/1051/5788/6556/948/64581/23765/10288/3965/2268/2207/728/353514/9958/7099/834/3428/1499/3091/5724/861/1545/1432/5610/10159/4179/5441/23643/26253/7097/11027/6850/1535/3105/1652/10542/10555/4615/6772/1654/9698/340061/2069/114548/51311/91543/647087/6774/7520/6778/6868/3570",62,"b1n"
"GO:00091452","GO:0009145","purine nucleoside triphosphate biosynthetic process","22/960","66/18866",5.9478683208694e-13,5.14682476475231e-11,3.74342069023138e-11,"2023/517/5315/1329/4513/10476/4508/514/10632/521/9551/509/506/513/539/7114/518/515/6774/3614/522/498",22,"b1n"
"GO:0045333","GO:0045333","cellular respiration","37/933","187/18866",3.58017709870969e-13,4.46985110773905e-11,3.88637645583618e-11,"29997/4537/847/7388/7385/7381/4538/9167/4536/4519/4724/1350/4697/4512/4535/4540/1340/4514/1327/4698/4513/144363/4539/4725/4707/3418/9377/4711/11315/513/4722/4191/7415/2109/27089/4723/4717",37,"b0"
"GO:0000380","GO:0000380","alternative mRNA splicing, via spliceosome","25/933","87/18866",3.80040951334271e-13,4.62908417308134e-11,4.02482393903432e-11,"3178/6430/10521/27316/6421/3192/10657/5978/8087/6428/7536/10284/10659/6431/6427/6434/8683/58517/9967/10772/4116/4154/10921/10181/3550",25,"b0"
"GO:0002478","GO:0002478","antigen processing and presentation of exogenous peptide antigen","36/960","177/18866",7.25985322285219e-13,6.18239881596857e-11,4.4966208683564e-11,"1509/1520/4688/948/1536/5688/2207/2209/5691/653361/1211/5685/3106/1175/830/8673/1535/5720/829/5682/3105/832/8905/821/7879/3107/5689/5713/5694/5710/5721/6892/4689/5692/2923/375",36,"b1n"
"GO:00091412","GO:0009141","nucleoside triphosphate metabolic process","28/960","110/18866",8.28481726531416e-13,6.94500697318914e-11,5.05128578988809e-11,"2023/517/5315/25939/1329/387/4513/10476/4508/514/10632/521/9551/509/506/513/539/120892/131870/129607/7114/518/515/6774/2773/3614/522/498",28,"b1n"
"GO:0032970","GO:0032970","regulation of actin filament-based process","58/960","405/18866",8.56931979218069e-13,7.07298472077683e-11,5.14436736350021e-11,"6281/91663/29108/683/9535/397/10097/1072/822/10602/8826/5879/391/23406/10094/4035/9168/71/387/998/5062/55704/7454/3055/10092/10788/11214/2242/5216/3071/6093/684/2885/10109/830/10096/58527/6717/829/11151/10095/832/3397/7408/4627/396/2316/7114/136319/11078/10163/3059/203228/11344/2185/23191/10093/375",58,"b1n"
"GO:00064571","GO:0006457","protein folding","41/931","230/18866",6.71702614876532e-13,6.81849611824667e-11,5.91218650943958e-11,"3326/6767/3329/3315/3320/10049/7203/10576/10728/10575/5204/10694/3301/3336/6902/5478/10574/6950/10726/908/51035/131118/2770/811/134492/3312/22948/1460/5203/3313/5201/821/4820/5700/9141/3303/10549/9360/9761/5202/2288",41,"b1"
"GO:0110053","GO:0110053","regulation of actin filament organization","46/960","278/18866",1.26596045131533e-12,1.02907239716769e-10,7.4847135454959e-11,"6281/91663/29108/9535/10097/1072/822/10602/5879/23406/10094/9168/71/387/998/5062/55704/7454/3055/10092/10788/5216/3071/6093/2885/10109/830/10096/829/11151/10095/832/3397/7408/2316/7114/136319/11078/10163/3059/203228/11344/2185/23191/10093/375",46,"b1n"
"GO:00069792","GO:0006979","response to oxidative stress","62/960","458/18866",1.71402583600633e-12,1.37249979256328e-10,9.98255109831182e-11,"2353/301/1843/3725/199/9555/4257/4170/4688/5660/2950/4535/948/1536/9314/1471/4512/3939/5052/4537/7295/4540/847/7099/1499/3091/653361/1545/10935/25824/10365/93100/5034/10399/140823/140885/1535/824/3162/240/29957/4929/5621/6421/84919/120892/7128/475/2539/6772/6648/8837/3184/3240/55967/1938/30001/3417/6778/4689/2185/8876",62,"b1n"
"GO:00061232","GO:0006123","mitochondrial electron transport, cytochrome c to oxygen","13/960","21/18866",1.97130352314296e-12,1.53275991328435e-10,1.11481650042578e-10,"1327/4512/1329/4513/1340/1351/4514/1349/1345/1350/1337/9167/4697",13,"b1n"
"GO:00196462","GO:0019646","aerobic electron transport chain","13/960","21/18866",1.97130352314296e-12,1.53275991328435e-10,1.11481650042578e-10,"1327/4512/1329/4513/1340/1351/4514/1349/1345/1350/1337/9167/4697",13,"b1n"
"GO:0030833","GO:0030833","regulation of actin filament polymerization","35/960","174/18866",2.12363156016476e-12,1.62761190289771e-10,1.18380484113245e-10,"91663/29108/9535/10097/822/10602/23406/10094/9168/387/7454/3055/10092/10788/5216/3071/2885/10109/830/10096/829/11151/10095/832/7408/7114/136319/11078/10163/3059/11344/2185/23191/10093/375",35,"b1n"
"GO:0002474","GO:0002474","antigen processing and presentation of peptide antigen via MHC class I","26/960","99/18866",2.48392977829977e-12,1.8769413043068e-10,1.3651486565096e-10,"4688/948/1536/5688/2207/2209/5691/653361/5685/3106/8673/1535/5720/5682/3105/821/3107/5689/5713/5694/5710/5721/6892/4689/5692/2923",26,"b1n"
"GO:00621972","GO:0062197","cellular response to chemical stress","53/960","360/18866",2.84985342319909e-12,2.11497024692632e-10,1.53827335171548e-10,"2353/301/706/3725/199/4257/4170/4688/5660/2950/948/1536/9314/1471/5052/7295/8531/847/7099/1499/3091/653361/1545/8291/10935/25824/10365/5034/10399/140823/140885/1535/3301/3162/240/5269/29957/4929/6421/120892/7128/2539/1654/6648/8837/677/3184/30001/7520/6778/4689/8876/92241",53,"b1n"
"GO:0019884","GO:0019884","antigen processing and presentation of exogenous antigen","36/960","185/18866",2.87777871436386e-12,2.11497024692632e-10,1.53827335171548e-10,"1509/1520/4688/948/1536/5688/2207/2209/5691/653361/1211/5685/3106/1175/830/8673/1535/5720/829/5682/3105/832/8905/821/7879/3107/5689/5713/5694/5710/5721/6892/4689/5692/2923/375",36,"b1n"
"GO:00070061","GO:0007006","mitochondrial membrane organization","31/931","142/18866",1.85158365543446e-12,1.84039700418287e-10,1.59577275567049e-10,"517/7029/3320/4508/84266/10971/7531/9804/522/509/93974/539/506/26517/513/518/292/498/3313/10632/26520/6993/9141/3303/665/521/56993/51079/140823/125988/515",31,"b1"
"GO:00092012","GO:0009201","ribonucleoside triphosphate biosynthetic process","22/960","71/18866",3.18404257192069e-12,2.3084308646425e-10,1.67898233486629e-10,"2023/517/5315/1329/4513/10476/4508/514/10632/521/9551/509/506/513/539/7114/518/515/6774/3614/522/498",22,"b1n"
"GO:00511691","GO:0051169","nuclear transport","52/931","357/18866",2.18800370220355e-12,2.13040115575779e-10,1.8472297636219e-10,"4869/3178/6209/3326/6430/10541/9349/11168/6633/7295/10657/284/6636/3181/6635/3159/7531/6632/5901/6428/80145/11331/5514/8815/3837/4116/9295/6741/65110/7175/84268/8683/10250/6634/6427/811/8106/1984/56943/3553/9939/6059/3313/6432/91746/22916/6637/6426/7514/10921/84248/55696",52,"b1"
"GO:00064461","GO:0006446","regulation of translational initiation","23/931","79/18866",2.34816760349723e-12,2.24062152725706e-10,1.94279972247245e-10,"4869/3646/23521/3315/1975/10209/1974/8667/5610/10657/51247/27335/7175/1654/10289/23645/1978/7458/9669/51441/468/22916/1653",23,"b1"
"GO:0031349","GO:0031349","positive regulation of defense response","55/960","385/18866",3.74135395876443e-12,2.67631519850282e-10,1.94655426317751e-10,"283131/6280/6279/6283/2219/3148/4792/4332/2896/29108/1051/64581/23765/5359/5688/2207/353514/5062/9958/7099/3428/4067/5691/3055/64332/83666/5685/8673/26253/7097/11027/6850/1535/5720/5682/7132/1652/6421/3916/120892/3949/3385/4615/9698/340061/2069/5689/5713/5694/51311/5710/5721/6774/7520/5692",55,"b1n"
"GO:0033044","GO:0033044","regulation of chromosome organization","52/933","356/18866",2.12635442470555e-12,2.52833666594751e-10,2.19829874734597e-10,"3008/9555/3178/3007/3021/4602/23741/3020/3159/6418/6421/3006/10576/3192/2624/1843/55183/3005/3181/546/23168/10574/3553/1736/3183/6879/10575/3184/10694/7520/4300/56984/6950/10856/7203/7175/142/26054/55904/22938/8971/908/11315/23137/51535/5514/54386/57708/54737/23476/7756/3550",52,"b0"
"GO:00457271","GO:0045727","positive regulation of translation","30/931","136/18866",3.17783772296742e-12,2.97283603456423e-10,2.57768880315004e-10,"6191/6125/4869/6156/6154/6659/3646/6203/1153/1938/8531/26986/10657/7555/708/8087/8664/1019/3184/65110/1654/23645/1984/51441/5591/1968/7431/27230/51065/29081",30,"b1"
"GO:0051607","GO:0051607","defense response to virus","43/960","258/18866",5.39039224954316e-12,3.80519137089461e-10,2.76761552202999e-10,"6036/2537/10410/29108/5788/200315/10875/4600/5359/10964/10581/25939/1130/665/4599/9958/3428/4939/4940/4938/83666/684/9636/5610/3429/3437/3434/8638/6773/5094/151636/103/7128/6772/2316/9698/340061/114548/10521/51311/91543/2633/10346",43,"b1n"
"GO:0042110","GO:0042110","T cell activation","63/960","483/18866",5.86233303231778e-12,4.08459957381622e-10,2.97083643893397e-10,"301/199/960/29108/3956/5660/10673/64115/3936/1051/3958/5788/6556/10875/1378/64581/5879/10288/3965/9935/2207/1604/387/998/5062/1499/4478/4067/7454/64332/861/3071/2885/4179/5777/27166/5873/81704/7133/120425/26253/140885/6850/11151/2280/3105/5621/5573/3142/4627/54518/604/9750/10312/677/1326/114548/91543/6774/678/6778/6868/8876",63,"b1n"
"GO:00190792","GO:0019079","viral genome replication","29/960","127/18866",6.17415367098926e-12,4.24670954421249e-10,3.08874327373241e-10,"26986/10410/200315/5359/5093/10581/7913/998/4599/3428/4939/4940/4938/684/9636/5610/3429/3434/8638/156/5094/9218/5478/10542/103/1654/3576/89849/91543",29,"b1n"
"GO:0008064","GO:0008064","regulation of actin polymerization or depolymerization","36/960","190/18866",6.52125302444431e-12,4.42867373115744e-10,3.22109060114791e-10,"91663/29108/9535/10097/1072/822/10602/23406/10094/9168/387/7454/3055/10092/10788/5216/3071/2885/10109/830/10096/829/11151/10095/832/7408/7114/136319/11078/10163/3059/11344/2185/23191/10093/375",36,"b1n"
"GO:0030832","GO:0030832","regulation of actin filament length","36/960","191/18866",7.65186034248102e-12,5.13152884217633e-10,3.73229556441804e-10,"91663/29108/9535/10097/1072/822/10602/23406/10094/9168/387/7454/3055/10092/10788/5216/3071/2885/10109/830/10096/829/11151/10095/832/7408/7114/136319/11078/10163/3059/11344/2185/23191/10093/375",36,"b1n"
"GO:0032271","GO:0032271","regulation of protein polymerization","40/960","231/18866",8.70835850900265e-12,5.7679436297283e-10,4.19517673721544e-10,"91663/29108/9535/10097/822/10602/5879/23406/10094/9168/387/7454/3055/10092/10788/2242/5216/3071/2885/3320/10109/830/10096/829/11151/10095/832/7408/7114/136319/11078/51199/10163/3059/11344/2185/23191/6249/10093/375",40,"b1n"
"GO:00422741","GO:0042274","ribosomal small subunit biogenesis","22/931","75/18866",5.96511200490246e-12,5.37279569765166e-10,4.65864755083256e-10,"6194/4869/6229/6193/6202/6209/6201/6223/6169/6208/3921/6204/6227/6232/6234/6217/6218/4809/28987/7520/5591/51065",22,"b1"
"GO:00434871","GO:0043487","regulation of RNA stability","36/931","195/18866",5.9685217349725e-12,5.37279569765166e-10,4.65864755083256e-10,"4869/6233/1153/7314/8531/678/3315/6418/328/26986/4904/26135/10949/3183/8087/4670/9967/3184/10236/7311/8148/5720/1736/3192/2521/10644/3312/51441/5689/7431/5700/3303/5693/5682/7514/10492",36,"b1"
"GO:00091422","GO:0009142","nucleoside triphosphate biosynthetic process","23/960","82/18866",1.03527101814489e-11,6.77345001505772e-10,4.92650791304635e-10,"2023/517/5315/1329/4513/10476/4508/514/10632/521/9551/509/506/513/539/129607/7114/518/515/6774/3614/522/498",23,"b1n"
"GO:00434881","GO:0043488","regulation of mRNA stability","35/931","186/18866",6.66247354889922e-12,5.88641875959226e-10,5.10400020412747e-10,"4869/6233/1153/7314/8531/678/3315/6418/328/26986/4904/26135/10949/3183/8087/4670/9967/3184/10236/7311/8148/5720/3192/2521/10644/3312/51441/5689/7431/5700/3303/5693/5682/7514/10492",35,"b1"
"GO:0022900","GO:0022900","electron transport chain","35/933","184/18866",5.12195300606225e-12,5.94861239820346e-10,5.17210676866751e-10,"4537/7388/7385/7381/4538/9167/4536/4519/4724/1350/4697/4512/4535/4540/1340/4514/1327/4698/4513/144363/4539/4725/4707/10327/1347/9377/4711/11315/2230/4722/2109/27089/4723/128/4717",35,"b0"
"GO:19026001","GO:1902600","proton transmembrane transport","32/931","159/18866",8.28332243277092e-12,7.18540569577274e-10,6.23032672933775e-10,"517/4508/1350/4519/4514/30968/4538/4540/5250/522/509/539/11331/506/27032/513/518/4513/1340/9550/498/4697/1327/9167/4512/10632/1347/23545/1345/521/1337/515",32,"b1"
"GO:0002429","GO:0002429","immune response-activating cell surface receptor signaling pathway","62/960","481/18866",1.4443670851312e-11,9.22503501396298e-10,6.70961000574106e-10,"2219/4332/2357/60/10097/3958/5788/1378/5879/5359/2268/5688/2207/10094/71/728/998/64005/2533/5062/9473/2209/4067/84106/5691/7454/3055/64332/10092/861/3071/5685/2885/2212/3320/10109/5777/10096/26253/11027/6850/5720/5682/10095/3105/5621/51324/7462/3385/5689/5713/5694/5710/2633/5721/10657/10163/3937/65125/23191/5692/10093",62,"b1n"
"GO:0002757","GO:0002757","immune response-activating signal transduction","62/960","481/18866",1.4443670851312e-11,9.22503501396298e-10,6.70961000574106e-10,"2219/4332/2357/60/10097/3958/5788/1378/5879/5359/2268/5688/2207/10094/71/728/998/64005/2533/5062/9473/2209/4067/84106/5691/7454/3055/64332/10092/861/3071/5685/2885/2212/3320/10109/5777/10096/26253/11027/6850/5720/5682/10095/3105/5621/51324/7462/3385/5689/5713/5694/5710/2633/5721/10657/10163/3937/65125/23191/5692/10093",62,"b1n"
"GO:00610131","GO:0061013","regulation of mRNA catabolic process","37/931","208/18866",9.5988975266626e-12,8.17791787494772e-10,7.09091490221504e-10,"4869/6233/1153/7314/8531/678/3315/6418/328/26986/4904/26135/10949/3183/8087/4670/9967/3184/10236/7311/8148/5720/3192/2521/10644/3312/51441/5689/7431/29883/5700/3303/5693/23112/5682/7514/10492",37,"b1"
"GO:0060333","GO:0060333","interferon-gamma-mediated signaling pathway","24/960","91/18866",1.56642422103333e-11,9.88690111275745e-10,7.19100258497903e-10,"960/3460/4502/2209/9021/3055/5724/4939/4940/4938/83666/3106/3459/54625/9111/8638/2634/3105/3107/6772/2633/10346/81603/6672",24,"b1n"
"GO:00068391","GO:0006839","mitochondrial transport","43/931","271/18866",1.0595908699003e-11,8.86896147420057e-10,7.6901054823789e-10,"517/3329/7029/3320/54741/4508/84266/10971/30968/7531/54543/9804/522/509/25874/93974/51522/539/506/26517/513/518/81853/293/292/498/131118/51024/55186/9512/10632/1374/26520/6993/9141/3303/665/521/56993/51079/29074/140823/515",43,"b1"
"GO:0051169","GO:0051169","nuclear transport","51/933","357/18866",8.13722277128992e-12,9.23574784541406e-10,8.03015405061505e-10,"10541/4869/3178/6430/7295/3159/3326/11168/6635/7531/9349/6209/10657/3181/6428/3553/11331/4659/6633/3840/6431/6427/8106/8815/9295/6632/8683/6741/56943/811/65110/11052/7175/3692/3313/84268/284/10250/84248/26019/10204/4734/3837/6636/26060/4116/11315/5901/5514/754/10921",51,"b0"
"GO:1902600","GO:1902600","proton transmembrane transport","32/933","159/18866",8.76196977010705e-12,9.72383934042547e-10,8.45453223431382e-10,"27032/517/5250/506/509/4538/9167/11331/4508/4519/23545/1350/539/4697/4512/4540/1340/4514/1327/498/4513/9550/10632/522/518/1347/9377/30968/11315/81/513/515",32,"b0"
"GO:00506571","GO:0050657","nucleic acid transport","36/931","200/18866",1.28441855147062e-11,1.03863744221463e-09,9.00582499068605e-10,"4869/3178/6209/6430/10657/4904/51637/3181/9804/5901/6428/80145/4116/9295/6741/65110/7175/8683/10250/6421/6427/3192/10644/8106/1984/56943/9939/6059/6432/91746/22916/29074/6426/7514/10921/84248",36,"b1"
"GO:00506581","GO:0050658","RNA transport","36/931","200/18866",1.28441855147062e-11,1.03863744221463e-09,9.00582499068605e-10,"4869/3178/6209/6430/10657/4904/51637/3181/9804/5901/6428/80145/4116/9295/6741/65110/7175/8683/10250/6421/6427/3192/10644/8106/1984/56943/9939/6059/6432/91746/22916/29074/6426/7514/10921/84248",36,"b1"
"GO:00427761","GO:0042776","mitochondrial ATP synthesis coupled proton transport","13/931","24/18866",1.42630323525667e-11,1.13414878923493e-09,9.83398546413812e-10,"517/4508/30968/522/509/539/506/513/518/498/10632/521/515",13,"b1"
"GO:0032496","GO:0032496","response to lipopolysaccharide","49/960","334/18866",2.1821015197883e-11,1.3612761225191e-09,9.9009184012916e-10,"2353/706/7431/6280/6279/929/4257/3148/4792/11213/29108/7538/2950/1051/6556/948/10288/3965/968/1604/387/728/7099/834/4067/3055/5724/1312/9450/1432/10935/114769/7133/23643/140885/7097/11027/824/92140/7128/51510/4615/129607/5732/114548/3576/10221/7867/6868",49,"b1n"
"GO:19048511","GO:1904851","positive regulation of establishment of protein localization to telomere","9/931","10/18866",1.59907374764711e-11,1.2506853852499e-09,1.08444518175205e-09,"7203/10576/10575/10694/10574/6950/908/1736/22948",9,"b1"
"GO:00331081","GO:0033108","mitochondrial respiratory chain complex assembly","25/931","102/18866",1.76382126201698e-11,1.3572889098521e-09,1.17687904239843e-09,"4537/4538/4540/7381/4725/4536/4717/4535/51287/116228/4710/4705/54902/4712/4729/4716/4724/4711/51079/126328/4714/29796/4698/54539/91942",25,"b1"
"GO:0002224","GO:0002224","toll-like receptor signaling pathway","31/960","152/18866",2.65921577631049e-11,1.6398497287248e-09,1.1927057329441e-09,"6280/6279/929/4792/1520/11213/1508/3689/948/57142/409/7321/7311/7099/3684/4067/7323/7316/23643/7097/11027/1535/4214/7128/118788/4615/1654/51311/91543/10695/7867",31,"b1n"
"GO:00512361","GO:0051236","establishment of RNA localization","36/931","203/18866",2.00761122222525e-11,1.48682917379666e-09,1.28920090746083e-09,"4869/3178/6209/6430/10657/4904/51637/3181/9804/5901/6428/80145/4116/9295/6741/65110/7175/8683/10250/6421/6427/3192/10644/8106/1984/56943/9939/6059/6432/91746/22916/29074/6426/7514/10921/84248",36,"b1"
"GO:00092061","GO:0009206","purine ribonucleoside triphosphate biosynthetic process","20/931","65/18866",2.0568167149566e-11,1.48682917379666e-09,1.28920090746083e-09,"517/3615/4508/142/2023/30968/522/509/539/506/4833/513/518/4513/498/4830/10632/521/515/29922",20,"b1"
"GO:00102571","GO:0010257","NADH dehydrogenase complex assembly","20/931","65/18866",2.0568167149566e-11,1.48682917379666e-09,1.28920090746083e-09,"4537/4538/4540/4725/4536/4717/4535/4710/4705/4712/4729/4716/4724/4711/51079/126328/4714/4698/54539/91942",20,"b1"
"GO:00329811","GO:0032981","mitochondrial respiratory chain complex I assembly","20/931","65/18866",2.0568167149566e-11,1.48682917379666e-09,1.28920090746083e-09,"4537/4538/4540/4725/4536/4717/4535/4710/4705/4712/4729/4716/4724/4711/51079/126328/4714/4698/54539/91942",20,"b1"
"GO:00090601","GO:0009060","aerobic respiration","23/931","87/18866",2.12585404217849e-11,1.51379845301994e-09,1.31258544945192e-09,"29997/1350/4514/4538/7381/7388/7385/847/513/4535/4513/1340/4697/1327/9167/4512/54205/1345/1337/8802/4190/29796/4191",23,"b1"
"GO:00070071","GO:0007007","inner mitochondrial membrane organization","18/931","52/18866",2.2289148241654e-11,1.56384597442546e-09,1.35598069024304e-09,"517/4508/522/509/539/506/26517/513/518/498/3313/10632/26520/521/51079/140823/125988/515",18,"b1"
"GO:1902903","GO:1902903","regulation of supramolecular fiber organization","52/960","373/18866",3.7025210029612e-11,2.25727558873714e-09,1.64177576052358e-09,"6281/91663/29108/9535/1191/10097/1072/822/10602/5879/23406/10094/9168/71/387/998/5062/55704/7454/3055/10092/10788/11214/2242/5216/3071/6093/2885/10109/830/10096/829/11151/10095/832/3397/7408/3949/2316/7114/136319/11078/51199/10163/3059/203228/11344/2185/23191/6249/10093/375",52,"b1n"
"GO:00091451","GO:0009145","purine nucleoside triphosphate biosynthetic process","20/931","66/18866",2.81565424704972e-11,1.94688208879336e-09,1.68810391928381e-09,"517/3615/4508/142/2023/30968/522/509/539/506/4833/513/518/4513/498/4830/10632/521/515/29922",20,"b1"
"GO:0034728","GO:0034728","nucleosome organization","34/933","183/18866",2.04031280223795e-11,2.21507002921224e-09,1.92592455588822e-09,"10541/3008/9555/4869/8364/3007/3021/3020/3159/6418/5757/3006/4678/6599/5928/5931/3005/546/92815/4673/3148/23522/11198/6601/4778/51773/2186/7259/23270/8971/4676/8520/50809/6605",34,"b0"
"GO:00424072","GO:0042407","cristae formation","15/960","35/18866",4.44275642749818e-11,2.67813350938514e-09,1.9478767683898e-09,"517/10476/4508/514/10632/521/9551/509/506/513/539/518/515/522/498",15,"b1n"
"GO:00000281","GO:0000028","ribosomal small subunit assembly","12/931","21/18866",3.78718610782104e-11,2.58123784577345e-09,2.23814156447168e-09,"6193/6209/6223/6169/6208/3921/6204/6232/6234/7520/5591/51065",12,"b1"
"GO:00069131","GO:0006913","nucleocytoplasmic transport","49/931","354/18866",6.11642013487549e-11,4.1100620371114e-09,3.56375554189187e-09,"4869/3178/6209/3326/6430/10541/9349/6633/7295/10657/284/6636/3181/6635/7531/6632/5901/6428/80145/11331/5514/3837/4116/9295/6741/65110/7175/84268/8683/10250/6634/6427/811/8106/1984/56943/3553/9939/6059/3313/6432/91746/22916/6637/6426/7514/10921/84248/55696",49,"b1"
"GO:19048141","GO:1904814","regulation of protein localization to chromosome, telomeric region","10/931","14/18866",6.82723133884796e-11,4.46201653666351e-09,3.86892850204362e-09,"9555/7203/10576/10575/10694/10574/6950/908/1736/22948",10,"b1"
"GO:19901731","GO:1990173","protein localization to nucleoplasm","10/931","14/18866",6.82723133884796e-11,4.46201653666351e-09,3.86892850204362e-09,"29997/7203/10576/10575/10694/10574/6950/908/1736/22948",10,"b1"
"GO:0071222","GO:0071222","cellular response to lipopolysaccharide","36/960","208/18866",9.7390894676437e-11,5.8055794437676e-09,4.22255025222868e-09,"706/7431/929/3148/4792/29108/7538/2950/1051/948/10288/968/1604/387/7099/834/4067/3055/5724/9450/1432/114769/7133/23643/140885/7097/11027/824/92140/7128/51510/4615/129607/114548/3576/10221",36,"b1n"
"GO:00702031","GO:0070203","regulation of establishment of protein localization to telomere","9/931","11/18866",8.40804823860275e-11,5.27826291399654e-09,4.57667999691258e-09,"7203/10576/10575/10694/10574/6950/908/1736/22948",9,"b1"
"GO:19048691","GO:1904869","regulation of protein localization to Cajal body","9/931","11/18866",8.40804823860275e-11,5.27826291399654e-09,4.57667999691258e-09,"7203/10576/10575/10694/10574/6950/908/1736/22948",9,"b1"
"GO:19048711","GO:1904871","positive regulation of protein localization to Cajal body","9/931","11/18866",8.40804823860275e-11,5.27826291399654e-09,4.57667999691258e-09,"7203/10576/10575/10694/10574/6950/908/1736/22948",9,"b1"
"GO:00704822","GO:0070482","response to oxygen levels","53/960","396/18866",1.12326393157405e-10,6.62231977241183e-09,4.81658692231925e-09,"57085/10135/2023/4538/6923/1536/1471/5315/5688/3939/387/4540/665/7311/5230/847/5728/4508/5691/3091/4519/10370/9114/571/5685/114769/3516/7316/5034/7097/1535/824/5720/3162/5682/4929/9550/7009/2782/8837/677/5689/5713/5694/81/5710/5721/30001/537/6868/2185/523/5692",53,"b1n"
"GO:00511681","GO:0051168","nuclear export","35/931","204/18866",9.92070779492403e-11,6.02677858027958e-09,5.22570349821813e-09,"4869/3178/6209/6430/10541/7295/10657/3181/7531/5901/6428/80145/4116/9295/6741/7175/8683/10250/6427/811/8106/1984/56943/3553/9939/6059/3313/6432/91746/22916/6426/7514/10921/84248/55696",35,"b1"
"GO:00159851","GO:0015985","energy coupled proton transport, down electrochemical gradient","13/931","27/18866",9.97936507738602e-11,6.02677858027958e-09,5.22570349821813e-09,"517/4508/30968/522/509/539/506/513/518/498/10632/521/515",13,"b1"
"GO:00159861","GO:0015986","ATP synthesis coupled proton transport","13/931","27/18866",9.97936507738602e-11,6.02677858027958e-09,5.22570349821813e-09,"517/4508/30968/522/509/539/506/513/518/498/10632/521/515",13,"b1"
"GO:00066111","GO:0006611","protein export from nucleus","33/931","184/18866",1.01441017205827e-10,6.04968866361253e-09,5.24556838972239e-09,"4869/6209/6430/10541/7295/3181/7531/5901/6428/80145/4116/9295/6741/7175/8683/10250/6427/811/8106/1984/56943/3553/9939/6059/3313/6432/91746/22916/6426/7514/10921/84248/55696",33,"b1"
"GO:2000377","GO:2000377","regulation of reactive oxygen species metabolic process","35/960","200/18866",1.29398460196179e-10,7.54589933644021e-09,5.48833057147866e-09,"706/199/683/3689/7305/2950/2771/1191/948/64581/5879/9314/387/4513/7099/3684/4835/3091/1545/1432/2885/10365/3320/5873/140823/140885/6850/1535/240/2539/8837/3240/6774/2773/2185",35,"b1n"
"GO:0002221","GO:0002221","pattern recognition receptor signaling pathway","35/960","201/18866",1.49196392204451e-10,8.60686714168689e-09,6.26000029317375e-09,"6280/6279/2219/929/4792/1520/11213/1508/3689/948/57142/409/7321/7311/9958/7099/3684/4067/7323/7316/23643/26253/7097/11027/1535/4214/7128/118788/4615/1654/9698/51311/91543/10695/7867",35,"b1n"
"GO:00092011","GO:0009201","ribonucleoside triphosphate biosynthetic process","20/931","71/18866",1.23397850465153e-10,7.26828573542279e-09,6.30219041361991e-09,"517/3615/4508/142/2023/30968/522/509/539/506/4833/513/518/4513/498/4830/10632/521/515/29922",20,"b1"
"GO:00092051","GO:0009205","purine ribonucleoside triphosphate metabolic process","21/931","79/18866",1.41340403851887e-10,8.22359837533355e-09,7.13052358328517e-09,"517/3615/4508/142/2023/30968/5901/522/509/539/506/4833/513/518/4513/498/4830/10632/521/515/29922",21,"b1"
"GO:20012332","GO:2001233","regulation of apoptotic signaling pathway","54/960","413/18866",1.80831605219699e-10,1.03208676808903e-08,7.50663785609658e-09,"6280/6279/2537/4170/3148/960/2023/29108/2950/2771/1191/3958/5788/7529/3965/8743/409/8531/5329/5062/1499/5728/3091/1512/2907/27166/5034/754/10399/6135/3190/7178/9774/3301/3162/4929/55023/6154/6421/120892/7128/7531/7009/1495/1654/6648/8837/7534/6201/7532/2773/8876/6672/2923",54,"b1n"
"GO:00342501","GO:0034250","positive regulation of cellular amide metabolic process","31/931","167/18866",1.52319076839151e-10,8.75559416385048e-09,7.5918068735303e-09,"6191/10399/6125/4869/6156/6154/6659/3646/6203/1153/1938/8531/26986/10657/7555/708/8087/8664/1019/3184/65110/1654/23645/1984/51441/5591/1968/7431/27230/51065/29081",31,"b1"
"GO:00344701","GO:0034470","ncRNA processing","52/931","400/18866",1.64042117131121e-10,9.31720167657831e-09,8.07876591886347e-09,"6165/6125/6130/6194/6229/4736/6154/6135/6129/9045/6202/6209/6201/6187/6223/6203/6208/6227/29997/11224/6232/6234/10412/6155/6217/26156/51637/3181/285855/5036/55651/6218/51504/10521/4809/6741/2091/28987/1736/8270/23318/65008/5591/10528/51002/11103/84365/54433/29081/1653/8886/55035",52,"b1"
"GO:0002683","GO:0002683","negative regulation of immune system process","58/960","463/18866",2.07446602687466e-10,1.17152739307185e-08,8.52082610706302e-09,"301/1843/7940/4792/4332/2896/11213/7538/7305/64115/1051/3958/5788/10875/1378/11025/10288/3965/2268/9935/2207/25939/3398/968/1604/409/7099/3428/64092/1499/4067/861/684/3106/5777/54625/9111/5094/3162/1831/5682/3105/5621/5573/1652/3142/103/7128/3949/7009/604/9750/677/10221/2633/6778/2185/5692",58,"b1n"
"GO:0002237","GO:0002237","response to molecule of bacterial origin","49/960","356/18866",2.15260138193459e-10,1.20299025146657e-08,8.7496637311749e-09,"2353/706/7431/6280/6279/929/4257/3148/4792/11213/29108/7538/2950/1051/6556/948/10288/3965/968/1604/387/728/7099/834/4067/3055/5724/1312/9450/1432/10935/114769/7133/23643/140885/7097/11027/824/92140/7128/51510/4615/129607/5732/114548/3576/10221/7867/6868",49,"b1n"
"GO:0045727","GO:0045727","positive regulation of translation","28/933","136/18866",9.9958705415807e-11,1.06211441456711e-08,9.23470682732819e-09,"6659/3646/4869/1153/6191/6154/26986/8531/6125/6203/6156/1938/8664/10657/8087/1968/3184/1654/23645/65110/708/3692/51065/7555/54931/27230/51441/387",28,"b0"
"GO:0032273","GO:0032273","positive regulation of protein polymerization","28/960","137/18866",2.30193742897782e-10,1.27318498004804e-08,9.26020840935516e-09,"29108/9535/10097/10602/5879/10094/387/7454/3055/10092/10788/2242/5216/3071/2885/3320/10109/10096/11151/10095/7408/51199/10163/2185/23191/6249/10093/375",28,"b1n"
"GO:19048741","GO:1904874","positive regulation of telomerase RNA localization to Cajal body","10/931","15/18866",1.95734815262776e-10,1.0986480042573e-08,9.52616500288185e-09,"7203/10576/10575/55651/10694/10574/6950/908/1736/22948",10,"b1"
"GO:0071216","GO:0071216","cellular response to biotic stimulus","39/960","246/18866",2.44889658754483e-10,1.34064593797735e-08,9.75086965631438e-09,"706/7431/929/3148/4792/29108/7538/2950/1051/948/64581/10288/968/1604/387/7099/834/4067/3055/5724/9450/1432/114769/7133/23643/140885/7097/11027/6850/824/92140/84919/7128/51510/4615/129607/114548/3576/10221",39,"b1n"
"GO:0031334","GO:0031334","positive regulation of protein-containing complex assembly","40/960","257/18866",2.54922417617504e-10,1.38147350557364e-08,1.00478192674969e-08,"29108/9535/3936/1191/10097/3958/948/10602/64581/5879/10094/387/7099/4478/7454/3055/10092/10788/2242/5216/3071/2885/3320/10109/51100/10096/10399/6850/11151/10095/7408/1654/647087/51199/10163/2185/23191/6249/10093/375",40,"b1n"
"GO:00102572","GO:0010257","NADH dehydrogenase complex assembly","19/960","65/18866",2.97207412821678e-10,1.57873046513693e-08,1.1482520889317e-08,"4536/4538/4535/4537/4540/4715/4707/4694/4725/4709/54539/4713/126328/4716/374291/4726/55967/4696/4711",19,"b1n"
"GO:00329812","GO:0032981","mitochondrial respiratory chain complex I assembly","19/960","65/18866",2.97207412821678e-10,1.57873046513693e-08,1.1482520889317e-08,"4536/4538/4535/4537/4540/4715/4707/4694/4725/4709/54539/4713/126328/4716/374291/4726/55967/4696/4711",19,"b1n"
"GO:00507921","GO:0050792","regulation of viral process","36/960","217/18866",3.31853969443915e-10,1.74548680986922e-08,1.26953835369308e-08,"3725/2219/26986/10410/7538/3956/1072/200315/3965/5359/10581/4599/3428/27243/4939/4940/4938/684/9636/5610/3429/3434/5441/5034/8638/6993/9218/5478/103/7879/6772/1654/3576/91543/10346/81603",36,"b1n"
"GO:00346601","GO:0034660","ncRNA metabolic process","59/931","493/18866",2.68053669395453e-10,1.48707448451826e-08,1.28941361165744e-08,"6165/6125/6130/6194/6229/4736/6154/6135/6129/9045/6202/6209/6201/6187/6223/6203/6208/6227/29997/11224/6232/6234/10412/6155/6217/26156/51637/3181/285855/5036/79002/55651/6218/51504/5901/10521/1615/51520/4809/6741/2091/92675/28987/1736/8270/23318/2058/65008/5591/10528/51002/11103/27068/84365/54433/29081/1653/8886/55035",59,"b1"
"GO:00070072","GO:0007007","inner mitochondrial membrane organization","17/960","52/18866",3.6337617757502e-10,1.89273125503882e-08,1.3766331019628e-08,"517/10476/4508/514/10632/521/140823/9551/509/506/513/539/518/515/522/498/4580",17,"b1n"
"GO:0071824","GO:0071824","protein-DNA complex subunit organization","42/933","282/18866",1.54943257928347e-10,1.61205547936284e-08,1.40162486612814e-08,"10541/3008/9555/4869/8364/3007/3146/7314/3021/3020/3159/6418/5757/6233/3006/9349/4678/6599/5928/5931/3005/546/6879/92815/4673/3148/23522/11198/6601/4778/51773/2186/142/26054/7259/23270/8971/6925/4676/8520/50809/6605",42,"b0"
"GO:00702021","GO:0070202","regulation of establishment of protein localization to chromosome","9/931","12/18866",3.21534514916634e-10,1.70449018963029e-08,1.47793057733611e-08,"7203/10576/10575/10694/10574/6950/908/1736/22948",9,"b1"
"GO:19034051","GO:1903405","protein localization to nuclear body","9/931","12/18866",3.21534514916634e-10,1.70449018963029e-08,1.47793057733611e-08,"7203/10576/10575/10694/10574/6950/908/1736/22948",9,"b1"
"GO:19048161","GO:1904816","positive regulation of protein localization to chromosome, telomeric region","9/931","12/18866",3.21534514916634e-10,1.70449018963029e-08,1.47793057733611e-08,"7203/10576/10575/10694/10574/6950/908/1736/22948",9,"b1"
"GO:19048671","GO:1904867","protein localization to Cajal body","9/931","12/18866",3.21534514916634e-10,1.70449018963029e-08,1.47793057733611e-08,"7203/10576/10575/10694/10574/6950/908/1736/22948",9,"b1"
"GO:0002833","GO:0002833","positive regulation of response to biotic stimulus","39/960","251/18866",4.49304512805763e-10,2.31780645307973e-08,1.68580144632689e-08,"2219/3148/4332/2896/29108/5359/5688/2207/5062/9958/7099/3428/4067/5691/3055/9450/83666/5685/23643/26253/11027/6850/1535/5720/5682/6421/3916/3385/9698/340061/2069/5689/5713/5694/51311/5710/5721/7520/5692",39,"b1n"
"GO:00091521","GO:0009152","purine ribonucleotide biosynthetic process","31/931","173/18866",3.8225738055424e-10,2.0014337214806e-08,1.73540458811874e-08,"517/3615/2982/4508/142/2023/30968/9200/522/509/25874/539/506/353/4833/513/518/4513/498/4830/51144/10632/3251/10606/521/8833/159/9524/515/29922/9061",31,"b1"
"GO:00064051","GO:0006405","RNA export from nucleus","28/931","144/18866",3.85939849876788e-10,2.0014337214806e-08,1.73540458811874e-08,"4869/3178/6209/6430/10657/3181/5901/6428/80145/4116/9295/6741/7175/8683/10250/6427/8106/1984/56943/9939/6059/6432/91746/22916/6426/7514/10921/84248",28,"b1"
"GO:0007159","GO:0007159","leukocyte cell-cell adhesion","49/960","364/18866",4.68192587561857e-10,2.39224117358987e-08,1.7399397715206e-08,"301/6280/6279/199/6402/960/29108/3956/3689/10673/64115/1051/3958/5788/10875/5879/10288/9314/3965/1604/387/998/5062/5175/4478/4067/5724/64332/861/3071/6093/2885/4179/5777/81704/140885/6850/11151/240/3105/5621/5573/3142/604/9750/1326/114548/65125/8876",49,"b1n"
"GO:2000379","GO:2000379","positive regulation of reactive oxygen species metabolic process","24/960","106/18866",4.90727141936592e-10,2.48372746838662e-08,1.80648015408039e-08,"706/199/3689/7305/2950/2771/1191/948/64581/9314/4513/7099/3684/4835/1432/2885/10365/3320/5873/140823/6850/1535/2773/2185",24,"b1n"
"GO:0043254","GO:0043254","regulation of protein-containing complex assembly","56/960","449/18866",5.05767343116388e-10,2.53592691198077e-08,1.84444617897929e-08,"91663/29108/9535/3936/1191/10097/3958/948/822/10602/64581/5879/23406/10094/9168/387/998/7099/4478/7454/3055/10092/10788/2242/5216/3071/2885/5610/3320/10109/830/51100/10096/10399/3021/6850/829/11151/10095/832/7408/1654/3020/7114/136319/11078/647087/51199/10163/3059/11344/2185/23191/6249/10093/375",56,"b1n"
"GO:0040029","GO:0040029","regulation of gene expression, epigenetic","35/933","209/18866",2.09384434674832e-10,2.12213725181595e-08,1.8451228134268e-08,"3008/9555/8364/3007/3146/3021/3020/3159/79101/7503/3006/3192/57492/5928/10209/55183/7913/5931/3005/92815/30834/221830/94239/3066/10933/23451/23512/8971/8520/51535/8338/51742/57708/3015/54737",35,"b0"
"GO:0006913","GO:0006913","nucleocytoplasmic transport","48/933","354/18866",2.12468687606723e-10,2.12213725181595e-08,1.8451228134268e-08,"10541/4869/3178/6430/7295/3326/6635/7531/9349/6209/10657/3181/6428/3553/11331/4659/6633/3840/6431/6427/8106/9295/6632/8683/6741/56943/811/65110/11052/7175/3692/3313/84268/284/10250/84248/26019/10204/4734/3837/6636/26060/4116/11315/5901/5514/754/10921",48,"b0"
"GO:00439031","GO:0043903","regulation of symbiotic process","37/960","231/18866",5.25444913468578e-10,2.61019625996196e-08,1.89846422439378e-08,"3725/2597/2219/26986/10410/7538/3956/1072/200315/3965/5359/10581/4599/3428/27243/4939/4940/4938/684/9636/5610/3429/3434/5441/5034/8638/6993/9218/5478/103/7879/6772/1654/3576/91543/10346/81603",37,"b1n"
"GO:00070062","GO:0007006","mitochondrial membrane organization","28/960","142/18866",5.50402078179225e-10,2.70908912791884e-08,1.97039160194146e-08,"517/7529/23593/665/10476/4508/514/10632/3320/521/140823/9551/509/506/6993/513/539/7531/7534/518/515/6774/7532/55288/522/84266/498/4580",28,"b1n"
"GO:00017321","GO:0001732","formation of cytoplasmic translation initiation complex","10/931","16/18866",4.98822537214682e-10,2.55901325274328e-08,2.21887104839128e-08,"3646/8667/51386/10480/8665/8666/8664/27335/8668/8894",10,"b1"
"GO:00718241","GO:0071824","protein-DNA complex subunit organization","41/931","282/18866",5.08109389347274e-10,2.57892542188919e-08,2.23613650630995e-08,"4869/6233/3008/7314/10541/9349/5757/3007/9555/8364/6418/3146/3021/142/4678/3020/3159/8971/6879/546/50809/3005/4673/51773/3006/7311/11198/2186/2958/6599/7259/5928/6925/4172/92815/1060/6605/10467/26054/4676/23270",41,"b1"
"GO:0071219","GO:0071219","cellular response to molecule of bacterial origin","36/960","222/18866",6.34876445520652e-10,3.09646557292573e-08,2.2521406541101e-08,"706/7431/929/3148/4792/29108/7538/2950/1051/948/10288/968/1604/387/7099/834/4067/3055/5724/9450/1432/114769/7133/23643/140885/7097/11027/824/92140/7128/51510/4615/129607/114548/3576/10221",36,"b1n"
"GO:00000271","GO:0000027","ribosomal large subunit assembly","13/931","30/18866",5.18830963166979e-10,2.60562371081017e-08,2.25928607783516e-08,"6125/6152/6175/6135/6122/6136/6128/6169/6134/29997/6147/51187/65003",13,"b1"
"GO:00345992","GO:0034599","cellular response to oxidative stress","44/960","310/18866",6.79377064523534e-10,3.28365581186375e-08,2.3882890262577e-08,"2353/301/3725/199/4257/4170/4688/5660/2950/948/1536/9314/1471/5052/7295/847/7099/1499/3091/653361/1545/10935/25824/10365/5034/10399/140823/140885/1535/3162/240/29957/4929/6421/120892/7128/2539/6648/8837/3184/30001/6778/4689/8876",44,"b1n"
"GO:00159311","GO:0015931","nucleobase-containing compound transport","39/931","261/18866",5.98881055637416e-10,2.97631407963137e-08,2.58070454896387e-08,"4869/3178/6209/6430/10657/4904/51637/3181/9804/5901/6428/80145/4116/9295/6741/65110/7175/293/292/8683/10250/6421/6427/3192/10644/8106/55186/1984/56943/9939/6059/6432/91746/22916/29074/6426/7514/10921/84248",39,"b1"
"GO:0042776","GO:0042776","mitochondrial ATP synthesis coupled proton transport","12/933","24/18866",3.11162740029897e-10,3.04695436021432e-08,2.64921837486754e-08,"517/506/509/4508/539/498/10632/522/518/30968/513/515",12,"b0"
"GO:00091991","GO:0009199","ribonucleoside triphosphate metabolic process","21/931","85/18866",6.21870470906038e-10,3.05870517184815e-08,2.65214427635456e-08,"517/3615/4508/142/2023/30968/5901/522/509/539/506/4833/513/518/4513/498/4830/10632/521/515/29922",21,"b1"
"GO:0051090","GO:0051090","regulation of DNA-binding transcription factor activity","56/960","455/18866",8.33072328205572e-10,3.99056521502044e-08,2.90244278257336e-08,"2353/3725/6280/6279/6283/4792/11213/29108/9208/3689/1191/948/9314/3965/3398/409/7311/847/7099/1499/5728/3055/1545/1432/5292/10935/114769/5610/7316/7097/6850/6717/3162/5621/92140/3397/307/10542/7128/4615/2316/8837/340061/11261/7114/114548/136319/28232/10221/6774/3059/10346/81603/170622/8887/6672",56,"b1n"
"GO:00330441","GO:0033044","regulation of chromosome organization","47/931","356/18866",7.52676744208994e-10,3.66430688430726e-08,3.17724984397567e-08,"3178/3008/3007/9555/6418/4602/23741/3021/4300/142/7203/10576/3020/3181/23168/3159/8971/6879/10575/546/10694/3183/3005/6742/10574/5514/3006/3184/6950/7175/1843/7520/54737/908/2624/6421/1736/3192/22948/55904/22823/3553/4297/10467/26054/3550/51433",47,"b1"
"GO:0030838","GO:0030838","positive regulation of actin filament polymerization","23/960","101/18866",9.97333708808118e-10,4.73512862633235e-08,3.44398328696013e-08,"29108/9535/10097/10602/10094/387/7454/3055/10092/10788/5216/3071/2885/10109/10096/11151/10095/7408/10163/2185/23191/10093/375",23,"b1n"
"GO:00714261","GO:0071426","ribonucleoprotein complex export from nucleus","26/931","130/18866",8.61748640601501e-10,4.15293208516138e-08,3.60092733393291e-08,"4869/6209/6430/3181/5901/6428/80145/4116/9295/6741/7175/8683/10250/6427/8106/1984/56943/9939/6059/6432/91746/22916/6426/7514/10921/84248",26,"b1"
"GO:00061231","GO:0006123","mitochondrial electron transport, cytochrome c to oxygen","11/931","21/18866",8.92154566756096e-10,4.21432617623102e-08,3.65416096649448e-08,"1350/4514/4513/1340/4697/1327/9167/4512/54205/1345/1337",11,"b1"
"GO:00196461","GO:0019646","aerobic electron transport chain","11/931","21/18866",8.92154566756096e-10,4.21432617623102e-08,3.65416096649448e-08,"1350/4514/4513/1340/4697/1327/9167/4512/54205/1345/1337",11,"b1"
"GO:00434872","GO:0043487","regulation of RNA stability","33/960","195/18866",1.06916432380879e-09,5.03163736599489e-08,3.65964187290784e-08,"7431/26986/7538/3192/6556/7529/8021/5688/8531/7311/5691/6093/4904/5685/1432/3183/7316/7133/5720/5682/8125/4615/9698/677/7534/5689/5713/3184/5694/5710/5721/678/5692",33,"b1n"
"GO:0032680","GO:0032680","regulation of tumor necrosis factor production","24/960","110/18866",1.09805828656988e-09,5.12268061517164e-08,3.72586001676387e-08,"706/929/11213/29108/7538/64115/2950/1191/5788/948/3965/2207/409/7099/5724/5777/945/23643/140885/7097/1535/23405/1652/7128",24,"b1n"
"GO:1901653","GO:1901653","cellular response to peptide","51/960","398/18866",1.18938259260607e-09,5.50089449080307e-08,4.00094489182459e-08,"7431/57085/10135/2950/2771/948/8660/9314/5315/11031/4035/533/7099/5728/4067/9021/64397/10890/7071/8992/9349/9114/6093/2885/10365/9296/1535/5791/114882/4929/5621/55023/5573/3397/9550/6430/51510/10312/6772/8837/837/677/51762/54741/58533/6774/7532/537/6778/23191/523",51,"b1n"
"GO:00091441","GO:0009144","purine nucleoside triphosphate metabolic process","21/931","87/18866",9.87290378621644e-10,4.61800234941555e-08,4.00418079255218e-08,"517/3615/4508/142/2023/30968/5901/522/509/539/506/4833/513/518/4513/498/4830/10632/521/515/29922",21,"b1"
"GO:00713492","GO:0071349","cellular response to interleukin-12","16/960","49/18866",1.22458390987825e-09,5.61529288589473e-08,4.08414984608069e-08,"6888/3936/1072/302/998/5062/4478/5034/140885/9446/829/5478/6648/5721/3181/375",16,"b1n"
"GO:00711661","GO:0071166","ribonucleoprotein complex localization","26/931","131/18866",1.02555429101107e-09,4.75040730331438e-08,4.1189865750368e-08,"4869/6209/6430/3181/5901/6428/80145/4116/9295/6741/7175/8683/10250/6427/8106/1984/56943/9939/6059/6432/91746/22916/6426/7514/10921/84248",26,"b1"
"GO:00434882","GO:0043488","regulation of mRNA stability","32/960","186/18866",1.24845094461808e-09,5.67621976091184e-08,4.12846356083783e-08,"7431/26986/7538/3192/6556/7529/8021/5688/8531/7311/5691/6093/4904/5685/1432/3183/7316/5720/5682/8125/4615/9698/677/7534/5689/5713/3184/5694/5710/5721/678/5692",32,"b1n"
"GO:00068392","GO:0006839","mitochondrial transport","40/960","271/18866",1.27594363883328e-09,5.75246859020214e-08,4.18392133494469e-08,"706/517/7529/23593/1329/665/51312/10476/4508/293/7323/514/10632/3320/51100/521/59286/140823/9551/509/506/6993/513/539/29957/51522/120892/7531/7534/518/54741/515/6774/7532/55288/7332/26521/522/84266/498",40,"b1n"
"GO:19039001","GO:1903900","regulation of viral life cycle","29/960","157/18866",1.35677903841243e-09,6.06593295090222e-08,4.41191218894286e-08,"2219/26986/10410/3956/200315/3965/5359/10581/4599/3428/27243/4939/4940/4938/684/9636/5610/3429/3434/5034/8638/9218/5478/103/1654/3576/91543/10346/81603",29,"b1n"
"GO:19033121","GO:1903312","negative regulation of mRNA metabolic process","21/931","88/18866",1.23722191049534e-09,5.67575551439738e-08,4.92133816624159e-08,"1153/8531/27316/26986/4904/3181/10949/3190/708/3183/9967/3184/10284/8148/8683/3192/10772/2521/6432/10921/10492",21,"b1"
"GO:1902905","GO:1902905","positive regulation of supramolecular fiber organization","34/960","208/18866",1.53065349612961e-09,6.78674050143416e-08,4.93617443249452e-08,"6281/29108/9535/1191/10097/1072/10602/5879/10094/387/998/55704/7454/3055/10092/10788/2242/5216/3071/2885/10109/10096/11151/10095/3397/7408/2316/51199/10163/2185/23191/6249/10093/375",34,"b1n"
"GO:00706712","GO:0070671","response to interleukin-12","16/960","50/18866",1.71636103461268e-09,7.54776799237463e-08,5.48968969396827e-08,"6888/3936/1072/302/998/5062/4478/5034/140885/9446/829/5478/6648/5721/3181/375",16,"b1n"
"GO:0032675","GO:0032675","regulation of interleukin-6 production","29/960","159/18866",1.84337035853152e-09,8.04039184839153e-08,5.84798794957324e-08,"199/11213/29108/7305/948/64581/23765/10288/3965/2207/409/353514/7099/3071/3106/10365/5777/140885/7097/11027/6850/1535/824/7128/4615/2069/51311/6774/3570",29,"b1n"
"GO:1903555","GO:1903555","regulation of tumor necrosis factor superfamily cytokine production","24/960","113/18866",1.95632948809405e-09,8.46428040614885e-08,6.15629321932482e-08,"706/929/11213/29108/7538/64115/2950/1191/5788/948/3965/2207/409/7099/5724/5777/945/23643/140885/7097/1535/23405/1652/7128",24,"b1n"
"GO:0002573","GO:0002573","myeloid leukocyte differentiation","34/960","210/18866",1.97786362258562e-09,8.47667059294928e-08,6.16530492726992e-08,"2353/3725/6688/7305/1051/302/11025/9935/3726/2207/3398/2124/998/7099/3428/1499/126014/4067/861/7071/29887/2242/1432/3516/7097/9770/1230/4627/10312/3930/677/10221/3059/537",34,"b1n"
"GO:19033112","GO:1903311","regulation of mRNA metabolic process","46/960","344/18866",1.99079309359107e-09,8.47667059294928e-08,6.16530492726992e-08,"7431/26986/7538/3192/6556/7529/8021/5688/8531/7311/9444/5691/6093/4904/5685/1432/3183/7316/3190/9991/5720/5682/8125/6430/10659/4615/9698/4154/677/10914/7534/5689/5713/3184/6428/10521/8683/5694/5710/140890/5721/10657/3181/678/5692/5935",46,"b1n"
"GO:00108331","GO:0010833","telomere maintenance via telomere lengthening","20/931","81/18866",1.60754378727112e-09,7.30437277054337e-08,6.33348078594037e-08,"3178/3326/3320/142/7203/10576/10728/3181/10575/55651/10694/3183/10574/6950/7520/908/1736/3192/22948/54433",20,"b1"
"GO:0006457","GO:0006457","protein folding","36/933","230/18866",7.98711197870721e-10,7.67069946570458e-08,6.66940018464924e-08,"6767/3320/3326/10049/10576/10728/3315/5204/3329/9761/10574/51035/1460/10575/10694/3301/6950/10856/7203/811/5478/3313/821/5082/6902/5203/4820/908/2280/6625/134492/2289/7415/1457/10726/3338",36,"b0"
"GO:00463901","GO:0046390","ribose phosphate biosynthetic process","32/931","194/18866",1.74468668728626e-09,7.85273602362524e-08,6.80895598911123e-08,"517/3615/2982/4508/142/2023/30968/9200/522/509/25874/539/506/353/4833/513/518/4513/498/4830/51144/10632/3251/7086/10606/521/8833/159/9524/515/29922/9061",32,"b1"
"GO:0006333","GO:0006333","chromatin assembly or disassembly","35/933","220/18866",8.77194112197649e-10,8.26548565342464e-08,7.18654560638591e-08,"10541/3008/9555/4869/8364/3007/3021/3020/3159/6418/3006/4678/6599/5928/5931/3005/546/92815/4673/3148/23522/11198/6601/4778/51773/7175/7259/23270/8971/4676/8520/50809/51535/6605/54737",35,"b0"
"GO:0000028","GO:0000028","ribosomal small subunit assembly","11/933","21/18866",9.1265436137701e-10,8.44036274206812e-08,7.33859501107245e-08,"6204/6208/6193/6209/6234/6223/6169/3921/7520/6232/51065",11,"b0"
"GO:00091421","GO:0009142","nucleoside triphosphate biosynthetic process","20/931","82/18866",2.02867244610734e-09,9.04560396297023e-08,7.84326877835894e-08,"517/3615/4508/142/2023/30968/522/509/539/506/4833/513/518/4513/498/4830/10632/521/515/29922",20,"b1"
"GO:0050657","GO:0050657","nucleic acid transport","33/933","200/18866",1.01903896546523e-09,9.06834159240206e-08,7.88460027162247e-08,"4869/3178/6430/10644/6421/3192/6209/10657/51637/3181/6428/9804/6431/6427/8106/9295/8683/4904/6741/56943/65110/11052/7175/3692/10250/6311/84248/26019/10204/4116/5901/10921/29074",33,"b0"
"GO:0050658","GO:0050658","RNA transport","33/933","200/18866",1.01903896546523e-09,9.06834159240206e-08,7.88460027162247e-08,"4869/3178/6430/10644/6421/3192/6209/10657/51637/3181/6428/9804/6431/6427/8106/9295/8683/4904/6741/56943/65110/11052/7175/3692/10250/6311/84248/26019/10204/4116/5901/10921/29074",33,"b0"
"GO:0009205","GO:0009205","purine ribonucleoside triphosphate metabolic process","20/933","79/18866",1.03503298111117e-09,9.06834159240206e-08,7.88460027162247e-08,"4833/517/3615/2023/506/509/4508/539/498/4513/10632/142/522/518/30968/513/5901/7415/515/387",20,"b0"
"GO:0038094","GO:0038094","Fc-gamma receptor signaling pathway","27/960","142/18866",2.58535239359417e-09,1.09215870800257e-07,7.94355683634776e-08,"60/10097/5788/5879/2268/2207/10094/71/998/64005/2209/4067/7454/3055/10092/3071/2885/2212/3320/10109/10096/26253/6850/10095/10163/23191/10093",27,"b1n"
"GO:0001666","GO:0001666","response to hypoxia","47/960","359/18866",2.66647756945331e-09,1.11236267568031e-07,8.09050559424516e-08,"57085/2023/4538/6923/1536/1471/5315/5688/3939/387/4540/665/7311/5230/847/5728/5691/3091/4519/10370/571/5685/114769/3516/7316/5034/7097/1535/824/5720/3162/5682/4929/7009/2782/8837/677/5689/5713/5694/81/5710/5721/30001/6868/2185/5692",47,"b1n"
"GO:0036293","GO:0036293","response to decreased oxygen levels","48/960","371/18866",2.67464650815955e-09,1.11236267568031e-07,8.09050559424516e-08,"57085/10135/2023/4538/6923/1536/1471/5315/5688/3939/387/4540/665/7311/5230/847/5728/5691/3091/4519/10370/571/5685/114769/3516/7316/5034/7097/1535/824/5720/3162/5682/4929/7009/2782/8837/677/5689/5713/5694/81/5710/5721/30001/6868/2185/5692",48,"b1n"
"GO:0043620","GO:0043620","regulation of DNA-templated transcription in response to stress","24/960","115/18866",2.84114706317923e-09,1.17251953799666e-07,8.52804223741327e-08,"3725/1051/6923/5688/7311/5691/3091/10370/571/5685/10365/3516/7316/9774/5720/3162/5682/7009/5689/5713/5694/5710/5721/5692",24,"b1n"
"GO:0015980","GO:0015980","energy derivation by oxidation of organic compounds","40/933","278/18866",1.20210683302668e-09,1.03505543519573e-07,8.99943863200551e-08,"29997/4537/847/7388/7385/7381/4538/9167/4536/4519/4724/1350/4697/4512/2778/4535/4540/7360/1340/4514/1327/4698/4513/5257/144363/4539/4725/4707/3418/9377/4711/11315/513/4722/4191/7415/2109/27089/4723/4717",40,"b0"
"GO:00092601","GO:0009260","ribonucleotide biosynthetic process","31/931","186/18866",2.41441205385956e-09,1.06658888045963e-07,9.24818652209365e-08,"517/3615/2982/4508/142/2023/30968/9200/522/509/25874/539/506/353/4833/513/518/4513/498/4830/51144/10632/3251/10606/521/8833/159/9524/515/29922/9061",31,"b1"
"GO:0071453","GO:0071453","cellular response to oxygen levels","36/960","235/18866",3.10642940902292e-09,1.27221326560366e-07,9.25314087524947e-08,"10135/2023/6923/1536/5688/665/7311/5230/5728/5691/3091/10370/9114/571/5685/114769/3516/7316/5034/5720/3162/5682/9550/7009/2782/8837/677/5689/5713/5694/5710/5721/30001/537/523/5692",36,"b1n"
"GO:19048721","GO:1904872","regulation of telomerase RNA localization to Cajal body","10/931","18/18866",2.48954129274838e-09,1.08968821171583e-07,9.44847636938787e-08,"7203/10576/10575/55651/10694/10574/6950/908/1736/22948",10,"b1"
"GO:0031663","GO:0031663","lipopolysaccharide-mediated signaling pathway","17/960","59/18866",3.27958382679287e-09,1.33295206293513e-07,9.69491008446663e-08,"929/4792/948/1604/7099/4067/3055/5724/9450/1432/114769/23643/7097/11027/92140/7128/10221",17,"b1n"
"GO:0033209","GO:0033209","tumor necrosis factor-mediated signaling pathway","30/960","173/18866",3.37491944032766e-09,1.36138667649307e-07,9.90172248935071e-08,"4792/29108/10673/2950/5688/834/5691/5685/114769/10399/7133/6850/5720/5682/7132/7128/6772/84817/837/5689/5713/7114/5694/81/5710/5721/8887/6868/2185/5692",30,"b1n"
"GO:0032640","GO:0032640","tumor necrosis factor production","24/960","116/18866",3.41218388450008e-09,1.36614675674201e-07,9.93634380191815e-08,"706/929/11213/29108/7538/64115/2950/1191/5788/948/3965/2207/409/7099/5724/5777/945/23643/140885/7097/1535/23405/1652/7128",24,"b1n"
"GO:19037081","GO:1903708","positive regulation of hemopoiesis","33/960","204/18866",3.49008458414186e-09,1.38698546621637e-07,1.00879092034416e-07,"2353/301/3725/3148/7305/64115/5788/10288/3965/3398/2124/387/3091/64332/861/7071/2242/3071/1432/9636/4179/6850/1230/3142/604/6772/677/114548/10221/6774/3059/537/8876",33,"b1n"
"GO:0002218","GO:0002218","activation of innate immune response","27/960","144/18866",3.55805421610257e-09,1.40360006392576e-07,1.02087515318051e-07,"2219/4332/29108/5688/2207/5062/7099/3428/4067/5691/3055/5685/26253/11027/6850/5720/5682/6421/3385/340061/5689/5713/5694/5710/5721/7520/5692",27,"b1n"
"GO:1904851","GO:1904851","positive regulation of establishment of protein localization to telomere","8/933","10/18866",1.43117237604244e-09,1.21140251626372e-07,1.05327137398306e-07,"10576/10574/1736/10575/10694/6950/7203/908",8,"b0"
"GO:0009206","GO:0009206","purine ribonucleoside triphosphate biosynthetic process","18/933","65/18866",1.46516643464348e-09,1.21950686243492e-07,1.06031781454462e-07,"4833/517/3615/2023/506/509/4508/539/498/4513/10632/142/522/518/30968/513/7415/515",18,"b0"
"GO:00004701","GO:0000470","maturation of LSU-rRNA","12/931","28/18866",2.84259975199405e-09,1.2329130378876e-07,1.06903512204178e-07,"6130/4736/6129/11224/10412/26156/285855/55651/4809/65008/84365/8886",12,"b1"
"GO:0051236","GO:0051236","establishment of RNA localization","33/933","203/18866",1.50919488129687e-09,1.23556053068796e-07,1.07427590773936e-07,"4869/3178/6430/10644/6421/3192/6209/10657/51637/3181/6428/9804/6431/6427/8106/9295/8683/4904/6741/56943/65110/11052/7175/3692/10250/6311/84248/26019/10204/4116/5901/10921/29074",33,"b0"
"GO:0002431","GO:0002431","Fc receptor mediated stimulatory signaling pathway","27/960","145/18866",4.16408094299865e-09,1.6306784130794e-07,1.18603519444456e-07,"60/10097/5788/5879/5359/2268/2207/10094/71/998/64005/2209/4067/7454/3055/10092/3071/2885/2212/3320/10109/10096/6850/10095/10163/23191/10093",27,"b1n"
"GO:19905421","GO:1990542","mitochondrial transmembrane transport","22/931","101/18866",3.18526473866154e-09,1.36908991604993e-07,1.18711146732479e-07,"517/3329/4508/30968/54543/9804/522/509/25874/539/506/513/518/498/131118/55186/10632/1374/521/29074/140823/515",22,"b1"
"GO:0015985","GO:0015985","energy coupled proton transport, down electrochemical gradient","12/933","27/18866",1.74253437332955e-09,1.38130423181076e-07,1.20099486883616e-07,"517/506/509/4508/539/498/10632/522/518/30968/513/515",12,"b0"
"GO:0015986","GO:0015986","ATP synthesis coupled proton transport","12/933","27/18866",1.74253437332955e-09,1.38130423181076e-07,1.20099486883616e-07,"517/506/509/4508/539/498/10632/522/518/30968/513/515",12,"b0"
"GO:00091411","GO:0009141","nucleoside triphosphate metabolic process","23/931","110/18866",3.26332235075359e-09,1.38552364685436e-07,1.20136083842902e-07,"517/3615/1854/4508/142/2023/30968/5901/522/509/539/506/4833/513/518/4513/498/4830/10632/521/79077/515/29922",23,"b1"
"GO:00062781","GO:0006278","RNA-dependent DNA biosynthetic process","19/931","76/18866",3.28157979657393e-09,1.38552364685436e-07,1.20136083842902e-07,"3178/3326/3320/7203/10576/10728/10575/55651/10694/5478/3183/10574/6950/7520/908/1736/3192/22948/54433",19,"b1"
"GO:00450691","GO:0045069","regulation of viral genome replication","22/960","100/18866",4.58447737322659e-09,1.78229863096816e-07,1.29631255702143e-07,"26986/10410/200315/5359/10581/4599/3428/4939/4940/4938/684/9636/5610/3429/3434/8638/9218/5478/103/1654/3576/91543",22,"b1n"
"GO:0009145","GO:0009145","purine nucleoside triphosphate biosynthetic process","18/933","66/18866",1.92238146767518e-09,1.50005828899529e-07,1.30424729509212e-07,"4833/517/3615/2023/506/509/4508/539/498/4513/10632/142/522/518/30968/513/7415/515",18,"b0"
"GO:0043618","GO:0043618","regulation of transcription from RNA polymerase II promoter in response to stress","23/960","109/18866",4.83997790326216e-09,1.86809219071953e-07,1.35871246402066e-07,"3725/1051/6923/5688/7311/5691/3091/10370/571/5685/10365/3516/7316/5720/3162/5682/7009/5689/5713/5694/5710/5721/5692",23,"b1n"
"GO:0006364","GO:0006364","rRNA processing","35/933","227/18866",2.06670165789396e-09,1.56816543986088e-07,1.36346403883105e-07,"6129/6165/6154/6229/6125/6201/6135/6203/9045/6194/10521/6130/4736/29997/6208/10412/6202/6209/6187/6234/6223/6227/5036/1736/285855/26156/11224/6232/6218/6155/3692/2091/51504/11056/51729",35,"b0"
"GO:0016072","GO:0016072","rRNA metabolic process","36/933","238/18866",2.07246533902319e-09,1.56816543986088e-07,1.36346403883105e-07,"6129/6165/6154/6229/6125/6201/6135/6203/9045/6194/10521/6130/4736/29997/6208/10412/6202/6209/6187/6234/6223/6227/5036/1736/285855/79002/26156/11224/6232/6218/6155/3692/2091/51504/11056/51729",36,"b0"
"GO:00067541","GO:0006754","ATP biosynthetic process","16/931","54/18866",3.91826529553917e-09,1.63982839693135e-07,1.42186358369981e-07,"517/4508/142/2023/30968/522/509/539/506/513/518/4513/498/10632/521/515",16,"b1"
"GO:00070041","GO:0007004","telomere maintenance via telomerase","18/931","69/18866",4.06339320942003e-09,1.68577817409939e-07,1.46170574947558e-07,"3178/3326/3320/7203/10576/10728/10575/55651/10694/3183/10574/6950/7520/908/1736/3192/22948/54433",18,"b1"
"GO:0045814","GO:0045814","negative regulation of gene expression, epigenetic","25/933","126/18866",2.25574541632452e-09,1.68137203121263e-07,1.46189314098015e-07,"3008/9555/8364/3007/3146/3021/3020/3159/3006/5928/55183/5931/3005/92815/94239/3066/10933/23512/8971/8520/51535/8338/57708/3015/54737",25,"b0"
"GO:00525472","GO:0052547","regulation of peptidase activity","55/960","466/18866",5.38946398368907e-09,2.06531959089228e-07,1.50216112688236e-07,"334/1992/2597/6280/6279/1509/2537/1475/2896/960/5265/29108/4671/831/64115/302/1378/64581/9314/3965/7077/1471/8743/4035/387/409/5329/5062/834/3428/4067/1512/6093/684/1432/10935/25824/114769/8301/27166/1476/10399/6850/5720/5269/5621/10542/7531/1654/8837/114548/10541/5721/6774/7076",55,"b1n"
"GO:0034612","GO:0034612","response to tumor necrosis factor","43/960","320/18866",5.78097384920929e-09,2.18516704359887e-07,1.58932932371041e-07,"929/4792/29108/7538/427/10673/2950/5688/8531/834/5691/5685/1432/114769/10365/10399/7133/6850/1535/5720/5682/2634/7132/102/7128/6772/84817/837/677/5689/5713/7114/3576/5694/81/5710/2633/5721/8887/678/6868/2185/5692",43,"b1n"
"GO:00357222","GO:0035722","interleukin-12-mediated signaling pathway","15/960","47/18866",5.78366673235862e-09,2.18516704359887e-07,1.58932932371041e-07,"6888/3936/1072/302/998/5062/4478/5034/9446/829/5478/6648/5721/3181/375",15,"b1n"
"GO:0071706","GO:0071706","tumor necrosis factor superfamily cytokine production","24/960","119/18866",5.83347031897533e-09,2.1885712070841e-07,1.5918052611293e-07,"706/929/11213/29108/7538/64115/2950/1191/5788/948/3965/2207/409/7099/5724/5777/945/23643/140885/7097/1535/23405/1652/7128",24,"b1n"
"GO:0071356","GO:0071356","cellular response to tumor necrosis factor","41/960","297/18866",5.93735850397131e-09,2.21207835929209e-07,1.60890262969457e-07,"4792/29108/7538/427/10673/2950/5688/8531/834/5691/5685/1432/114769/10365/10399/7133/6850/1535/5720/5682/2634/7132/7128/6772/84817/837/677/5689/5713/7114/3576/5694/81/5710/2633/5721/8887/678/6868/2185/5692",41,"b1n"
"GO:0045637","GO:0045637","regulation of myeloid cell differentiation","38/960","263/18866",6.03287903672591e-09,2.23216524358859e-07,1.62351234766918e-07,"2353/3725/3148/4792/6688/7538/1441/7305/1051/3958/11025/9935/3398/2124/7099/1499/4067/3091/861/7071/2242/3071/1432/9636/3021/9770/1230/4778/6772/3020/677/192670/10221/6774/58508/3059/537/2185",38,"b1n"
"GO:0042274","GO:0042274","ribosomal small subunit biogenesis","19/933","75/18866",2.67182380335296e-09,1.94445206053519e-07,1.69063186343774e-07,"4869/6229/6201/6194/6204/6208/6193/6202/6209/6234/6223/6169/3921/6227/7520/6232/6218/51065/11056",19,"b0"
"GO:1904814","GO:1904814","regulation of protein localization to chromosome, telomeric region","9/933","14/18866",2.72550348893599e-09,1.94445206053519e-07,1.69063186343774e-07,"9555/10576/10574/1736/10575/10694/6950/7203/908",9,"b0"
"GO:1990173","GO:1990173","protein localization to nucleoplasm","9/933","14/18866",2.72550348893599e-09,1.94445206053519e-07,1.69063186343774e-07,"29997/10576/10574/1736/10575/10694/6950/7203/908",9,"b0"
"GO:00906701","GO:0090670","RNA localization to Cajal body","10/931","19/18866",5.02297650979976e-09,2.01383369144997e-07,1.74615636298214e-07,"7203/10576/10575/55651/10694/10574/6950/908/1736/22948",10,"b1"
"GO:00906711","GO:0090671","telomerase RNA localization to Cajal body","10/931","19/18866",5.02297650979976e-09,2.01383369144997e-07,1.74615636298214e-07,"7203/10576/10575/55651/10694/10574/6950/908/1736/22948",10,"b1"
"GO:00906721","GO:0090672","telomerase RNA localization","10/931","19/18866",5.02297650979976e-09,2.01383369144997e-07,1.74615636298214e-07,"7203/10576/10575/55651/10694/10574/6950/908/1736/22948",10,"b1"
"GO:00906851","GO:0090685","RNA localization to nucleus","10/931","19/18866",5.02297650979976e-09,2.01383369144997e-07,1.74615636298214e-07,"7203/10576/10575/55651/10694/10574/6950/908/1736/22948",10,"b1"
"GO:00424071","GO:0042407","cristae formation","13/931","35/18866",5.07964212243493e-09,2.01958104717809e-07,1.75113978431309e-07,"517/4508/522/509/539/506/513/518/498/10632/521/125988/515",13,"b1"
"GO:0034250","GO:0034250","positive regulation of cellular amide metabolic process","29/933","167/18866",3.13597158782696e-09,2.205780578818e-07,1.91784770938268e-07,"6659/3646/10399/4869/1153/6191/6154/26986/8531/6125/6203/6156/1938/8664/10657/8087/1968/3184/1654/23645/65110/708/3692/51065/7555/54931/27230/51441/387",29,"b0"
"GO:0032535","GO:0032535","regulation of cellular component size","48/960","383/18866",7.59949577516415e-09,2.7925544406682e-07,2.03109811380919e-07,"91663/29108/9535/114908/10097/1072/822/10602/5879/389541/57142/23406/10094/4035/9168/387/5728/4478/57698/7454/3055/10092/10788/5216/3071/2885/8301/1808/10109/830/23645/10096/829/11151/10095/832/7408/10542/7114/136319/11078/10163/3059/11344/2185/23191/10093/375",48,"b1n"
"GO:0050777","GO:0050777","negative regulation of immune response","28/960","159/18866",7.88043451696112e-09,2.85665751239841e-07,2.07772195977062e-07,"301/2896/11213/3958/5788/10875/1378/3965/25939/1604/409/3428/64092/4067/684/3106/5777/54625/9111/3162/5682/3105/3142/103/7128/604/6778/5692",28,"b1n"
"GO:0051092","GO:0051092","positive regulation of NF-kappaB transcription factor activity","28/960","159/18866",7.88043451696112e-09,2.85665751239841e-07,2.07772195977062e-07,"6280/6279/6283/11213/29108/9208/3689/1191/948/3965/7311/847/7099/10935/114769/5610/7316/7097/92140/10542/4615/8837/114548/136319/28232/6774/10346/81603",28,"b1n"
"GO:00347281","GO:0034728","nucleosome organization","30/931","183/18866",6.49868072373747e-09,2.56241369693814e-07,2.22181950798506e-07,"4869/3008/10541/5757/3007/9555/8364/6418/3021/4678/3020/3159/8971/546/50809/3005/4673/51773/3006/11198/2186/6599/7259/5928/92815/1060/6605/10467/4676/23270",30,"b1"
"GO:00525482","GO:0052548","regulation of endopeptidase activity","52/960","434/18866",8.50322816744279e-09,3.0617328267336e-07,2.2268786165108e-07,"334/1992/2597/6280/6279/1509/2537/1475/960/5265/29108/4671/831/64115/302/1378/64581/9314/3965/7077/1471/8743/387/409/5329/5062/834/3428/4067/1512/6093/684/10935/25824/114769/8301/27166/1476/10399/6850/5720/5269/5621/10542/7531/1654/8837/114548/10541/5721/6774/7076",52,"b1n"
"GO:0032635","GO:0032635","interleukin-6 production","29/960","170/18866",9.04031560107107e-09,3.23341954664975e-07,2.35175087250319e-07,"199/11213/29108/7305/948/64581/23765/10288/3965/2207/409/353514/7099/3071/3106/10365/5777/140885/7097/11027/6850/1535/824/7128/4615/2069/51311/6774/3570",29,"b1n"
"GO:1902105","GO:1902105","regulation of leukocyte differentiation","40/960","290/18866",9.31950091887455e-09,3.31120016091139e-07,2.40832275400962e-07,"2353/301/3725/7305/64115/1051/5788/10875/1378/11025/10288/3965/9935/3398/2124/387/7099/1499/4067/64332/861/7071/2242/3071/3106/4179/5777/27166/6850/9770/1230/3142/604/677/114548/10221/3059/537/678/8876",40,"b1n"
"GO:0006754","GO:0006754","ATP biosynthetic process","16/933","54/18866",4.04026760921491e-09,2.80237450561379e-07,2.43656489590811e-07,"517/2023/506/509/4508/539/498/4513/10632/142/522/518/30968/513/7415/515",16,"b0"
"GO:0009199","GO:0009199","ribonucleoside triphosphate metabolic process","20/933","85/18866",4.13340696842162e-09,2.82770334250652e-07,2.4585874181311e-07,"4833/517/3615/2023/506/509/4508/539/498/4513/10632/142/522/518/30968/513/5901/7415/515/387",20,"b0"
"GO:00701981","GO:0070198","protein localization to chromosome, telomeric region","12/931","30/18866",7.3738029841625e-09,2.88364049487207e-07,2.50034907055726e-07,"9555/7203/10576/10575/546/10694/10574/6950/7520/908/1736/22948",12,"b1"
"GO:00322001","GO:0032200","telomere organization","29/931","174/18866",7.88265765717858e-09,3.05757395791862e-07,2.65116342256841e-07,"3178/3326/8364/328/3021/3320/142/7203/10576/3020/10728/3181/10575/55651/546/10694/3183/10574/5514/3184/6950/7520/908/2547/1736/3192/22948/5591/54433",29,"b1"
"GO:0045089","GO:0045089","positive regulation of innate immune response","33/960","213/18866",1.05567570056569e-08,3.72611850890455e-07,2.71010375484558e-07,"2219/3148/4332/29108/5359/5688/2207/5062/7099/3428/4067/5691/3055/83666/5685/26253/11027/6850/5720/5682/6421/3916/3385/340061/2069/5689/5713/5694/51311/5710/5721/7520/5692",33,"b1n"
"GO:00003022","GO:0000302","response to reactive oxygen species","35/960","235/18866",1.08422615597028e-08,3.77719047193543e-07,2.74724973354876e-07,"2353/301/1843/3725/5660/2950/948/9314/1471/3939/5052/7295/4540/847/653361/1545/10935/25824/10365/10399/140823/140885/824/3162/84919/120892/7128/6772/6648/8837/3184/3240/1938/6778/2185",35,"b1n"
"GO:1903039","GO:1903039","positive regulation of leukocyte cell-cell adhesion","35/960","235/18866",1.08422615597028e-08,3.77719047193543e-07,2.74724973354876e-07,"301/199/960/29108/3956/3689/10673/64115/5788/5879/10288/3965/1604/387/998/5062/4067/5724/64332/861/3071/2885/4179/5777/81704/140885/6850/11151/240/3105/3142/604/1326/114548/8876",35,"b1n"
"GO:0070203","GO:0070203","regulation of establishment of protein localization to telomere","8/933","11/18866",5.01907157641238e-09,3.29805834902677e-07,2.86754435632979e-07,"10576/10574/1736/10575/10694/6950/7203/908",8,"b0"
"GO:1904869","GO:1904869","regulation of protein localization to Cajal body","8/933","11/18866",5.01907157641238e-09,3.29805834902677e-07,2.86754435632979e-07,"10576/10574/1736/10575/10694/6950/7203/908",8,"b0"
"GO:1904871","GO:1904871","positive regulation of protein localization to Cajal body","8/933","11/18866",5.01907157641238e-09,3.29805834902677e-07,2.86754435632979e-07,"10576/10574/1736/10575/10694/6950/7203/908",8,"b0"
"GO:0006120","GO:0006120","mitochondrial electron transport, NADH to ubiquinone","16/933","55/18866",5.43825653954607e-09,3.52709781279131e-07,3.06668601854102e-07,"4537/4538/4536/4724/4697/4535/4540/4698/4539/4725/4707/4711/11315/4722/4723/4717",16,"b0"
"GO:0032755","GO:0032755","positive regulation of interleukin-6 production","20/960","88/18866",1.27000300182811e-08,4.395849099876e-07,3.19721638558696e-07,"199/29108/7305/948/64581/23765/10288/3965/2207/353514/7099/7097/11027/6850/1535/4615/2069/51311/6774/3570",20,"b1n"
"GO:00061641","GO:0006164","purine nucleotide biosynthetic process","31/931","197/18866",9.96032305970296e-09,3.83231462240668e-07,3.32292611414538e-07,"517/3615/2982/4508/142/2023/30968/9200/522/509/25874/539/506/353/4833/513/518/4513/498/4830/51144/10632/3251/10606/521/8833/159/9524/515/29922/9061",31,"b1"
"GO:2001252","GO:2001252","positive regulation of chromosome organization","30/933","182/18866",5.98328869325867e-09,3.83083894027357e-07,3.33077811871687e-07,"9555/3178/4602/6421/10576/3192/55183/3181/546/23168/10574/3553/1736/10575/3184/10694/7520/6950/10856/7203/7175/55904/22938/908/23137/51535/5514/57708/54737/23476",30,"b0"
"GO:1903037","GO:1903037","regulation of leukocyte cell-cell adhesion","43/960","329/18866",1.33442860004364e-08,4.58923682002187e-07,3.33787234842225e-07,"301/199/960/29108/3956/3689/10673/64115/1051/3958/5788/10875/5879/10288/9314/3965/1604/387/998/5062/4067/5724/64332/861/3071/2885/4179/5777/81704/140885/6850/11151/240/3105/5621/5573/3142/604/9750/1326/114548/65125/8876",43,"b1n"
"GO:00725221","GO:0072522","purine-containing compound biosynthetic process","32/931","208/18866",1.01366205356557e-08,3.86894532604908e-07,3.35468789095806e-07,"517/262/3615/2982/4508/142/2023/30968/9200/522/509/25874/539/506/353/4833/513/518/4513/498/4830/51144/10632/3251/10606/521/8833/159/9524/515/29922/9061",32,"b1"
"GO:0032651","GO:0032651","regulation of interleukin-1 beta production","21/960","97/18866",1.38838098020632e-08,4.7143442777259e-07,3.4288662848933e-07,"1992/4332/29108/7305/2950/64581/3965/409/353514/7099/834/3428/114769/945/140885/11027/7128/114548/51311/647087/6774",21,"b1n"
"GO:0050764","GO:0050764","regulation of phagocytosis","21/960","97/18866",1.38838098020632e-08,4.7143442777259e-07,3.4288662848933e-07,"29108/5788/6556/948/64581/2268/11031/2207/4035/5728/3055/8291/3071/5873/10399/140885/7097/6850/1535/64422/10960",21,"b1n"
"GO:0009060","GO:0009060","aerobic respiration","20/933","87/18866",6.36631542589448e-09,3.96712868496911e-07,3.4492772011672e-07,"29997/847/7388/7385/7381/4538/9167/1350/4697/4512/4535/1340/4514/1327/4513/3418/9377/513/4191/7415",20,"b0"
"GO:0009144","GO:0009144","purine nucleoside triphosphate metabolic process","20/933","87/18866",6.36631542589448e-09,3.96712868496911e-07,3.4492772011672e-07,"4833/517/3615/2023/506/509/4508/539/498/4513/10632/142/522/518/30968/513/5901/7415/515/387",20,"b0"
"GO:0006839","GO:0006839","mitochondrial transport","38/933","271/18866",6.45979974325834e-09,3.96712868496911e-07,3.4492772011672e-07,"7029/3320/517/54741/7531/506/665/10971/3329/509/51522/4508/25874/51024/9804/292/55186/539/9512/123096/498/10632/93974/23593/522/518/706/1374/293/30968/26517/513/26520/59286/27429/25793/515/29074",38,"b0"
"GO:1904874","GO:1904874","positive regulation of telomerase RNA localization to Cajal body","9/933","15/18866",6.51390773262849e-09,3.96712868496911e-07,3.4492772011672e-07,"10576/10574/1736/10575/10694/6950/10856/7203/908",9,"b0"
"GO:0032611","GO:0032611","interleukin-1 beta production","22/960","106/18866",1.43791001822823e-08,4.851815879116e-07,3.52885298746907e-07,"1992/4332/29108/7305/2950/948/64581/3965/409/353514/7099/834/3428/114769/945/140885/11027/7128/114548/51311/647087/6774",22,"b1n"
"GO:00508211","GO:0050821","protein stabilization","30/931","187/18866",1.08928457782616e-08,4.12458469905445e-07,3.57634786203576e-07,"6125/6659/6135/3326/6201/29997/9349/3329/3320/819/7203/10576/10728/10575/10694/2597/10574/11331/481/6950/5245/908/7341/811/22948/10910/64844/5728/3303/2776",30,"b1"
"GO:0009201","GO:0009201","ribonucleoside triphosphate biosynthetic process","18/933","71/18866",6.90080729313859e-09,4.15212429179929e-07,3.61012429729825e-07,"4833/517/3615/2023/506/509/4508/539/498/4513/10632/142/522/518/30968/513/7415/515",18,"b0"
"GO:0001774","GO:0001774","microglial cell activation","15/960","50/18866",1.50028928157972e-08,4.99941117743803e-07,3.636202920442e-07,"3725/199/2896/10135/3689/7305/1191/5788/728/3684/3459/7097/120892/3949/51311",15,"b1n"
"GO:0002269","GO:0002269","leukocyte activation involved in inflammatory response","15/960","50/18866",1.50028928157972e-08,4.99941117743803e-07,3.636202920442e-07,"3725/199/2896/10135/3689/7305/1191/5788/728/3684/3459/7097/120892/3949/51311",15,"b1n"
"GO:0000027","GO:0000027","ribosomal large subunit assembly","12/933","30/18866",7.55342497744893e-09,4.39761633862178e-07,3.82357089492968e-07,"6175/6125/6135/6152/6122/6134/29997/6128/6136/6169/51187/6147",12,"b0"
"GO:0070198","GO:0070198","protein localization to chromosome, telomeric region","12/933","30/18866",7.55342497744893e-09,4.39761633862178e-07,3.82357089492968e-07,"9555/10576/546/10574/1736/10575/10694/7520/6950/7203/908/54386",12,"b0"
"GO:0015931","GO:0015931","nucleobase-containing compound transport","37/933","261/18866",7.57298768765465e-09,4.39761633862178e-07,3.82357089492968e-07,"4869/3178/6430/10644/6421/3192/6209/10657/51637/3181/6428/9804/6431/292/6427/55186/8106/9295/8683/4904/6741/56943/123096/65110/11052/7175/3692/293/10250/6311/84248/26019/10204/4116/5901/10921/29074",37,"b0"
"GO:00022622","GO:0002262","myeloid cell homeostasis","27/960","154/18866",1.60291310918704e-08,5.30779593857905e-07,3.86049924840586e-07,"301/3148/6688/7538/9935/2207/3398/5052/4067/3091/3071/1432/6229/9636/10365/9991/3162/6208/51522/103/2539/604/6772/677/6774/3059/6868",27,"b1n"
"GO:0032479","GO:0032479","regulation of type I interferon production","24/960","125/18866",1.6126202012831e-08,5.30779593857905e-07,3.86049924840586e-07,"929/3148/29108/9208/7099/3428/1499/9636/9111/5441/140885/7097/6850/5094/7128/4615/6772/1654/9246/340061/51311/8887/7520/6778",24,"b1n"
"GO:00322061","GO:0032206","positive regulation of telomere maintenance","15/931","51/18866",1.34531583358975e-08,5.05393845831237e-07,4.38217258682779e-07,"3178/7203/10576/3181/10575/546/10694/10574/5514/3184/6950/7520/908/1736/22948",15,"b1"
"GO:0007249","GO:0007249","I-kappaB kinase/NF-kappaB signaling","39/960","286/18866",1.9635513858649e-08,6.42344706412513e-07,4.67194158369782e-07,"6283/929/6275/4792/29108/3956/2950/948/3965/8743/387/7311/7099/834/1499/11214/6093/684/114769/7316/23643/51246/140885/7097/3162/9218/2280/5187/7132/92140/10542/7128/4615/6772/2316/8837/51311/10346/81603",39,"b1n"
"GO:0006338","GO:0006338","chromatin remodeling","33/933","218/18866",9.50768127446468e-09,5.39874065175043e-07,4.69401285510413e-07,"4869/8364/3146/3021/4602/3020/3159/5757/10765/57492/1108/4678/6599/5928/5931/546/11335/3183/29994/6304/3148/3066/6601/10856/51773/7175/2186/6595/51535/473/57798/6605/54737",33,"b0"
"GO:0043312","GO:0043312","neutrophil degranulation","55/933","487/18866",9.51319938634436e-09,5.39874065175043e-07,4.69401285510413e-07,"1992/3146/1915/5269/3320/10788/340061/3326/9588/3615/1938/79895/10576/684/9218/847/6727/8804/5023/967/326624/9761/5036/2950/203068/55004/6386/8673/1460/8655/1654/10694/7520/427/5683/9535/823/5695/2495/23593/3608/5478/2665/51552/4282/4257/3837/5689/2171/6814/966/5908/7415/3920/387",55,"b0"
"GO:00610132","GO:0061013","regulation of mRNA catabolic process","32/960","208/18866",2.09088614759617e-08,6.7985479890021e-07,4.94476232799937e-07,"7431/26986/7538/3192/6556/7529/8021/5688/8531/7311/5691/6093/4904/5685/1432/3183/7316/5720/5682/8125/4615/9698/677/7534/5689/5713/3184/5694/5710/5721/678/5692",32,"b1n"
"GO:0051495","GO:0051495","positive regulation of cytoskeleton organization","34/960","230/18866",2.12383388381971e-08,6.86407758234502e-07,4.9924237205578e-07,"6281/29108/9535/10097/1072/10602/5879/10094/387/998/55704/7454/3055/10092/10788/2242/5216/3071/2885/10109/10096/11151/10095/3397/7408/2316/51199/10163/3059/2185/23191/6249/10093/375",34,"b1n"
"GO:00331191","GO:0033119","negative regulation of RNA splicing","11/931","26/18866",1.5558577679102e-08,5.79921672710903e-07,5.02838900319662e-07,"6231/6207/27316/3181/3190/708/10284/8683/10772/6432/10921",11,"b1"
"GO:0032606","GO:0032606","type I interferon production","24/960","127/18866",2.22862355579691e-08,7.15961998613799e-07,5.20737946507353e-07,"929/3148/29108/9208/7099/3428/1499/9636/9111/5441/140885/7097/6850/5094/7128/4615/6772/1654/9246/340061/51311/8887/7520/6778",24,"b1n"
"GO:0050821","GO:0050821","protein stabilization","30/933","187/18866",1.14352573548331e-08,6.41659272247604e-07,5.57899900516697e-07,"6659/6125/6201/6135/3320/819/3326/29997/10576/9349/10728/2597/3329/10574/11331/57142/10575/10694/2776/6950/7203/811/5728/908/11315/51701/5245/11235/3920/7756",30,"b0"
"GO:0002283","GO:0002283","neutrophil activation involved in immune response","55/933","490/18866",1.18000863302085e-08,6.54773679256236e-07,5.69302410667954e-07,"1992/3146/1915/5269/3320/10788/340061/3326/9588/3615/1938/79895/10576/684/9218/847/6727/8804/5023/967/326624/9761/5036/2950/203068/55004/6386/8673/1460/8655/1654/10694/7520/427/5683/9535/823/5695/2495/23593/3608/5478/2665/51552/4282/4257/3837/5689/2171/6814/966/5908/7415/3920/387",55,"b0"
"GO:0030595","GO:0030595","leukocyte chemotaxis","34/960","232/18866",2.646151051779e-08,8.4503573766633e-07,6.14616663467717e-07,"301/1843/6280/6279/6283/199/683/1441/3689/3958/23765/5879/3965/2207/728/1130/4067/8291/3071/1432/120425/6850/11151/240/1652/1230/102/9750/3576/51192/65125/6868/2185/3570",34,"b1n"
"GO:0070202","GO:0070202","regulation of establishment of protein localization to chromosome","8/933","12/18866",1.44017467194642e-08,7.65131096989405e-07,6.65254257758004e-07,"10576/10574/1736/10575/10694/6950/7203/908",8,"b0"
"GO:1903405","GO:1903405","protein localization to nuclear body","8/933","12/18866",1.44017467194642e-08,7.65131096989405e-07,6.65254257758004e-07,"10576/10574/1736/10575/10694/6950/7203/908",8,"b0"
"GO:1904816","GO:1904816","positive regulation of protein localization to chromosome, telomeric region","8/933","12/18866",1.44017467194642e-08,7.65131096989405e-07,6.65254257758004e-07,"10576/10574/1736/10575/10694/6950/7203/908",8,"b0"
"GO:1904867","GO:1904867","protein localization to Cajal body","8/933","12/18866",1.44017467194642e-08,7.65131096989405e-07,6.65254257758004e-07,"10576/10574/1736/10575/10694/6950/7203/908",8,"b0"
"GO:00971932","GO:0097193","intrinsic apoptotic signaling pathway","39/960","290/18866",2.88602598305078e-08,9.16185171542451e-07,6.66365513495437e-07,"6280/6279/2537/4170/960/2023/29108/1191/1051/8531/5329/3428/3091/1545/2907/597/23645/5034/754/10399/6135/3190/7133/7178/51246/9774/3301/3162/7132/6154/6421/120892/7009/1654/6648/837/6201/30001/8876",39,"b1n"
"GO:0034101","GO:0034101","erythrocyte homeostasis","24/960","129/18866",3.05764896977853e-08,9.64958042521282e-07,7.01839302227183e-07,"3148/6688/7538/9935/3398/5052/4067/3091/3071/1432/6229/9636/10365/9991/3162/6208/51522/103/2539/604/6772/677/6774/3059",24,"b1n"
"GO:00316471","GO:0031647","regulation of protein stability","39/931","296/18866",2.23363363768228e-08,8.2501523123754e-07,7.15354799007939e-07,"6125/6659/6135/3326/6201/29997/9349/3329/3320/819/7203/10576/10728/10575/54543/10694/2597/10574/11331/481/6950/7494/5245/908/7341/8805/811/3312/22948/1603/10910/5591/64844/54344/5728/3303/5886/2776/2934",39,"b1"
"GO:00007231","GO:0000723","telomere maintenance","27/931","161/18866",2.2479979052794e-08,8.2501523123754e-07,7.15354799007939e-07,"3178/3326/8364/328/3320/142/7203/10576/10728/3181/10575/55651/546/10694/3183/10574/5514/3184/6950/7520/908/2547/1736/3192/22948/5591/54433",27,"b1"
"GO:0002433","GO:0002433","immune response-regulating cell surface receptor signaling pathway involved in phagocytosis","25/960","139/18866",3.20573588585027e-08,9.9522337608256e-07,7.23852073407181e-07,"60/10097/5788/5879/2268/10094/71/998/64005/2209/4067/7454/3055/10092/3071/2885/2212/3320/10109/10096/6850/10095/10163/23191/10093",25,"b1n"
"GO:0038096","GO:0038096","Fc-gamma receptor signaling pathway involved in phagocytosis","25/960","139/18866",3.20573588585027e-08,9.9522337608256e-07,7.23852073407181e-07,"60/10097/5788/5879/2268/10094/71/998/64005/2209/4067/7454/3055/10092/3071/2885/2212/3320/10109/10096/6850/10095/10163/23191/10093",25,"b1n"
"GO:0061900","GO:0061900","glial cell activation","16/960","60/18866",3.22663664623236e-08,9.9522337608256e-07,7.23852073407181e-07,"3725/199/2896/10135/3689/7305/1191/5788/4035/728/3684/3459/7097/120892/3949/51311",16,"b1n"
"GO:1902107","GO:1902107","positive regulation of leukocyte differentiation","27/960","159/18866",3.22775148999749e-08,9.9522337608256e-07,7.23852073407181e-07,"2353/301/3725/7305/64115/5788/10288/3965/3398/2124/387/64332/861/7071/2242/3071/4179/6850/1230/3142/604/677/114548/10221/3059/537/8876",27,"b1n"
"GO:0033119","GO:0033119","negative regulation of RNA splicing","11/933","26/18866",1.59080471819364e-08,8.36260922385163e-07,7.27099109423687e-07,"27316/6207/3190/3181/10284/6431/6231/8683/708/10772/10921",11,"b0"
"GO:00002451","GO:0000245","spliceosomal complex assembly","19/931","85/18866",2.39553263356068e-08,8.7244932784107e-07,7.56483989545478e-07,"6430/51747/11168/27316/6633/7536/6635/6632/10659/23451/8683/10772/24148/6631/91746/6637/1653/6426/10946",19,"b1"
"GO:0032652","GO:0032652","regulation of interleukin-1 production","22/960","111/18866",3.48360529388647e-08,1.06797385152577e-06,7.76765402973662e-07,"301/1992/4332/29108/7305/2950/64581/3965/409/353514/7099/834/3428/114769/945/140885/11027/7128/114548/51311/647087/6774",22,"b1n"
"GO:00331082","GO:0033108","mitochondrial respiratory chain complex assembly","21/960","102/18866",3.54239299219562e-08,1.07982604563236e-06,7.85385814717055e-07,"4536/4538/4535/4537/4540/4715/29796/4707/7381/4694/4725/4709/54539/4713/126328/4716/374291/4726/55967/4696/4711",21,"b1n"
"GO:0045785","GO:0045785","positive regulation of cell adhesion","50/960","428/18866",3.74763307600971e-08,1.13593511032724e-06,8.26195409620457e-07,"301/199/960/6281/91663/29108/3956/3689/10673/64115/5788/948/8826/5879/10288/3965/1604/387/998/5329/5062/4067/5724/64332/861/10370/8291/3071/6093/2885/10109/4179/5777/5034/81704/140885/6850/11151/240/3105/4814/3142/54518/604/2316/1326/114548/11078/2185/8876",50,"b1n"
"GO:0007007","GO:0007007","inner mitochondrial membrane organization","15/933","52/18866",1.85744297164548e-08,9.66257312541408e-07,8.4012634408307e-07,"517/506/509/4508/539/498/10632/522/518/3313/10989/26517/513/26520/515",15,"b0"
"GO:0032612","GO:0032612","interleukin-1 production","23/960","121/18866",3.89280810910207e-08,1.17330985985015e-06,8.53379045561288e-07,"301/1992/4332/29108/7305/2950/948/64581/3965/409/353514/7099/834/3428/114769/945/140885/11027/7128/114548/51311/647087/6774",23,"b1n"
"GO:0045071","GO:0045071","negative regulation of viral genome replication","16/960","61/18866",4.1690215794872e-08,1.24954194267871e-06,9.08824639527142e-07,"10410/200315/5359/10581/4599/3428/4939/4940/4938/684/9636/5610/3434/8638/9218/91543",16,"b1n"
"GO:0061418","GO:0061418","regulation of transcription from RNA polymerase II promoter in response to hypoxia","18/960","77/18866",4.23580231744421e-08,1.26250441294934e-06,9.18252584255304e-07,"6923/5688/7311/5691/3091/10370/571/5685/3516/7316/5720/5682/5689/5713/5694/5710/5721/5692",18,"b1n"
"GO:0034314","GO:0034314","Arp2/3 complex-mediated actin nucleation","13/960","40/18866",4.7198374694978e-08,1.39900154827932e-06,1.01753053209819e-06,"9535/10097/10094/7454/10092/10788/10109/10096/10095/10163/23191/10093/375",13,"b1n"
"GO:0002697","GO:0002697","regulation of immune effector process","53/960","470/18866",4.77964722525324e-08,1.40894545953207e-06,1.02476299965377e-06,"301/2896/11213/29108/3689/7305/5199/1191/3958/5788/948/10875/1378/3965/2268/2207/1604/728/409/9958/7099/3684/6813/4067/84106/7454/5724/64332/2242/83666/684/3106/4179/5777/3434/8673/7133/6850/5094/3162/3105/3142/151636/3916/7128/7009/604/6772/9698/340061/114548/91543/6778",53,"b1n"
"GO:0043300","GO:0043300","regulation of leukocyte degranulation","14/960","47/18866",5.02571528138374e-08,1.47338592812152e-06,1.07163224320331e-06,"3689/3965/2268/2207/3684/6813/4067/84106/5724/2242/8673/6850/3162/3916",14,"b1n"
"GO:0048525","GO:0048525","negative regulation of viral process","21/960","104/18866",5.06065833045328e-08,1.47556695341749e-06,1.0732185601253e-06,"3725/2219/10410/7538/200315/5359/10581/4599/3428/4939/4940/4938/684/9636/5610/3434/8638/9218/6772/91543/81603",21,"b1n"
"GO:0051168","GO:0051168","nuclear export","31/933","204/18866",2.42702890957873e-08,1.24954457468414e-06,1.08643453630084e-06,"10541/4869/3178/6430/7295/7531/6209/10657/3181/6428/3553/6431/6427/8106/9295/8683/6741/56943/811/11052/7175/3692/3313/10250/84248/26019/10204/4116/11315/5901/10921",31,"b0"
"GO:0043434","GO:0043434","response to peptide hormone","51/960","447/18866",5.89548140688668e-08,1.70968960799714e-06,1.2435021095493e-06,"301/57085/56729/2950/2771/3727/8660/1536/8826/5315/11031/8743/533/847/5728/4067/9021/64397/4519/10890/8992/9114/6093/2885/9296/7097/1535/6773/5791/114882/4929/55023/5573/3030/9550/682/6430/10312/6772/8837/677/2069/51762/54741/6774/7532/537/6778/23191/523/7076",51,"b1n"
"GO:00400291","GO:0040029","regulation of gene expression, epigenetic","31/931","209/18866",4.10552670353761e-08,1.48389908352863e-06,1.28666028268762e-06,"3008/3007/9555/8364/79101/3146/3021/10209/3020/3159/8971/30834/10933/3005/3006/94239/23451/57492/54737/80314/3015/9643/3192/22823/5928/91746/92815/7913/221830/23512/51742",31,"b1"
"GO:00064141","GO:0006414","translational elongation","24/931","135/18866",4.26586980281652e-08,1.53026051347651e-06,1.32685938465128e-06,"10399/6156/1915/6176/1938/1933/6181/78988/1936/54948/54460/28977/6726/51023/90480/219927/51258/1984/65008/7284/65003/29074/84545/9553",24,"b1"
"GO:0036294","GO:0036294","cellular response to decreased oxygen levels","32/960","218/18866",6.50876734869389e-08,1.87739445299692e-06,1.36547824344133e-06,"10135/2023/6923/1536/5688/665/7311/5230/5728/5691/3091/10370/571/5685/114769/3516/7316/5034/5720/3162/5682/7009/2782/8837/677/5689/5713/5694/5710/5721/30001/5692",32,"b1n"
"GO:0071456","GO:0071456","cellular response to hypoxia","31/960","208/18866",7.31806238686007e-08,2.09954035858312e-06,1.52705078908473e-06,"2023/6923/1536/5688/665/7311/5230/5728/5691/3091/10370/571/5685/114769/3516/7316/5034/5720/3162/5682/7009/2782/8837/677/5689/5713/5694/5710/5721/30001/5692",31,"b1n"
"GO:00322041","GO:0032204","regulation of telomere maintenance","18/931","80/18866",5.01132559505458e-08,1.78425629955264e-06,1.54709423319438e-06,"3178/142/7203/10576/3181/10575/546/10694/3183/10574/5514/3184/6950/7520/908/1736/3192/22948",18,"b1"
"GO:00711031","GO:0071103","DNA conformation change","43/931","355/18866",5.18998813321254e-08,1.83418025063386e-06,1.59038232853998e-06,"4869/6233/3008/7314/10541/3007/9555/8364/6418/3146/3021/142/4678/3020/3181/3159/8971/546/50809/3005/10051/6742/4673/301/51773/8815/3006/7175/7311/1654/7520/54737/2547/7155/80205/7259/5928/4172/1060/1653/4676/23270/10146",43,"b1"
"GO:00702001","GO:0070200","establishment of protein localization to telomere","9/931","18/18866",5.42793319337298e-08,1.90416685776342e-06,1.65106636609565e-06,"7203/10576/10575/10694/10574/6950/908/1736/22948",9,"b1"
"GO:20012422","GO:2001242","regulation of intrinsic apoptotic signaling pathway","27/960","166/18866",8.15502767352557e-08,2.32721933342897e-06,1.69264768117353e-06,"6280/6279/4170/960/2023/29108/1191/8531/5329/3091/2907/5034/754/10399/6135/3190/7178/9774/3301/6154/6421/120892/7009/1654/6648/6201/8876",27,"b1n"
"GO:00425421","GO:0042542","response to hydrogen peroxide","25/960","146/18866",8.75723324800561e-08,2.4858495436799e-06,1.80802359511873e-06,"301/1843/3725/5660/9314/1471/3939/7295/4540/847/1545/10935/10365/10399/140885/824/3162/84919/120892/7128/6772/3240/1938/6778/2185",25,"b1n"
"GO:0006446","GO:0006446","regulation of translational initiation","18/933","79/18866",4.20421652768757e-08,2.14243442237466e-06,1.86277048084975e-06,"3646/4869/1975/3315/23521/10657/10209/1974/7458/8667/10289/1654/23645/51247/7175/27335/51441/1978",18,"b0"
"GO:0006334","GO:0006334","nucleosome assembly","25/933","145/18866",4.39454255029899e-08,2.21680257537305e-06,1.92743094311359e-06,"10541/3008/9555/4869/8364/3007/3021/3020/6418/3006/4678/5928/5931/3005/546/4673/3148/23522/51773/7259/23270/8971/4676/8520/50809",25,"b0"
"GO:0022409","GO:0022409","positive regulation of cell-cell adhesion","37/960","279/18866",9.38910449270366e-08,2.6511866107029e-06,1.92827758196413e-06,"301/199/960/29108/3956/3689/10673/64115/5788/5879/10288/3965/1604/387/998/5329/5062/4067/5724/64332/861/10370/3071/2885/4179/5777/81704/140885/6850/11151/240/3105/3142/604/1326/114548/8876",37,"b1n"
"GO:1903312","GO:1903312","negative regulation of mRNA metabolic process","19/933","88/18866",4.51102689793761e-08,2.25280683283004e-06,1.95873536357817e-06,"1153/26986/8531/10949/27316/3192/3190/3181/3183/10284/6431/3184/8683/4904/708/9967/2521/10772/10921",19,"b0"
"GO:0032204","GO:0032204","regulation of telomere maintenance","18/933","80/18866",5.17689237049286e-08,2.55974262358825e-06,2.22560510977416e-06,"3178/10576/3192/3181/546/10574/1736/3183/10575/3184/10694/7520/6950/7203/142/908/5514/54386",18,"b0"
"GO:0042554","GO:0042554","superoxide anion generation","12/960","36/18866",1.13307634891238e-07,3.18269874969367e-06,2.31486030609985e-06,"4688/3689/7305/2950/2771/1536/64581/3684/653361/6850/1535/2773",12,"b1n"
"GO:0071103","GO:0071103","DNA conformation change","43/933","355/18866",5.51412922182424e-08,2.68090161303909e-06,2.33094853904396e-06,"10541/3008/9555/4869/8364/3007/3146/7314/3021/3020/3159/6418/6233/80205/3006/1108/4678/5928/7155/5931/3005/3181/546/4673/3148/1654/7520/8815/23522/10051/10856/51773/7175/142/301/7259/23270/8971/4676/8520/50809/51535/54737",43,"b0"
"GO:1904872","GO:1904872","regulation of telomerase RNA localization to Cajal body","9/933","18/18866",5.52929247382912e-08,2.68090161303909e-06,2.33094853904396e-06,"10576/10574/1736/10575/10694/6950/10856/7203/908",9,"b0"
"GO:0042407","GO:0042407","cristae formation","12/933","35/18866",5.79271831774189e-08,2.78161877680798e-06,2.41851852840944e-06,"517/506/509/4508/539/498/10632/522/518/10989/513/515",12,"b0"
"GO:20012521","GO:2001252","positive regulation of chromosome organization","28/931","182/18866",8.39343768075448e-08,2.92299935583063e-06,2.53447637997427e-06,"3178/9555/4602/7203/10576/3181/23168/10575/546/10694/6742/10574/5514/3184/6950/7175/7520/54737/908/6421/1736/3192/22948/55904/22823/3553/4297/51433",28,"b1"
"GO:0032930","GO:0032930","positive regulation of superoxide anion generation","9/960","19/18866",1.28250951621094e-07,3.58367893462067e-06,2.60650371523791e-06,"3689/7305/2950/2771/64581/3684/6850/1535/2773",9,"b1n"
"GO:0010833","GO:0010833","telomere maintenance via telomere lengthening","18/933","81/18866",6.35187678048226e-08,3.02107358492651e-06,2.62671596185356e-06,"3178/3320/3326/10576/3192/10728/3181/10574/1736/3183/10575/10694/7520/6950/7203/142/908/54386",18,"b0"
"GO:0006801","GO:0006801","superoxide metabolic process","17/960","74/18866",1.31802611355267e-07,3.66383942964253e-06,2.66480654646292e-06,"4688/683/3689/7305/2950/2771/948/1536/64581/5052/3684/653361/6850/1535/6648/2773/4689",17,"b1n"
"GO:1901990","GO:1901990","regulation of mitotic cell cycle phase transition","50/933","448/18866",6.58448944362578e-08,3.1021641774969e-06,2.69722134607312e-06,"6659/1021/7029/7846/328/678/6154/3320/5108/2273/6500/29997/7531/1843/199/894/5087/5325/25949/80321/11331/79621/203068/1112/8655/1654/1781/11064/5683/56984/5695/51347/3276/5682/7175/55904/5728/51065/301/29883/10142/5689/8766/7324/26060/5693/25793/23476/7756/3550",50,"b0"
"GO:0050870","GO:0050870","positive regulation of T cell activation","31/960","214/18866",1.41321363745072e-07,3.89852163786177e-06,2.83549707393017e-06,"301/199/29108/3956/10673/64115/5788/5879/10288/3965/1604/387/998/5062/4067/64332/861/3071/2885/4179/5777/81704/140885/6850/11151/3105/3142/604/1326/114548/8876",31,"b1n"
"GO:0050863","GO:0050863","regulation of T cell activation","41/960","332/18866",1.41698363351919e-07,3.89852163786177e-06,2.83549707393017e-06,"301/199/29108/3956/10673/64115/1051/3958/5788/10875/1378/5879/10288/3965/1604/387/998/5062/1499/4067/64332/861/3071/2885/4179/5777/27166/81704/7133/140885/6850/11151/3105/5621/5573/3142/604/9750/1326/114548/8876",41,"b1n"
"GO:0032637","GO:0032637","interleukin-8 production","20/960","101/18866",1.47246562705186e-07,3.98534024762277e-06,2.89864252669596e-06,"301/2219/929/29108/5788/64581/9314/3965/7099/945/7097/11027/6850/307/10542/4615/5861/7114/51311/6774",20,"b1n"
"GO:0042116","GO:0042116","macrophage activation","20/960","101/18866",1.47246562705186e-07,3.98534024762277e-06,2.89864252669596e-06,"3725/199/2896/10135/3689/7305/1191/5788/6556/728/7099/3684/22918/8291/3459/7097/6850/120892/3949/51311",20,"b1n"
"GO:0045639","GO:0045639","positive regulation of myeloid cell differentiation","20/960","101/18866",1.47246562705186e-07,3.98534024762277e-06,2.89864252669596e-06,"2353/3725/3148/7305/3398/2124/3091/861/7071/2242/3071/1432/9636/1230/6772/677/10221/6774/3059/537",20,"b1n"
"GO:0050867","GO:0050867","positive regulation of cell activation","48/960","421/18866",1.47825295298589e-07,3.98534024762277e-06,2.89864252669596e-06,"301/199/29108/683/3956/3689/7305/10673/64115/5788/8660/64581/5879/10288/3965/2268/2207/1604/387/998/353514/5062/7099/3684/4067/5724/64332/861/3071/2885/4179/5777/8673/81704/140885/11027/6850/11151/3105/3142/3916/120892/604/1326/114548/30011/6778/8876",48,"b1n"
"GO:0045730","GO:0045730","respiratory burst","12/960","37/18866",1.5996103260815e-07,4.29095469971362e-06,3.12092393620217e-06,"2896/4688/6556/1536/64581/5879/5223/1604/3055/653361/1535/4689",12,"b1n"
"GO:0009142","GO:0009142","nucleoside triphosphate biosynthetic process","18/933","82/18866",7.76653166131085e-08,3.62486533799873e-06,3.15169140215517e-06,"4833/517/3615/2023/506/509/4508/539/498/4513/10632/142/522/518/30968/513/7415/515",18,"b0"
"GO:0045454","GO:0045454","cell redox homeostasis","15/960","59/18866",1.72921057373355e-07,4.61552971546292e-06,3.35699586113132e-06,"4688/6556/1536/2745/5052/7295/653361/10935/25824/5034/1535/56255/30001/4689/2923",15,"b1n"
"GO:0070671","GO:0070671","response to interleukin-12","14/933","50/18866",8.40929957350566e-08,3.88852241389697e-06,3.38093184607318e-06,"6888/6175/3181/6647/6950/27250/5478/3313/3185/4282/5062/8767/9987/5908",14,"b0"
"GO:19043581","GO:1904358","positive regulation of telomere maintenance via telomere lengthening","12/931","37/18866",1.14619193868628e-07,3.96266792715382e-06,3.4359529512106e-06,"3178/7203/10576/3181/10575/10694/10574/6950/7520/908/1736/22948",12,"b1"
"GO:0009141","GO:0009141","nucleoside triphosphate metabolic process","21/933","110/18866",8.64123823443619e-08,3.95911410484168e-06,3.44230880898593e-06,"4833/517/3615/2023/506/1854/509/4508/539/498/4513/10632/142/522/518/30968/513/5901/7415/515/387",21,"b0"
"GO:00463902","GO:0046390","ribose phosphate biosynthetic process","29/960","194/18866",1.79680081745341e-07,4.77219623051364e-06,3.47094352803533e-06,"7086/2023/517/2180/5538/5315/1329/4513/10476/4508/7378/514/10632/5836/521/9551/509/506/513/539/2539/7114/518/515/6774/2182/3614/522/498",29,"b1n"
"GO:0060326","GO:0060326","cell chemotaxis","39/960","311/18866",1.90563226614889e-07,5.03631384625064e-06,3.66304319969611e-06,"301/1843/6280/6279/6283/199/3148/683/1441/3689/2950/3958/23765/5879/3965/391/2207/728/1130/409/4067/8291/3071/1432/120425/6850/11151/240/1652/1230/102/9750/7114/3576/51192/65125/6868/2185/3570",39,"b1n"
"GO:0050727","GO:0050727","regulation of inflammatory response","48/960","425/18866",1.96615085861187e-07,5.1624214511349e-06,3.75476456945251e-06,"301/283131/6280/6279/6283/4792/2896/29108/683/2950/1051/5788/64581/23765/9314/2207/353514/7099/834/4067/9021/3055/64332/7791/1432/313/8673/23646/7133/140885/7097/5682/240/5187/7132/1652/120892/7128/3949/604/118788/4615/837/340061/7114/114548/6774/5692",48,"b1n"
"GO:0070663","GO:0070663","regulation of leukocyte proliferation","33/960","240/18866",1.97259347154269e-07,5.1624214511349e-06,3.75476456945251e-06,"301/199/7940/4332/29108/683/7305/10673/64115/2950/1051/3958/5788/8660/10288/3965/1604/7099/1499/4067/3071/684/4179/5777/7133/6850/11151/3105/5621/5573/7128/604/196",33,"b1n"
"GO:0051235","GO:0051235","maintenance of location","40/960","324/18866",2.02577432865069e-07,5.27586372485969e-06,3.83727411155244e-06,"706/2512/6280/6279/4792/5552/5788/3192/7529/948/9168/7295/3074/55704/2760/4067/8291/805/5777/8204/1066/2495/123/1535/6717/9446/10226/11151/2280/114882/10956/2548/2316/7114/309/30001/11344/2185/84266/6672",40,"b1n"
"GO:00061222","GO:0006122","mitochondrial electron transport, ubiquinol to cytochrome c","8/960","15/18866",2.04120000451542e-07,5.29035653344214e-06,3.84781511148673e-06,"4519/29796/27089/7381/10975/7388/7384/7386",8,"b1n"
"GO:0090670","GO:0090670","RNA localization to Cajal body","9/933","19/18866",1.00441517759631e-07,4.43898176718227e-06,3.85953666286425e-06,"10576/10574/1736/10575/10694/6950/10856/7203/908",9,"b0"
"GO:0090671","GO:0090671","telomerase RNA localization to Cajal body","9/933","19/18866",1.00441517759631e-07,4.43898176718227e-06,3.85953666286425e-06,"10576/10574/1736/10575/10694/6950/10856/7203/908",9,"b0"
"GO:0090672","GO:0090672","telomerase RNA localization","9/933","19/18866",1.00441517759631e-07,4.43898176718227e-06,3.85953666286425e-06,"10576/10574/1736/10575/10694/6950/10856/7203/908",9,"b0"
"GO:0090685","GO:0090685","RNA localization to nucleus","9/933","19/18866",1.00441517759631e-07,4.43898176718227e-06,3.85953666286425e-06,"10576/10574/1736/10575/10694/6950/10856/7203/908",9,"b0"
"GO:0007033","GO:0007033","vacuole organization","27/960","174/18866",2.19448998252746e-07,5.66030709435568e-06,4.116889860946e-06,"2896/2023/81671/302/5538/1130/3074/1200/10159/51100/11151/81631/64422/55004/7879/120892/51510/2548/10312/340061/5861/84376/89849/23710/55858/203228/375",27,"b1n"
"GO:0031497","GO:0031497","chromatin assembly","29/933","195/18866",1.10277355224993e-07,4.78633825935351e-06,4.16155077036301e-06,"10541/3008/9555/4869/8364/3007/3021/3020/3159/6418/3006/4678/5928/5931/3005/546/4673/3148/23522/51773/7175/7259/23270/8971/4676/8520/50809/51535/54737",29,"b0"
"GO:0032206","GO:0032206","positive regulation of telomere maintenance","14/933","51/18866",1.1067334010558e-07,4.78633825935351e-06,4.16155077036301e-06,"3178/10576/3181/546/10574/1736/10575/3184/10694/7520/6950/7203/908/5514",14,"b0"
"GO:0006611","GO:0006611","protein export from nucleus","28/933","184/18866",1.11176459368243e-07,4.78633825935351e-06,4.16155077036301e-06,"10541/4869/6430/7295/7531/6209/3181/6428/3553/6431/6427/8106/9295/8683/6741/56943/811/7175/3692/3313/10250/84248/26019/10204/4116/11315/5901/10921",28,"b0"
"GO:0070661","GO:0070661","leukocyte proliferation","39/960","313/18866",2.25588189913077e-07,5.79081645398878e-06,4.21181274242143e-06,"301/199/7940/4332/29108/683/7305/10673/64115/2950/1191/1051/3958/5788/6556/8660/10288/3965/1604/7099/1499/4478/4067/3071/684/4179/5777/81704/7133/6850/11151/3105/5621/5573/7128/604/196/10312/3614",39,"b1n"
"GO:0034504","GO:0034504","protein localization to nucleus","36/933","277/18866",1.15700837524322e-07,4.93854685979882e-06,4.29389073133448e-06,"7295/6135/3326/6500/10049/29997/10576/7531/3192/9349/2752/10574/11331/1736/3840/10575/10694/6950/402/7203/811/7175/142/84268/284/10210/10204/3837/908/26060/11315/5901/5514/6612/754/23568",36,"b0"
"GO:0007006","GO:0007006","mitochondrial membrane organization","24/933","142/18866",1.20374742101305e-07,5.09450391571116e-06,4.4294898409267e-06,"7029/3320/517/7531/506/665/10971/509/4508/9804/292/539/498/10632/93974/23593/522/518/3313/10989/26517/513/26520/515",24,"b0"
"GO:0032200","GO:0032200","telomere organization","27/933","174/18866",1.24139556148369e-07,5.20968860004165e-06,4.52963882452034e-06,"3178/8364/328/3021/3020/3320/3326/10576/3192/10728/55183/3181/546/10574/1736/3183/10575/3184/10694/7520/6950/7203/142/908/23137/5514/54386",27,"b0"
"GO:0150076","GO:0150076","neuroinflammatory response","17/960","77/18866",2.43935083291382e-07,6.23196058027745e-06,4.53266843990553e-06,"3725/199/2896/10135/3689/7305/1191/5788/4035/728/3684/3459/7133/7097/120892/3949/51311",17,"b1n"
"GO:1903901","GO:1903901","negative regulation of viral life cycle","18/960","86/18866",2.56242099023444e-07,6.51535005336861e-06,4.73878503906165e-06,"2219/10410/200315/5359/10581/4599/3428/4939/4940/4938/684/9636/5610/3434/8638/9218/91543/81603",18,"b1n"
"GO:0006979","GO:0006979","response to oxidative stress","50/933","458/18866",1.31654573193147e-07,5.47902448772148e-06,4.76381679317309e-06,"10399/9555/328/8644/4602/7295/6188/9588/253827/11168/1938/2353/6421/3939/4537/1843/847/3315/199/4841/5978/9973/3329/5052/6647/2950/7001/135112/3840/3184/2879/1612/3066/4512/6434/4535/4540/142/3725/301/4257/7168/11315/5693/25828/27429/25793/11235/22921/6414",50,"b0"
"GO:0006278","GO:0006278","RNA-dependent DNA biosynthetic process","17/933","76/18866",1.32860526528716e-07,5.48351627673064e-06,4.76772224385345e-06,"3178/3320/3326/10576/3192/10728/10574/1736/3183/10575/10694/7520/6950/7203/5478/908/54386",17,"b0"
"GO:19015321","GO:1901532","regulation of hematopoietic progenitor cell differentiation","18/931","86/18866",1.62706848421986e-07,5.58470772533304e-06,4.84239238393338e-06,"1021/4602/5610/10443/4005/96459/5720/2624/51441/5591/5689/3313/861/4297/5700/5134/5693/5682",18,"b1"
"GO:0032731","GO:0032731","positive regulation of interleukin-1 beta production","14/960","53/18866",2.65729857807052e-07,6.69314876589124e-06,4.86810270763896e-06,"4332/29108/7305/64581/3965/353514/7099/834/3428/11027/114548/51311/647087/6774",14,"b1n"
"GO:0045010","GO:0045010","actin nucleation","14/960","53/18866",2.65729857807052e-07,6.69314876589124e-06,4.86810270763896e-06,"9535/10097/10094/7454/10092/10788/10109/10096/11151/10095/10163/23191/10093/375",14,"b1n"
"GO:20012421","GO:2001242","regulation of intrinsic apoptotic signaling pathway","26/931","166/18866",1.68007333114782e-07,5.72544990207589e-06,4.96442721158717e-06,"6188/10399/6154/6135/6201/7178/7314/8531/6647/3315/142/2023/3190/3301/4841/7417/7494/1654/6421/4282/51024/64844/960/3303/9774/51079",26,"b1"
"GO:1901987","GO:1901987","regulation of cell cycle phase transition","52/933","486/18866",1.40662631288908e-07,5.75794410374434e-06,5.00632747253449e-06,"6659/1021/7029/7846/9555/4869/328/678/6154/3320/5108/2273/6500/29997/7531/1843/199/894/5087/5325/25949/80321/11331/79621/203068/1112/8655/1654/1781/11064/5683/56984/5695/51347/3276/5682/7175/55904/5728/51065/301/29883/10142/5689/8766/7324/26060/5693/25793/23476/7756/3550",52,"b0"
"GO:20005731","GO:2000573","positive regulation of DNA biosynthetic process","16/931","69/18866",1.7699669619486e-07,5.98901586911828e-06,5.19296017951325e-06,"3178/3326/3320/7203/10576/10728/3181/10575/10694/10574/3184/6950/7520/908/1736/22948",16,"b1"
"GO:00488721","GO:0048872","homeostasis of number of cells","34/960","256/18866",2.98681489450487e-07,7.48797285468159e-06,5.44619912146067e-06,"301/3148/6688/7538/10673/3965/9935/2207/3398/5052/4067/3091/3071/1432/6229/9636/10365/9991/3162/1831/11151/6208/9770/51522/103/7128/2539/604/10312/6772/677/6774/3059/6868",34,"b1n"
"GO:19043561","GO:1904356","regulation of telomere maintenance via telomere lengthening","15/931","61/18866",1.87279614878775e-07,6.29233128582138e-06,5.45595912878863e-06,"3178/142/7203/10576/3181/10575/10694/3183/10574/6950/7520/908/1736/3192/22948",15,"b1"
"GO:00190421","GO:0019042","viral latency","7/931","11/18866",1.93209122668388e-07,6.44615891084532e-06,5.58934009633247e-06,"64710/11168/3159/5478/8815/7520/2547",7,"b1"
"GO:20012341","GO:2001234","negative regulation of apoptotic signaling pathway","32/960","233/18866",3.09295268112805e-07,7.71799587639627e-06,5.61350090033864e-06,"2537/4170/3148/960/2023/2950/2771/1191/3958/8743/409/8531/5329/1499/3091/2907/27166/754/7178/3301/3162/4929/55023/120892/7128/7009/1495/1654/6648/8837/2773/8876",32,"b1n"
"GO:00510981","GO:0051098","regulation of binding","43/960","367/18866",3.11009308795957e-07,7.72483769301069e-06,5.61847713307316e-06,"3725/3148/4792/6281/60/302/9314/3398/4035/998/7295/409/5329/3428/1499/6093/83666/114769/1522/3434/10399/6135/1452/4043/6717/3162/2280/3397/10542/151636/120892/7009/3646/3005/9750/8932/340061/7114/203228/25836/6612/6672/1460",43,"b1n"
"GO:00602181","GO:0060218","hematopoietic stem cell differentiation","18/931","87/18866",1.9580593028556e-07,6.48743120411394e-06,5.62512650601061e-06,"1021/4602/4300/5610/10443/4005/7520/5720/2624/51441/5591/5689/3313/861/4297/5700/5693/5682",18,"b1"
"GO:0006342","GO:0006342","chromatin silencing","17/933","77/18866",1.62735100807927e-07,6.5987378107114e-06,5.73736767682999e-06,"3008/9555/3007/3146/3159/3006/55183/3005/92815/94239/3066/10933/8971/8520/8338/57708/3015",17,"b0"
"GO:0019081","GO:0019081","viral translation","8/933","15/18866",1.63845312080139e-07,6.5987378107114e-06,5.73736767682999e-06,"5094/51386/8665/8664/8562/6741/8666/1939",8,"b0"
"GO:0002696","GO:0002696","positive regulation of leukocyte activation","46/960","406/18866",3.2206528637022e-07,7.96258184966005e-06,5.79139469597092e-06,"301/199/29108/683/3956/3689/7305/10673/64115/5788/8660/64581/5879/10288/3965/2268/2207/1604/387/998/5062/7099/3684/4067/5724/64332/861/3071/2885/4179/5777/8673/81704/140885/6850/11151/3105/3142/3916/120892/604/1326/114548/30011/6778/8876",46,"b1n"
"GO:0032986","GO:0032986","protein-DNA complex disassembly","9/933","20/18866",1.74602181968104e-07,6.94238829139694e-06,6.03615953923917e-06,"3159/6418/9349/6599/92815/11198/6601/4778/6605",9,"b0"
"GO:2001242","GO:2001242","regulation of intrinsic apoptotic signaling pathway","26/933","166/18866",1.75158374993195e-07,6.94238829139694e-06,6.03615953923917e-06,"10399/7314/6154/8531/6201/6135/6188/7178/2023/6421/3190/3315/4841/6647/51024/1654/10955/7417/3301/142/4282/9774/11315/4722/754/27429",26,"b0"
"GO:00973052","GO:0097305","response to alcohol","32/960","234/18866",3.4121975608837e-07,8.39744025239811e-06,6.10767862179621e-06,"2353/6279/2354/929/6688/4538/2950/10097/3490/1536/9314/387/847/1499/5728/4519/5997/10365/1066/1535/6155/2539/196/2782/1495/10287/5732/3184/6774/1938/2720/2185",32,"b1n"
"GO:00342502","GO:0034250","positive regulation of cellular amide metabolic process","26/960","167/18866",3.42784606761451e-07,8.39744025239811e-06,6.10767862179621e-06,"7431/26986/1191/6203/5315/387/7555/8531/5724/27230/3459/8301/23645/10399/6256/7132/6154/3646/1654/3184/10657/116496/1938/2185/5935/6156",26,"b1n"
"GO:0007004","GO:0007004","telomere maintenance via telomerase","16/933","69/18866",1.82226203759312e-07,7.16565087853546e-06,6.23027841282355e-06,"3178/3320/3326/10576/3192/10728/10574/1736/3183/10575/10694/7520/6950/7203/908/54386",16,"b0"
"GO:1903426","GO:1903426","regulation of reactive oxygen species biosynthetic process","20/960","107/18866",3.94377651203949e-07,9.61743681231449e-06,6.995014129249e-06,"706/199/3689/1191/948/64581/5879/9314/387/4513/7099/10365/3320/5873/140885/1535/240/8837/6774/2185",20,"b1n"
"GO:0007229","GO:0007229","integrin-mediated signaling pathway","20/960","108/18866",4.61193430235932e-07,1.11959400597999e-05,8.14310095682115e-06,"967/683/3689/7305/2268/2207/998/2533/3684/84106/3055/7791/9636/6850/102/4627/1495/2316/2185/7076",20,"b1n"
"GO:1903409","GO:1903409","reactive oxygen species biosynthetic process","22/960","128/18866",4.81448158118385e-07,1.16349971545276e-05,8.46243870149291e-06,"706/199/3689/1191/948/1536/64581/5879/9314/387/4513/7099/1545/10365/3320/5873/140885/1535/240/8837/6774/2185",22,"b1n"
"GO:00069791","GO:0006979","response to oxidative stress","49/931","458/18866",3.04064997341103e-07,1.00047869125131e-05,8.67495781887866e-06,"6188/10399/1938/3329/9555/3725/11168/6647/3315/4537/4602/253827/328/8644/7295/5052/142/2950/135112/7001/3939/4540/4841/9588/2353/301/4670/3184/847/199/4535/1843/6421/374/22921/1612/51389/5978/4710/468/4512/11030/54205/10550/3303/10549/5693/25828/140823",49,"b1"
"GO:0022407","GO:0022407","regulation of cell-cell adhesion","48/960","439/18866",5.1412844921454e-07,1.23690543947803e-05,8.99633779201463e-06,"301/199/960/91663/29108/3956/3689/10673/64115/1051/3958/5788/10875/5879/10288/9314/3965/1604/387/998/5329/5062/4067/5724/64332/861/53827/10370/3071/1432/2885/4179/5777/81704/140885/6850/11151/240/3105/5621/5573/3142/604/9750/1326/114548/65125/8876",48,"b1n"
"GO:00701991","GO:0070199","establishment of protein localization to chromosome","10/931","27/18866",3.19488948492374e-07,1.04402861181994e-05,9.05257078280483e-06,"9555/7203/10576/10575/10694/10574/6950/908/1736/22948",10,"b1"
"GO:0033238","GO:0033238","regulation of cellular amine metabolic process","17/960","81/18866",5.27146167558024e-07,1.26256213792357e-05,9.18294569143607e-06,"3689/5688/9056/3684/5691/1312/5685/5720/5682/4929/5689/5713/5694/4946/5710/5721/5692",17,"b1n"
"GO:0002576","GO:0002576","platelet degranulation","22/960","129/18866",5.53002259952175e-07,1.31860316650819e-05,9.5905467959893e-06,"334/967/5265/1675/5552/5660/1191/948/2207/3920/308/5175/6813/4067/6850/2153/2316/7114/9749/81/5768/7076",22,"b1n"
"GO:0035722","GO:0035722","interleukin-12-mediated signaling pathway","13/933","47/18866",2.85674550418469e-07,1.11457711311706e-05,9.69085131970547e-06,"6888/6175/3181/6647/6950/27250/5478/3313/3185/4282/5062/9987/5908",13,"b0"
"GO:0006123","GO:0006123","mitochondrial electron transport, cytochrome c to oxygen","9/933","21/18866",2.92143253808656e-07,1.12227954578495e-05,9.75782123045108e-06,"9167/1350/4697/4512/1340/4514/1327/4513/9377",9,"b0"
"GO:0019646","GO:0019646","aerobic electron transport chain","9/933","21/18866",2.92143253808656e-07,1.12227954578495e-05,9.75782123045108e-06,"9167/1350/4697/4512/1340/4514/1327/4513/9377",9,"b0"
"GO:0032928","GO:0032928","regulation of superoxide anion generation","9/960","22/18866",6.01175720472695e-07,1.42712731873275e-05,1.03798714289347e-05,"3689/7305/2950/2771/64581/3684/6850/1535/2773",9,"b1n"
"GO:0001732","GO:0001732","formation of cytoplasmic translation initiation complex","8/933","16/18866",3.13456619402481e-07,1.19496363152366e-05,1.03897834876274e-05,"3646/51386/10480/8665/8664/8667/8666/27335",8,"b0"
"GO:0070199","GO:0070199","establishment of protein localization to chromosome","10/933","27/18866",3.25897129676861e-07,1.23297747394413e-05,1.07203003183178e-05,"9555/10576/10574/1736/10575/10694/6950/10856/7203/908",10,"b0"
"GO:00322121","GO:0032212","positive regulation of telomere maintenance via telomerase","11/931","34/18866",4.00346392188135e-07,1.29935553546231e-05,1.12664613054019e-05,"3178/7203/10576/10575/10694/10574/6950/7520/908/1736/22948",11,"b1"
"GO:19020361","GO:1902036","regulation of hematopoietic stem cell differentiation","16/931","73/18866",4.05100381162631e-07,1.30590129630197e-05,1.13232183354846e-05,"1021/4602/5610/10443/4005/5720/2624/51441/5591/5689/3313/861/4297/5700/5693/5682",16,"b1"
"GO:00650041","GO:0065004","protein-DNA complex assembly","32/931","243/18866",4.10281922363807e-07,1.31372822254881e-05,1.13910841037779e-05,"4869/6233/3008/7314/10541/3007/9555/8364/6418/3146/3021/142/4678/3020/8971/6879/546/50809/3005/4673/51773/3006/7311/2958/7259/5928/6925/4172/1060/26054/4676/23270",32,"b1"
"GO:0000723","GO:0000723","telomere maintenance","25/933","161/18866",3.5613521949706e-07,1.3372475835852e-05,1.16268918118351e-05,"3178/8364/328/3320/3326/10576/3192/10728/55183/3181/546/10574/1736/3183/10575/3184/10694/7520/6950/7203/142/908/23137/5514/54386",25,"b0"
"GO:00510281","GO:0051028","mRNA transport","24/931","152/18866",4.27247406896724e-07,1.35893158553618e-05,1.17830337480991e-05,"3178/6430/3181/6428/80145/4116/9295/65110/7175/8683/10250/6427/10644/8106/1984/56943/9939/6432/91746/22916/6426/7514/10921/84248",24,"b1"
"GO:0042326","GO:0042326","negative regulation of phosphorylation","51/960","484/18866",7.02781544066698e-07,1.66097928806953e-05,1.20807381583828e-05,"1843/3725/9555/11213/91663/29108/9535/2950/5788/3192/1848/8660/9314/387/409/5062/7099/64092/5728/4067/9021/2776/5997/10935/805/5777/54625/284996/90007/10399/140885/3301/8661/5187/5621/5573/9770/84919/103/120892/7128/11261/10221/58533/2633/6774/116496/7532/203228/65125/4616",51,"b1n"
"GO:00171481","GO:0017148","negative regulation of translation","30/931","220/18866",4.41992746912318e-07,1.39652145398587e-05,1.21089682493232e-05,"6188/10399/3646/1153/23521/678/4691/5610/4904/51247/8087/2597/3184/10236/6726/7175/1654/10644/811/1612/2058/1978/51441/3609/468/29883/4848/4076/23112/10492",30,"b1"
"GO:0016050","GO:0016050","vesicle organization","40/960","340/18866",7.20025954505164e-07,1.69427159908781e-05,1.23228818714249e-05,"301/5265/6281/6386/5552/9839/3267/302/4600/2647/1130/4599/27243/29887/8291/8677/8301/1522/5873/8673/23243/11151/23325/9218/57132/55004/2153/7879/51510/63971/5861/84376/51762/10015/2773/3799/10981/6892/51160/375",40,"b1n"
"GO:0043487","GO:0043487","regulation of RNA stability","28/933","195/18866",3.81919682329151e-07,1.42336335339685e-05,1.23756377816791e-05,"4869/328/1153/678/7314/26986/8531/6418/10644/10949/6233/26135/3192/3315/8087/1736/3183/3184/10236/5683/4904/5695/5682/9967/2521/5689/5693/51441",28,"b0"
"GO:0030218","GO:0030218","erythrocyte differentiation","21/960","121/18866",7.38697689799269e-07,1.73007568066745e-05,1.25832943507809e-05,"3148/6688/7538/9935/3398/4067/3091/3071/1432/9636/10365/9991/6208/51522/103/2539/604/6772/677/6774/3059",21,"b1n"
"GO:0032481","GO:0032481","positive regulation of type I interferon production","16/960","74/18866",7.41691344927331e-07,1.73007568066745e-05,1.25832943507809e-05,"929/3148/9208/7099/3428/1499/5441/7097/6850/4615/6772/1654/340061/51311/7520/6778",16,"b1n"
"GO:00480251","GO:0048025","negative regulation of mRNA splicing, via spliceosome","9/931","22/18866",4.64225600358694e-07,1.45711864428377e-05,1.2634394802006e-05,"27316/3181/3190/708/10284/8683/10772/6432/10921",9,"b1"
"GO:0060759","GO:0060759","regulation of response to cytokine stimulus","28/960","196/18866",7.50569719436955e-07,1.74320629644124e-05,1.26787967644237e-05,"11213/29108/2950/5788/9314/3460/25939/7099/834/9021/3091/861/83666/114769/3459/5777/54625/10399/7097/6850/7132/103/10555/7128/6772/837/8887/6868",28,"b1n"
"GO:0050670","GO:0050670","regulation of lymphocyte proliferation","30/960","219/18866",7.60296216701206e-07,1.75818500112154e-05,1.27877408135725e-05,"301/199/7940/4332/29108/683/7305/10673/64115/1051/3958/5788/8660/10288/3965/1604/7099/1499/4067/3071/4179/5777/7133/6850/11151/3105/5621/5573/604/196",30,"b1n"
"GO:00512221","GO:0051222","positive regulation of protein transport","41/960","354/18866",7.91670821396013e-07,1.82288152651914e-05,1.32582956174159e-05,"2597/929/3689/7529/8660/2752/5879/2268/4035/998/7099/3684/3091/7323/27230/1432/51100/59286/10399/945/26253/7097/6850/6717/5621/5478/7531/2316/11261/7534/10541/54741/65220/4946/3059/2182/7532/3799/7332/51160/375",41,"b1n"
"GO:0051346","GO:0051346","negative regulation of hydrolase activity","50/960","473/18866",8.21959592416729e-07,1.88453556124605e-05,1.37067215883437e-05,"301/334/1992/2597/2537/1475/960/5265/4671/831/2771/3958/302/1378/8826/9314/7077/1471/4035/409/5329/5062/3428/10788/3071/6093/684/5997/10935/25824/114769/8301/3434/1476/23645/5269/2280/5621/10542/120892/7531/7009/1654/8837/11261/23307/9749/65125/7076/259282",50,"b1n"
"GO:0065004","GO:0065004","protein-DNA complex assembly","32/933","243/18866",4.3012939225097e-07,1.59116013696396e-05,1.38345710957914e-05,"10541/3008/9555/4869/8364/3007/3146/7314/3021/3020/6418/6233/3006/4678/5928/5931/3005/546/6879/4673/3148/23522/51773/142/26054/7259/23270/8971/6925/4676/8520/50809",32,"b0"
"GO:1990542","GO:1990542","mitochondrial transmembrane transport","19/933","101/18866",4.48952086288948e-07,1.64857846979927e-05,1.43338030645659e-05,"517/506/3329/509/4508/25874/9804/55186/539/123096/498/10632/522/518/1374/30968/513/515/29074",19,"b0"
"GO:0045646","GO:0045646","regulation of erythrocyte differentiation","13/960","50/18866",8.66307251918714e-07,1.97776102406123e-05,1.43847748392505e-05,"3148/6688/7538/9935/3398/4067/3091/3071/1432/9636/6772/677/6774",13,"b1n"
"GO:0032677","GO:0032677","regulation of interleukin-8 production","18/960","93/18866",8.73389516122121e-07,1.98548082796406e-05,1.44409229985045e-05,"301/2219/929/29108/5788/64581/9314/3965/7099/945/7097/6850/307/10542/4615/7114/51311/6774",18,"b1n"
"GO:0002886","GO:0002886","regulation of myeloid leukocyte mediated immunity","14/960","58/18866",8.83842897403747e-07,1.99236014477777e-05,1.44909580746382e-05,"3689/7305/3965/2268/2207/3684/6813/4067/84106/5724/2242/8673/6850/3162",14,"b1n"
"GO:0045851","GO:0045851","pH reduction","14/960","58/18866",8.83842897403747e-07,1.99236014477777e-05,1.44909580746382e-05,"2896/6556/5538/533/23312/8992/9114/9296/10159/7879/9550/10312/537/523",14,"b1n"
"GO:0032602","GO:0032602","chemokine production","16/960","75/18866",8.98776496442136e-07,2.01754640310128e-05,1.46741443396212e-05,"6280/6279/2950/64581/23765/9314/3965/7099/3091/5610/140885/7097/6850/1654/6868/3570",16,"b1n"
"GO:0048025","GO:0048025","negative regulation of mRNA splicing, via spliceosome","9/933","22/18866",4.72707470056779e-07,1.72313949303909e-05,1.49820846253109e-05,"27316/3190/3181/10284/6431/8683/708/10772/10921",9,"b0"
"GO:0032944","GO:0032944","regulation of mononuclear cell proliferation","30/960","221/18866",9.23988639363721e-07,2.06549960424432e-05,1.50229205531637e-05,"301/199/7940/4332/29108/683/7305/10673/64115/1051/3958/5788/8660/10288/3965/1604/7099/1499/4067/3071/4179/5777/7133/6850/11151/3105/5621/5573/604/196",30,"b1n"
"GO:0071349","GO:0071349","cellular response to interleukin-12","13/933","49/18866",4.86376106778613e-07,1.74745487572115e-05,1.51934982238681e-05,"6888/6175/3181/6647/6950/27250/5478/3313/3185/4282/5062/9987/5908",13,"b0"
"GO:2000059","GO:2000059","negative regulation of ubiquitin-dependent protein catabolic process","13/933","49/18866",4.86376106778613e-07,1.74745487572115e-05,1.51934982238681e-05,"6125/6201/6135/819/3326/29997/9349/6599/51035/6386/11315/1457/9097",13,"b0"
"GO:0043488","GO:0043488","regulation of mRNA stability","27/933","186/18866",4.92542579853844e-07,1.75696974556435e-05,1.52762266308053e-05,"4869/328/1153/678/7314/26986/8531/6418/10644/10949/6233/26135/3192/3315/8087/3183/3184/10236/5683/4904/5695/5682/9967/2521/5689/5693/51441",27,"b0"
"GO:19049512","GO:1904951","positive regulation of establishment of protein localization","42/960","370/18866",9.93881921263758e-07,2.21252137243986e-05,1.60922484478041e-05,"2597/929/3689/7529/8660/2752/5879/2268/4035/998/7099/3684/3091/7323/27230/1432/51100/59286/10399/945/26253/7097/6850/6717/5621/5478/7531/22948/2316/11261/7534/10541/54741/65220/4946/3059/2182/7532/3799/7332/51160/375",42,"b1n"
"GO:0007568","GO:0007568","aging","38/960","319/18866",9.98868806566798e-07,2.21443435835986e-05,1.61061620963163e-05,"2353/706/3725/10135/56729/4538/3689/3727/7077/4512/3398/4035/968/847/5728/4508/27230/4904/1432/2885/8301/597/140823/7133/5621/821/26156/120892/604/1495/6648/8932/4726/6774/1938/30001/7076/6185",38,"b1n"
"GO:00064061","GO:0006406","mRNA export from nucleus","20/931","113/18866",6.06517355997112e-07,1.87902227627417e-05,1.6292639843258e-05,"6430/3181/6428/80145/4116/9295/7175/8683/10250/6427/8106/1984/56943/9939/6432/91746/22916/6426/10921/84248",20,"b1"
"GO:00714271","GO:0071427","mRNA-containing ribonucleoprotein complex export from nucleus","20/931","113/18866",6.06517355997112e-07,1.87902227627417e-05,1.6292639843258e-05,"6430/3181/6428/80145/4116/9295/7175/8683/10250/6427/8106/1984/56943/9939/6432/91746/22916/6426/10921/84248",20,"b1"
"GO:0097529","GO:0097529","myeloid leukocyte migration","30/960","222/18866",1.01753170715161e-06,2.24011418206186e-05,1.62929381917954e-05,"301/1843/6280/6279/6283/199/683/1441/3689/3958/23765/5879/391/2207/728/5175/4067/8291/3071/1432/120425/140885/6850/1652/1230/9750/3576/51192/2185/3570",30,"b1n"
"GO:0007040","GO:0007040","lysosome organization","15/960","67/18866",1.02297851743738e-06,2.24011418206186e-05,1.62929381917954e-05,"2896/5538/1130/3074/1200/10159/11151/55004/7879/120892/51510/2548/84376/55858/375",15,"b1n"
"GO:0080171","GO:0080171","lytic vacuole organization","15/960","67/18866",1.02297851743738e-06,2.24011418206186e-05,1.62929381917954e-05,"2896/5538/1130/3074/1200/10159/11151/55004/7879/120892/51510/2548/84376/55858/375",15,"b1n"
"GO:0030641","GO:0030641","regulation of cellular pH","18/960","94/18866",1.02954220837405e-06,2.24532274305967e-05,1.63308214225187e-05,"2896/6556/5538/533/23312/8992/9114/9296/10159/506/7879/120892/9550/10312/11261/55858/537/523",18,"b1n"
"GO:0002755","GO:0002755","MyD88-dependent toll-like receptor signaling pathway","11/960","36/18866",1.03900150107613e-06,2.25677856407831e-05,1.64141426144863e-05,"929/11213/948/7311/7099/7316/23643/7097/4214/4615/51311",11,"b1n"
"GO:0097549","GO:0097549","chromatin organization involved in negative regulation of transcription","23/933","143/18866",5.48921443829948e-07,1.93201196312568e-05,1.67981564148418e-05,"3008/9555/8364/3007/3146/3021/3020/3159/3006/55183/3005/92815/94239/3066/10933/7175/8971/8520/51535/8338/57708/3015/54737",23,"b0"
"GO:0010948","GO:0010948","negative regulation of cell cycle process","41/933","359/18866",5.49350618269616e-07,1.93201196312568e-05,1.67981564148418e-05,"6659/1021/7029/9555/4869/678/6154/3326/2273/6500/29997/9349/1843/5928/8409/5325/5931/25949/546/11335/1112/5683/56984/5695/51347/811/3276/5682/23468/7175/23512/5728/51065/4282/29883/5689/5693/5514/25793/7756/3550",41,"b0"
"GO:0002703","GO:0002703","regulation of leukocyte mediated immunity","29/960","211/18866",1.08031783778306e-06,2.33705854826859e-05,1.69980400028089e-05,"3689/7305/5788/1378/3965/2268/2207/409/7099/3684/6813/4067/84106/7454/5724/2242/684/3106/5777/8673/7133/6850/3162/3105/3916/604/114548/91543/6778",29,"b1n"
"GO:0051701","GO:0051701","interaction with host","29/960","212/18866",1.19201295193279e-06,2.56833312735719e-05,1.86801606967442e-05,"2597/2219/10410/3956/1508/1378/3965/10581/1604/6614/1499/27243/2885/5610/4179/3434/5034/8673/156/6256/6993/9218/5478/3916/7879/3949/3576/10346/81603",29,"b1n"
"GO:0006405","GO:0006405","RNA export from nucleus","23/933","144/18866",6.23235889636473e-07,2.17653149149968e-05,1.89241666893666e-05,"4869/3178/6430/6209/10657/3181/6428/6431/6427/8106/9295/8683/6741/56943/11052/7175/3692/10250/84248/26019/4116/5901/10921",23,"b0"
"GO:0032732","GO:0032732","positive regulation of interleukin-1 production","14/960","60/18866",1.37443111950681e-06,2.94952918246161e-05,2.1452699621102e-05,"4332/29108/7305/64581/3965/353514/7099/834/3428/11027/114548/51311/647087/6774",14,"b1n"
"GO:0034401","GO:0034401","chromatin organization involved in regulation of transcription","24/933","156/18866",7.22613686895119e-07,2.5060644113571e-05,2.17893381465085e-05,"3008/9555/8364/3007/3146/3021/3020/3159/3006/57492/55183/3005/92815/94239/3066/10933/7175/8971/8520/51535/8338/57708/3015/54737",24,"b0"
"GO:0090322","GO:0090322","regulation of superoxide metabolic process","11/960","37/18866",1.41090323773566e-06,3.00376820256025e-05,2.18471942451383e-05,"683/3689/7305/2950/2771/948/64581/3684/6850/1535/2773",11,"b1n"
"GO:0097242","GO:0097242","amyloid-beta clearance","11/960","37/18866",1.41090323773566e-06,3.00376820256025e-05,2.18471942451383e-05,"3689/1191/948/4035/728/3684/6093/3459/8301/4043/3949",11,"b1n"
"GO:0000245","GO:0000245","spliceosomal complex assembly","17/933","85/18866",7.29735622010398e-07,2.51331013539305e-05,2.18523371382424e-05,"51747/6430/11168/27316/6635/6633/7536/10659/6431/6632/8683/23451/6631/10772/24148/9169/10181",17,"b0"
"GO:0046916","GO:0046916","cellular transition metal ion homeostasis","20/960","116/18866",1.50192116031522e-06,3.18490396248662e-05,2.31646421522302e-05,"2512/6280/6279/6556/26234/4502/3091/9114/2495/6717/3162/4738/5621/1318/475/9550/537/8031/523/375",20,"b1n"
"GO:0052126","GO:0052126","movement in host environment","25/960","169/18866",1.51766022981139e-06,3.19072086938766e-05,2.32069500423212e-05,"2219/10410/3956/1508/1378/3965/10581/1604/6614/1499/27243/2885/4179/5034/8673/156/6993/9218/5478/3916/7879/3949/3576/10346/81603",25,"b1n"
"GO:0048013","GO:0048013","ephrin receptor signaling pathway","17/960","87/18866",1.52250613711694e-06,3.19072086938766e-05,2.32069500423212e-05,"6386/60/10097/5879/10094/71/387/998/4067/10092/6093/1175/3516/10109/10096/10095/10093",17,"b1n"
"GO:0051453","GO:0051453","regulation of intracellular pH","17/960","87/18866",1.52250613711694e-06,3.19072086938766e-05,2.32069500423212e-05,"2896/6556/5538/533/23312/8992/9114/9296/10159/506/7879/120892/9550/10312/11261/55858/523",17,"b1n"
"GO:00458141","GO:0045814","negative regulation of gene expression, epigenetic","21/931","126/18866",8.9794281736289e-07,2.76392592363764e-05,2.39654687418415e-05,"3008/3007/9555/8364/3146/3021/3020/3159/8971/10933/3005/3006/94239/54737/80314/3015/9643/22823/5928/92815/23512",21,"b1"
"GO:00345041","GO:0034504","protein localization to nucleus","34/931","277/18866",9.46075709041586e-07,2.89341487681885e-05,2.50882424867303e-05,"6135/3326/29997/9349/6500/7295/10049/142/284/7203/10576/402/7531/10575/10694/5901/10574/11331/5514/3837/6950/7175/84268/908/1736/3192/7341/811/22948/10210/10542/7514/55696/55035",34,"b1"
"GO:00971931","GO:0097193","intrinsic apoptotic signaling pathway","35/931","290/18866",9.78853514631347e-07,2.97459243204214e-05,2.57921174153617e-05,"6188/10399/6154/3094/6135/6201/7178/7314/8531/6647/3315/142/2023/3190/3301/4841/2537/7417/7494/1654/6421/4282/23645/51024/10210/5591/468/64844/960/10550/3303/9774/51079/51065/1655",35,"b1"
"GO:0002758","GO:0002758","innate immune response-activating signal transduction","20/960","117/18866",1.72629427311333e-06,3.60372325885332e-05,2.62108247816143e-05,"2219/5688/2207/5062/4067/5691/3055/5685/26253/11027/6850/5720/5682/3385/5689/5713/5694/5710/5721/5692",20,"b1n"
"GO:0022604","GO:0022604","regulation of cell morphogenesis","51/960","499/18866",1.74017891693526e-06,3.61862786409212e-05,2.63192298860832e-05,"301/7940/960/6281/91663/9839/3689/10097/1072/10602/5879/391/2268/57142/4035/387/998/3074/5062/5728/4478/57698/3055/2242/10154/1808/10109/5034/103910/11151/752/832/55023/3397/102/121512/4627/396/120892/1523/2316/192670/30011/55660/11078/81/2633/51199/11344/2185/23191",51,"b1n"
"GO:00190791","GO:0019079","viral genome replication","21/931","127/18866",1.02663988057519e-06,3.10006257609129e-05,2.68800448411759e-05,"684/64710/26986/5610/5478/5094/8815/1654/54737/5245/3312/7155/3609/10542/29883/7913/5886/27336/51495/3434/1655",21,"b1"
"GO:0055076","GO:0055076","transition metal ion homeostasis","22/960","138/18866",1.79830405298571e-06,3.72505839547039e-05,2.70933270653039e-05,"2512/6280/6279/6556/26234/4502/51312/3091/9114/8301/2495/6717/3162/4738/5621/1318/475/9550/537/8031/523/375",22,"b1n"
"GO:0051656","GO:0051656","establishment of organelle localization","46/960","432/18866",1.84852226413129e-06,3.81435459502476e-05,2.77428017535818e-05,"5265/4542/10097/3192/4600/2647/3965/2268/2207/998/64005/4599/1499/6813/6209/27243/4067/3091/2242/8301/1522/5873/8673/10096/23243/6993/6850/3162/57132/4627/7462/3916/2153/7879/120892/51510/10312/63971/7534/5861/84376/81/3799/55288/537/375",46,"b1n"
"GO:0051047","GO:0051047","positive regulation of secretion","39/960","340/18866",1.86112051010717e-06,3.82563660410918e-05,2.78248587657482e-05,"2597/6279/929/6386/56729/3689/2771/8660/2752/5879/2268/2207/4035/7099/3684/27243/3091/5724/27230/5873/8673/156/945/26253/7097/6850/1535/6717/5478/3916/7879/51762/10015/65220/2182/3799/537/9545/375",39,"b1n"
"GO:0002832","GO:0002832","negative regulation of response to biotic stimulus","18/960","98/18866",1.94023647971052e-06,3.94294269456323e-05,2.86780567395809e-05,"2896/11213/10875/1378/3965/25939/409/3428/3106/114769/54625/9111/11027/5094/3105/103/7128/10221",18,"b1n"
"GO:0030316","GO:0030316","osteoclast differentiation","18/960","98/18866",1.94023647971052e-06,3.94294269456323e-05,2.86780567395809e-05,"2353/7305/1051/302/11025/9935/3726/2207/7099/1499/126014/7071/29887/1432/9770/1230/10312/537",18,"b1n"
"GO:0048010","GO:0048010","vascular endothelial growth factor receptor signaling pathway","18/960","98/18866",1.94023647971052e-06,3.94294269456323e-05,2.86780567395809e-05,"4688/1536/5879/387/998/5062/3091/653361/3071/6093/1432/3320/1535/10163/7867/4689/2185/23191",18,"b1n"
"GO:0006337","GO:0006337","nucleosome disassembly","8/933","18/18866",9.75250417999055e-07,3.31319767856278e-05,2.88070746455145e-05,"3159/6418/6599/92815/11198/6601/4778/6605",8,"b0"
"GO:0070200","GO:0070200","establishment of protein localization to telomere","8/933","18/18866",9.75250417999055e-07,3.31319767856278e-05,2.88070746455145e-05,"10576/10574/1736/10575/10694/6950/7203/908",8,"b0"
"GO:0006323","GO:0006323","DNA packaging","31/933","240/18866",9.91344676588817e-07,3.34511845600308e-05,2.90846144447288e-05,"10541/3008/9555/4869/8364/3007/3021/3020/3159/6418/3006/4678/5928/5931/3005/546/4673/3148/8815/23522/10051/51773/7175/7259/23270/8971/4676/8520/50809/51535/54737",31,"b0"
"GO:2001251","GO:2001251","negative regulation of chromosome organization","23/933","148/18866",1.02243284686787e-06,3.42686552836118e-05,2.9795376145037e-05,"3008/9555/3178/3007/3021/3020/3159/6418/3006/3192/1843/3005/546/3183/6879/7520/56984/7175/142/8971/54386/7756/3550",23,"b0"
"GO:1904358","GO:1904358","positive regulation of telomere maintenance via telomere lengthening","11/933","37/18866",1.06629658335626e-06,3.53212443315215e-05,3.07105648604696e-05,"3178/10576/3181/10574/1736/10575/10694/7520/6950/7203/908",11,"b0"
"GO:2000573","GO:2000573","positive regulation of DNA biosynthetic process","15/933","69/18866",1.06798315860227e-06,3.53212443315215e-05,3.07105648604696e-05,"3178/3320/3326/10576/10728/3181/10574/1736/10575/3184/10694/7520/6950/7203/908",15,"b0"
"GO:20007361","GO:2000736","regulation of stem cell differentiation","20/931","118/18866",1.23696734768926e-06,3.71168000995313e-05,3.21832616777147e-05,"1021/678/4602/5610/10443/4005/5720/2624/3192/54940/5978/51441/5591/5689/3313/861/4297/5700/5693/5682",20,"b1"
"GO:00322101","GO:0032210","regulation of telomere maintenance via telomerase","13/931","53/18866",1.26587699796616e-06,3.77468697331034e-05,3.27295829079408e-05,"3178/7203/10576/10575/10694/3183/10574/6950/7520/908/1736/3192/22948",13,"b1"
"GO:0002695","GO:0002695","negative regulation of leukocyte activation","26/960","184/18866",2.27716229397116e-06,4.59284801020875e-05,3.34049886179307e-05,"301/7940/4332/2896/7305/64115/1051/3958/5788/10875/10288/3965/2268/3398/64092/4067/861/5777/3162/5621/5573/3142/7128/3949/604/9750",26,"b1n"
"GO:00380611","GO:0038061","NIK/NF-kappaB signaling","26/960","184/18866",2.27716229397116e-06,4.59284801020875e-05,3.34049886179307e-05,"929/4792/3965/5688/5052/387/7099/5691/5685/5610/7097/5720/23405/5682/9770/1654/5689/5713/7114/114548/5694/5531/81/5710/5721/5692",26,"b1n"
"GO:00458612","GO:0045861","negative regulation of proteolysis","41/960","369/18866",2.30632915399293e-06,4.63425315025172e-05,3.37061390650574e-05,"334/1992/2597/2537/1475/960/5265/6386/4671/831/302/1378/9314/7077/1471/4035/409/5329/5062/3428/9349/6093/684/10935/25824/114769/8301/1522/1476/6135/5269/5621/10542/10956/120892/7531/1654/9528/8837/6201/7076",41,"b1n"
"GO:00091522","GO:0009152","purine ribonucleotide biosynthetic process","25/960","173/18866",2.34734040080419e-06,4.6990601680278e-05,3.41774975089597e-05,"2023/517/2180/5538/5315/1329/4513/10476/4508/514/10632/521/9551/509/506/513/539/7114/518/515/6774/2182/3614/522/498",25,"b1n"
"GO:00109481","GO:0010948","negative regulation of cell cycle process","40/931","359/18866",1.34315401910623e-06,3.97137315483369e-05,3.44350108627705e-05,"1021/4869/6154/6659/3326/29997/9349/9555/678/7029/6500/2273/8409/546/3276/11335/1019/5514/7175/1843/80314/5720/4282/51347/811/23468/5591/5689/5928/29883/5728/4848/5325/5700/5693/84142/51065/5682/23512/3550",40,"b1"
"GO:00718971","GO:0071897","DNA biosynthetic process","27/931","196/18866",1.34848553989323e-06,3.97137315483369e-05,3.44350108627705e-05,"3178/3326/6233/7314/3320/7203/10576/10728/3181/10575/55651/10694/5478/3183/10574/3184/6950/7311/1843/7520/5245/908/1736/3192/22948/9246/54433",27,"b1"
"GO:1904356","GO:1904356","regulation of telomere maintenance via telomere lengthening","14/933","61/18866",1.21440657181681e-06,3.98996474977179e-05,3.46913234677585e-05,"3178/10576/3192/3181/10574/1736/3183/10575/10694/7520/6950/7203/142/908",14,"b0"
"GO:0072331","GO:0072331","signal transduction by p53 class mediator","33/933","267/18866",1.22262698956106e-06,3.99071842213592e-05,3.46978763807319e-05,"6659/7029/7314/6154/3094/6125/6201/6135/29997/8805/9349/1108/3190/5928/5325/5931/546/6879/1460/3066/11198/64769/3276/51065/22938/10210/4282/29883/754/51230/1457/51147/4436",33,"b0"
"GO:00063331","GO:0006333","chromatin assembly or disassembly","29/931","220/18866",1.38946297610824e-06,4.06694960675608e-05,3.5263735848275e-05,"4869/3008/10541/3007/9555/8364/6418/3021/4678/3020/3159/8971/546/50809/3005/4673/51773/3006/7175/54737/11198/6599/7259/5928/92815/1060/6605/4676/23270",29,"b1"
"GO:1902275","GO:1902275","regulation of chromatin organization","27/933","195/18866",1.26970437389141e-06,4.11746989819071e-05,3.57999353540811e-05,"3008/9555/3007/4602/23741/3159/6418/3006/3192/2624/55183/3005/546/23168/3553/6879/4300/10856/7175/55904/22938/8971/11315/51535/57708/54737/23476",27,"b0"
"GO:20002781","GO:2000278","regulation of DNA biosynthetic process","19/931","109/18866",1.46628537608043e-06,4.26563873736569e-05,3.69865309884217e-05,"3178/3326/3320/7203/10576/10728/3181/10575/10694/3183/10574/3184/6950/1843/7520/908/1736/3192/22948",19,"b1"
"GO:0006521","GO:0006521","regulation of cellular amino acid metabolic process","14/960","63/18866",2.5689758475674e-06,5.10749765828093e-05,3.71481705385734e-05,"5688/9056/5691/1312/5685/5720/5682/5689/5713/5694/4946/5710/5721/5692",14,"b1n"
"GO:0035456","GO:0035456","response to interferon-beta","10/960","32/18866",2.5704088867397e-06,5.10749765828093e-05,3.71481705385734e-05,"4332/10410/54739/5359/10581/3428/684/824/6772/340061",10,"b1n"
"GO:00092602","GO:0009260","ribonucleotide biosynthetic process","26/960","186/18866",2.79493684412094e-06,5.51541546065077e-05,4.01150637418598e-05,"2023/517/2180/5538/5315/1329/4513/10476/4508/7378/514/10632/521/9551/509/506/513/539/7114/518/515/6774/2182/3614/522/498",26,"b1n"
"GO:0051452","GO:0051452","intracellular pH reduction","13/960","55/18866",2.79625909654615e-06,5.51541546065077e-05,4.01150637418598e-05,"2896/6556/5538/533/23312/8992/9114/9296/10159/7879/9550/10312/523",13,"b1n"
"GO:0061013","GO:0061013","regulation of mRNA catabolic process","28/933","208/18866",1.43855311138544e-06,4.63492531500573e-05,4.02990260405089e-05,"4869/328/1153/678/7314/26986/8531/6418/10644/10949/6233/26135/3192/3315/8087/3183/3184/10236/5683/4904/5695/5682/9967/2521/29883/5689/5693/51441",28,"b0"
"GO:0043112","GO:0043112","receptor metabolic process","27/960","198/18866",2.9304443564947e-06,5.75891354307474e-05,4.18860891826715e-05,"967/6386/3689/948/302/4600/11031/2207/4035/409/4599/3091/1211/2885/1175/8301/51100/156/3190/4043/6850/8650/55004/151636/51510/3576/375",27,"b1n"
"GO:0010951","GO:0010951","negative regulation of endopeptidase activity","32/960","258/18866",2.98602239137838e-06,5.84671902545438e-05,4.25247214938135e-05,"334/1992/2597/2537/1475/960/5265/4671/831/302/1378/9314/7077/1471/409/5329/5062/3428/6093/684/10935/25824/114769/8301/1476/5269/5621/10542/7531/1654/8837/7076",32,"b1n"
"GO:1901214","GO:1901214","regulation of neuron death","37/960","321/18866",3.03255065852938e-06,5.87761618683548e-05,4.27494446551216e-05,"2353/3725/4170/2896/4671/3689/7305/1191/1051/5538/4035/387/728/998/409/7099/1499/3684/4835/3091/6093/8301/1522/10399/7133/824/3162/11151/4929/5621/120892/2539/6648/11261/58533/6774/2185",37,"b1n"
"GO:0032868","GO:0032868","response to insulin","34/960","283/18866",3.03530585030764e-06,5.87761618683548e-05,4.27494446551216e-05,"56729/2950/2771/8660/5315/11031/8743/533/847/5728/4067/9021/64397/10890/8992/9114/2885/9296/7097/5791/114882/55023/3030/9550/6430/10312/6772/8837/677/51762/7532/537/23191/523",34,"b1n"
"GO:0046651","GO:0046651","lymphocyte proliferation","34/960","283/18866",3.03530585030764e-06,5.87761618683548e-05,4.27494446551216e-05,"301/199/7940/4332/29108/683/7305/10673/64115/1051/3958/5788/6556/8660/10288/3965/1604/7099/1499/4478/4067/3071/4179/5777/81704/7133/6850/11151/3105/5621/5573/604/196/3614",34,"b1n"
"GO:19905422","GO:1990542","mitochondrial transmembrane transport","18/960","101/18866",3.04690789780121e-06,5.87761618683548e-05,4.27494446551216e-05,"517/1329/51312/10476/4508/514/10632/521/140823/9551/509/506/513/539/518/515/522/498",18,"b1n"
"GO:0001818","GO:0001818","negative regulation of cytokine production","40/960","360/18866",3.05657952679795e-06,5.87761618683548e-05,4.27494446551216e-05,"301/706/1992/11213/5552/29108/7538/7305/64115/2950/5788/6556/5879/9314/3965/409/353514/7099/3071/684/114769/9636/10365/5777/9111/945/140885/5094/3162/23405/5621/307/7128/604/9246/7114/114548/51311/2633/8887",40,"b1n"
"GO:0051348","GO:0051348","negative regulation of transferase activity","35/960","296/18866",3.13792837078636e-06,6.01249489616743e-05,4.37304528966355e-05,"1843/9555/11213/29108/7538/9535/2950/5788/3192/1848/8660/5062/5728/4067/9021/2776/9349/5997/10935/5777/90007/10399/6135/3301/5573/151636/103/7128/11261/6201/10221/58533/7532/65125/4616",35,"b1n"
"GO:0070555","GO:0070555","response to interleukin-1","28/960","211/18866",3.31601778892401e-06,6.33111581408445e-05,4.60478664301978e-05,"301/4792/11213/29108/1051/3965/5688/7311/5691/3091/5685/10365/7316/140885/1535/5720/5682/2634/4615/1326/5689/5713/3576/5694/5710/2633/5721/5692",28,"b1n"
"GO:0010466","GO:0010466","negative regulation of peptidase activity","33/960","272/18866",3.41426495550294e-06,6.49557854123166e-05,4.72440469953318e-05,"334/1992/2597/2537/1475/960/5265/4671/831/302/1378/9314/7077/1471/4035/409/5329/5062/3428/6093/684/10935/25824/114769/8301/1476/5269/5621/10542/7531/1654/8837/7076",33,"b1n"
"GO:00311241","GO:0031124","mRNA 3'-end processing","18/931","101/18866",1.97849297684312e-06,5.7208424197082e-05,4.96043215246792e-05,"6430/26986/6428/80145/4116/9295/8683/10250/10914/6427/23318/8106/9939/6432/22916/29101/6426/10921",18,"b1"
"GO:0002685","GO:0002685","regulation of leukocyte migration","28/960","212/18866",3.63923591629221e-06,6.89911685191085e-05,5.01790870064915e-05,"301/1843/199/29108/683/3958/5879/3965/391/387/728/4478/4067/5724/8291/3071/1432/81704/3162/1652/1230/102/9750/3576/65125/6868/2185/3570",28,"b1n"
"GO:0032943","GO:0032943","mononuclear cell proliferation","34/960","286/18866",3.83813252095119e-06,7.23202331100877e-05,5.26004030292039e-05,"301/199/7940/4332/29108/683/7305/10673/64115/1051/3958/5788/6556/8660/10288/3965/1604/7099/1499/4478/4067/3071/4179/5777/81704/7133/6850/11151/3105/5621/5573/604/196/3614",34,"b1n"
"GO:0002761","GO:0002761","regulation of myeloid leukocyte differentiation","20/960","123/18866",3.84180175887698e-06,7.23202331100877e-05,5.26004030292039e-05,"2353/3725/7305/1051/11025/9935/3398/2124/7099/1499/4067/861/7071/2242/9770/1230/677/10221/3059/537",20,"b1n"
"GO:00109522","GO:0010952","positive regulation of peptidase activity","27/960","201/18866",3.91348784758089e-06,7.34121059519981e-05,5.33945507949295e-05,"6280/6279/1509/2896/29108/64115/1378/64581/3965/8743/387/834/3428/4067/1512/1432/8301/27166/10399/6850/5720/1654/8837/114548/10541/5721/6774",27,"b1n"
"GO:0002532","GO:0002532","production of molecular mediator involved in inflammatory response","17/960","93/18866",3.98203690917151e-06,7.4437728284687e-05,5.41405128270633e-05,"2896/29108/948/64581/23765/2207/7099/4067/1432/8673/23646/140885/6850/240/5187/4615/6774",17,"b1n"
"GO:19038292","GO:1903829","positive regulation of cellular protein localization","38/960","338/18866",4.0655604820231e-06,7.56085156011117e-05,5.49920571606065e-05,"3689/7305/3958/7529/8826/391/57142/2207/4035/998/55704/3684/4478/7323/83666/1432/51100/59286/10399/5621/10542/151636/7531/22948/2316/11261/7534/246329/10541/54741/4946/3059/81603/7532/3799/25836/7332/51160",38,"b1n"
"GO:0006885","GO:0006885","regulation of pH","18/960","103/18866",4.07285386928635e-06,7.56085156011117e-05,5.49920571606065e-05,"2896/6556/5538/533/23312/8992/9114/9296/10159/506/7879/120892/9550/10312/11261/55858/537/523",18,"b1n"
"GO:0008360","GO:0008360","regulation of cell shape","23/960","156/18866",4.17394116971428e-06,7.72179116397141e-05,5.61626131257017e-05,"301/7940/3689/10602/5879/391/2268/387/3074/4478/3055/2242/10154/103910/11151/752/55023/121512/4627/30011/55660/2185/23191",23,"b1n"
"GO:1903532","GO:1903532","positive regulation of secretion by cell","36/960","313/18866",4.31962476269224e-06,7.96384427898414e-05,5.79231289394108e-05,"2597/929/6386/56729/3689/8660/2752/5879/2268/2207/4035/7099/3684/27243/3091/5724/27230/5873/8673/156/945/26253/7097/6850/6717/5478/3916/7879/51762/10015/65220/2182/3799/537/9545/375",36,"b1n"
"GO:00342491","GO:0034249","negative regulation of cellular amide metabolic process","30/931","238/18866",2.35600896554568e-06,6.77139685217978e-05,5.87134764400414e-05,"6188/10399/3646/1153/23521/678/4691/5610/4904/51247/8087/2597/3184/10236/6726/7175/1654/10644/811/1612/2058/1978/51441/3609/468/29883/4848/4076/23112/10492",30,"b1"
"GO:00063341","GO:0006334","nucleosome assembly","22/931","145/18866",2.54009473879805e-06,7.25676167593142e-05,6.29219812384262e-05,"4869/3008/10541/3007/9555/8364/6418/3021/4678/3020/8971/546/50809/3005/4673/51773/3006/7259/5928/1060/4676/23270",22,"b1"
"GO:20001162","GO:2000116","regulation of cysteine-type endopeptidase activity","30/960","239/18866",4.7362395672298e-06,8.70202920485887e-05,6.3292141585151e-05,"6280/6279/1509/2537/960/29108/4671/831/64581/9314/3965/8743/387/409/5329/5062/834/3428/1512/10935/25824/114769/10399/6850/10542/7531/1654/8837/114548/10541",30,"b1n"
"GO:00432812","GO:0043281","regulation of cysteine-type endopeptidase activity involved in apoptotic process","28/960","215/18866",4.79016609285063e-06,8.77107204373502e-05,6.37943082672796e-05,"6280/6279/1509/2537/960/29108/4671/64581/9314/3965/8743/387/409/5329/5062/834/1512/10935/25824/114769/10399/6850/10542/7531/1654/8837/114548/10541",28,"b1n"
"GO:0006898","GO:0006898","receptor-mediated endocytosis","37/960","328/18866",5.01999108410148e-06,9.15825970727201e-05,6.66104257318043e-05,"929/967/6386/3689/1191/948/302/4600/5538/5879/11031/2207/4035/9332/409/432/4599/6614/3684/2209/23166/1211/2885/1175/10487/8301/3320/156/3190/4043/6850/8650/821/3949/3576/3240/375",37,"b1n"
"GO:0043122","GO:0043122","regulation of I-kappaB kinase/NF-kappaB signaling","31/960","252/18866",5.03576256038256e-06,9.15825970727201e-05,6.66104257318043e-05,"6283/6275/29108/3956/2950/948/3965/8743/387/7099/834/1499/11214/684/114769/51246/140885/3162/9218/2280/5187/7132/92140/10542/7128/4615/6772/2316/8837/10346/81603",31,"b1n"
"GO:00457272","GO:0045727","positive regulation of translation","21/960","136/18866",5.16290310637188e-06,9.35776188029904e-05,6.80614573802296e-05,"7431/26986/6203/5315/387/7555/8531/5724/27230/23645/6256/6154/3646/1654/3184/10657/116496/1938/2185/5935/6156",21,"b1n"
"GO:0044409","GO:0044409","entry into host","22/960","147/18866",5.23721212834371e-06,9.46048588167138e-05,6.88085959942234e-05,"2219/10410/3956/1508/1378/3965/10581/1604/6614/1499/2885/4179/5034/8673/156/6993/5478/3916/3949/3576/10346/81603",22,"b1n"
"GO:0002763","GO:0002763","positive regulation of myeloid leukocyte differentiation","13/960","58/18866",5.27652743435273e-06,9.49952002862497e-05,6.90925015865262e-05,"2353/3725/7305/3398/2124/861/7071/2242/1230/677/10221/3059/537",13,"b1n"
"GO:00109502","GO:0010950","positive regulation of endopeptidase activity","25/960","181/18866",5.36485969292634e-06,9.62624490051834e-05,7.00142048290018e-05,"6280/6279/1509/29108/64115/1378/64581/3965/8743/387/834/3428/4067/1512/8301/27166/10399/6850/5720/1654/8837/114548/10541/5721/6774",25,"b1n"
"GO:0075522","GO:0075522","IRES-dependent viral translational initiation","6/933","10/18866",2.54745289987578e-06,8.15511524485874e-05,7.09058246422914e-05,"5094/8665/8664/8562/6741/1939",6,"b0"
"GO:0031498","GO:0031498","chromatin disassembly","8/933","20/18866",2.56939033321899e-06,8.17295243572972e-05,7.10609126686447e-05,"3159/6418/6599/92815/11198/6601/4778/6605",8,"b0"
"GO:00064172","GO:0006417","regulation of translation","46/960","450/18866",5.54962437558265e-06,9.92457825833363e-05,7.21840616150346e-05,"2597/7431/26986/7538/6203/5315/387/7555/8531/9444/5724/27335/27230/6093/4904/5997/5610/23645/10399/6169/6256/9991/8667/317649/5187/6208/6154/84919/3646/1654/9698/677/3184/136319/192670/6176/6774/10657/116496/1938/678/2185/23191/5935/1982/6156",46,"b1n"
"GO:0032760","GO:0032760","positive regulation of tumor necrosis factor production","12/960","50/18866",5.68146655438982e-06,0.000101266006858144,7.3653423735349e-05,"929/29108/1191/5788/948/2207/7099/5724/23643/7097/1535/1652",12,"b1n"
"GO:00091651","GO:0009165","nucleotide biosynthetic process","32/931","266/18866",3.03083437311814e-06,8.60720880603966e-05,7.46314479094879e-05,"517/3615/1854/2982/4508/142/2023/30968/9200/522/509/25874/539/506/353/4833/513/518/4513/498/4830/51144/10632/3251/10606/521/8833/159/9524/515/29922/9061",32,"b1"
"GO:0071375","GO:0071375","cellular response to peptide hormone stimulus","37/960","330/18866",5.77728718275035e-06,0.00010263293289886,7.46476249092212e-05,"57085/2950/2771/8660/5315/11031/533/5728/4067/9021/64397/10890/8992/9114/6093/2885/9296/1535/5791/114882/4929/55023/5573/9550/6430/10312/6772/8837/677/51762/54741/6774/7532/537/6778/23191/523",37,"b1n"
"GO:0002220","GO:0002220","innate immune response activating cell surface receptor signaling pathway","19/960","116/18866",5.97269253647326e-06,0.000105754110423033,7.69177392138487e-05,"2219/5688/2207/5062/4067/5691/5685/26253/11027/6850/5720/5682/3385/5689/5713/5694/5710/5721/5692",19,"b1n"
"GO:00061221","GO:0006122","mitochondrial electron transport, ubiquinol to cytochrome c","7/931","15/18866",3.16398531134392e-06,8.8796317178952e-05,7.69935744494217e-05,"4519/7381/7388/7385/7386/54205/29796",7,"b1"
"GO:00190811","GO:0019081","viral translation","7/931","15/18866",3.16398531134392e-06,8.8796317178952e-05,7.69935744494217e-05,"51386/8665/8562/8666/5094/8664/6741",7,"b1"
"GO:0051251","GO:0051251","positive regulation of lymphocyte activation","39/960","357/18866",6.07893450250534e-06,0.000107281196072175,7.80284286730863e-05,"301/199/29108/683/3956/7305/10673/64115/5788/8660/64581/5879/10288/3965/1604/387/998/5062/7099/4067/64332/861/3071/2885/4179/5777/81704/140885/6850/11151/3105/3142/3916/604/1326/114548/30011/6778/8876",39,"b1n"
"GO:0071621","GO:0071621","granulocyte chemotaxis","20/960","127/18866",6.34510206377611e-06,0.000111611385482488,8.11778890437206e-05,"301/6280/6279/6283/683/1441/3689/3958/23765/5879/2207/728/8291/3071/1432/120425/6850/9750/3576/51192",20,"b1n"
"GO:0032386","GO:0032386","regulation of intracellular transport","39/960","358/18866",6.49663455162613e-06,0.000113874079988783,8.28236061251615e-05,"3689/3936/7529/948/302/8021/4600/998/7295/665/3684/4478/7323/1432/3429/51100/59286/5621/3916/10956/120892/7531/2316/11261/7534/404636/10541/54741/4946/10657/6342/3059/7532/3799/55288/4924/7332/6672/375",39,"b1n"
"GO:0001959","GO:0001959","regulation of cytokine-mediated signaling pathway","25/960","183/18866",6.53741223421156e-06,0.000113874079988783,8.28236061251615e-05,"11213/29108/2950/5788/3460/25939/834/9021/3091/861/83666/114769/3459/5777/54625/10399/6850/7132/103/10555/7128/6772/837/8887/6868",25,"b1n"
"GO:0071347","GO:0071347","cellular response to interleukin-1","25/960","183/18866",6.53741223421156e-06,0.000113874079988783,8.28236061251615e-05,"4792/11213/29108/1051/5688/7311/5691/3091/5685/10365/7316/140885/5720/5682/2634/4615/1326/5689/5713/3576/5694/5710/2633/5721/5692",25,"b1n"
"GO:0032642","GO:0032642","regulation of chemokine production","14/960","68/18866",6.6791463464418e-06,0.000115966408248091,8.4345411365218e-05,"2950/64581/23765/9314/3965/7099/3091/5610/140885/7097/6850/1654/6868/3570",14,"b1n"
"GO:0016569","GO:0016569","covalent chromatin modification","48/933","481/18866",3.11232503778574e-06,9.83731091057089e-05,8.5531917260934e-05,"3008/9555/3007/4602/23741/6418/6500/10765/6421/3006/2624/55183/5978/546/23168/3553/6879/6304/7552/3066/23522/10933/64769/56943/9678/23326/10856/3276/51773/23512/51564/55904/2091/51504/22938/8520/7324/11315/79718/51535/51742/5245/57708/51230/51147/54737/23476/5977",48,"b0"
"GO:0001906","GO:0001906","cell killing","24/960","172/18866",6.8883499895961e-06,0.000119212895787687,8.67066669318599e-05,"2597/4069/6283/7305/5788/64581/3965/5052/1604/1130/409/3684/6813/1512/3106/5777/5873/140823/6850/11151/3105/3151/3916/6156",24,"b1n"
"GO:2001057","GO:2001057","reactive nitrogen species metabolic process","16/960","87/18866",7.01726659255181e-06,0.000121053489611062,8.80453791118279e-05,"706/199/3689/1191/948/64581/5879/9314/7099/1545/10365/3320/140885/7097/2185/64757",16,"b1n"
"GO:1901216","GO:1901216","positive regulation of neuron death","17/960","97/18866",7.20331151473665e-06,0.000123593588953348,8.98928600088413e-05,"2353/3725/4170/2896/3689/7305/1191/387/998/7099/1499/3684/4835/8301/1522/824/5621",17,"b1n"
"GO:00196932","GO:0019693","ribose phosphate metabolic process","44/960","427/18866",7.21058589793066e-06,0.000123593588953348,8.98928600088413e-05,"7086/2597/2023/6817/517/2180/8021/5538/5315/5223/3939/1329/387/7167/4513/5230/10476/4508/3091/7378/514/10632/1622/5836/521/9551/84188/509/506/513/539/120892/131870/2539/7114/518/515/6774/2182/2773/83440/3614/522/498",44,"b1n"
"GO:0007034","GO:0007034","vacuolar transport","22/960","150/18866",7.31657740126684e-06,0.000124614088119989,9.06350958278903e-05,"2896/5660/1191/3920/4035/1130/27243/9114/57132/151636/3916/7879/120892/51510/63971/81609/84376/54741/203228/8031/51160/375",22,"b1n"
"GO:0097530","GO:0097530","granulocyte migration","22/960","150/18866",7.31657740126684e-06,0.000124614088119989,9.06350958278903e-05,"301/6280/6279/6283/683/1441/3689/3958/23765/5879/391/2207/728/5175/8291/3071/1432/120425/6850/9750/3576/51192",22,"b1n"
"GO:00434891","GO:0043489","RNA stabilization","13/931","58/18866",3.77548009877986e-06,0.000105338102639057,9.13366376620796e-05,"1153/8531/26986/4904/10949/3183/9967/3184/8148/1736/3192/2521/10492",13,"b1"
"GO:0070997","GO:0070997","neuron death","39/960","360/18866",7.4125828378159e-06,0.000125849705458488,9.15337927374535e-05,"2353/3725/2597/4170/2896/10135/4671/3689/7305/1191/1051/5538/4035/387/728/998/409/7099/1499/3684/4835/3091/6093/8301/1522/10399/7133/824/3162/11151/4929/5621/120892/2539/6648/11261/58533/6774/2185",39,"b1n"
"GO:19012931","GO:1901293","nucleoside phosphate biosynthetic process","32/931","269/18866",3.85217187480082e-06,0.000106852976829504,9.26501558627126e-05,"517/3615/1854/2982/4508/142/2023/30968/9200/522/509/25874/539/506/353/4833/513/518/4513/498/4830/51144/10632/3251/10606/521/8833/159/9524/515/29922/9061",32,"b1"
"GO:19019871","GO:1901987","regulation of cell cycle phase transition","48/931","486/18866",3.90343836040425e-06,0.000107649158482594,9.33405096220792e-05,"1021/4869/6154/6659/29997/7846/9555/678/7029/328/6500/3320/894/2273/7531/3276/1019/203068/11331/301/79621/5108/8655/199/81853/7175/1654/1843/5720/51347/10142/55904/119504/5591/5689/29883/5087/5728/4848/5325/5700/5693/84142/51065/5682/3550/7324/51433",48,"b1"
"GO:1903320","GO:1903320","regulation of protein modification by small protein conjugation or removal","30/933","242/18866",3.46950607000698e-06,0.00010897303970827,9.47481796675194e-05,"6659/7314/6125/6201/6135/6188/3320/819/3326/6500/29997/9349/6187/9111/51035/10016/1654/3301/51160/5728/284/706/10210/8767/2280/11315/754/7415/57599/10362",30,"b0"
"GO:0051091","GO:0051091","positive regulation of DNA-binding transcription factor activity","32/960","270/18866",7.81932555641397e-06,0.000132336535047826,9.62518340947255e-05,"6280/6279/6283/11213/29108/9208/3689/1191/948/3965/7311/847/7099/1499/5728/10935/114769/5610/7316/7097/92140/10542/4615/8837/340061/114548/136319/28232/6774/3059/10346/81603",32,"b1n"
"GO:1903428","GO:1903428","positive regulation of reactive oxygen species biosynthetic process","13/960","60/18866",7.8608153630842e-06,0.000132620359820587,9.64582672987525e-05,"199/3689/1191/948/64581/9314/4513/7099/10365/3320/5873/1535/2185",13,"b1n"
"GO:0034502","GO:0034502","protein localization to chromosome","16/933","85/18866",3.56437606116857e-06,0.000111253087809224,9.67306003442127e-05,"9555/10576/546/10574/1736/10575/10694/7520/6950/10856/7203/908/51535/54386/4436/3550",16,"b0"
"GO:0034470","GO:0034470","ncRNA processing","42/933","400/18866",3.61857802196046e-06,0.000112243345600438,9.7591594250323e-05,"6129/6165/6154/6229/6125/6201/6135/6203/9045/6194/10521/6130/4736/29997/6208/10412/6202/6209/6187/6234/6223/51637/3181/6227/5036/1736/285855/26156/11224/6232/8270/6741/6218/6155/3692/2091/51504/283742/54931/6894/11056/51729",42,"b0"
"GO:0042742","GO:0042742","defense response to bacterium","38/960","348/18866",8.05488899435799e-06,0.000135468587632384,9.85298581161032e-05,"6280/6279/4069/6283/3148/2896/29108/4671/5199/1051/6556/948/2268/2207/728/1130/7099/51316/23166/6170/219972/9636/3516/140823/26253/7097/6850/1535/2634/3105/7132/4615/5861/114548/3240/6868/3570/6156",38,"b1n"
"GO:0032212","GO:0032212","positive regulation of telomere maintenance via telomerase","10/933","34/18866",3.69212115959556e-06,0.000113817611549508,9.89603624647934e-05,"3178/10576/10574/1736/10575/10694/7520/6950/7203/908",10,"b0"
"GO:00316472","GO:0031647","regulation of protein stability","34/960","296/18866",8.14444520850765e-06,0.000136546714198886,9.93140078550587e-05,"2597/2896/29108/7305/1191/57142/10169/3920/5728/2776/1512/5216/9349/5292/3320/284996/51100/433/6135/9960/7756/5621/9770/3397/3916/120892/5476/22948/2316/11261/6201/9334/10491/54918",34,"b1n"
"GO:0062197","GO:0062197","cellular response to chemical stress","39/933","360/18866",3.79945373584439e-06,0.000116407803415993,0.000101212442107576,"10399/328/8644/8531/4602/7295/6188/5269/9588/2353/6421/847/3315/199/4841/5978/9973/5052/6647/2950/7001/135112/3184/1654/1612/7520/3066/3301/142/3725/706/301/4257/9990/7168/11315/27429/25793/11235",39,"b0"
"GO:0071402","GO:0071402","cellular response to lipoprotein particle stimulus","10/960","36/18866",8.41048539718024e-06,0.000140567769955987,0.000102238627208877,"3689/948/2207/968/7099/1066/6850/3949/4615/6868",10,"b1n"
"GO:0001933","GO:0001933","negative regulation of protein phosphorylation","45/960","444/18866",8.73011688031685e-06,0.000145456761064907,0.00010579451871636,"1843/3725/9555/11213/91663/29108/9535/2950/5788/1848/9314/409/5062/7099/64092/5728/4067/9021/2776/5997/805/5777/54625/284996/10399/140885/3301/8661/5187/5621/5573/9770/84919/103/120892/7128/11261/10221/58533/2633/116496/7532/203228/65125/4616",45,"b1n"
"GO:1903557","GO:1903557","positive regulation of tumor necrosis factor superfamily cytokine production","12/960","52/18866",8.79187399039664e-06,0.000145873365857436,0.000106097526312555,"929/29108/1191/5788/948/2207/7099/5724/23643/7097/1535/1652",12,"b1n"
"GO:00162361","GO:0016236","macroautophagy","35/960","310/18866",8.80950056622728e-06,0.000145873365857436,0.000106097526312555,"2597/81671/9517/389541/3920/533/665/826/27243/3091/8992/9114/51100/8673/3162/81631/64422/10542/28956/55004/7879/120892/9550/10312/340061/5861/89849/23710/58533/2773/203228/5768/51160/523/1460",35,"b1n"
"GO:0043687","GO:0043687","post-translational protein modification","39/960","363/18866",9.01160678746664e-06,0.000148760832045411,0.000108197656230409,"334/1462/5265/3956/6923/3490/26234/1471/5688/10970/9021/5691/3091/5685/8073/10618/26118/5034/51246/5720/4738/5682/102/2153/5862/9616/5861/5689/23287/5713/3895/5694/5710/5721/10491/4924/5768/7076/5692",39,"b1n"
"GO:00458151","GO:0045815","positive regulation of gene expression, epigenetic","13/931","59/18866",4.62575444809532e-06,0.000126836060183119,0.0001099771021235,"3008/3007/9555/79101/3159/8971/30834/3005/3006/23451/57492/7913/221830",13,"b1"
"GO:1901532","GO:1901532","regulation of hematopoietic progenitor cell differentiation","16/933","86/18866",4.1806586787699e-06,0.000127306155132786,0.000110688171052156,"1021/4602/2624/10443/861/4005/5683/5695/96459/5682/3313/5689/5693/51441/5134/5977",16,"b0"
"GO:0045576","GO:0045576","mast cell activation","13/960","61/18866",9.52908210716262e-06,0.000156820630383213,0.000114059759028905,"6283/3965/5359/2268/2207/6813/4067/2242/8673/6850/3162/7462/3937",13,"b1n"
"GO:0002699","GO:0002699","positive regulation of immune effector process","28/960","223/18866",9.67450812212117e-06,0.000158727021636636,0.000115446327406094,"301/3689/7305/5788/948/3965/2268/2207/9958/7099/3684/6813/4067/5724/64332/2242/3106/4179/8673/6850/3162/3105/3142/3916/9698/114548/91543/6778",28,"b1n"
"GO:00510521","GO:0051052","regulation of DNA metabolic process","39/931","365/18866",5.03086989897642e-06,0.000136429904203959,0.000118295739284837,"6188/4869/3178/3326/3008/64710/3007/3146/3320/142/7203/10576/10728/3181/8971/10575/546/10694/3183/3005/10574/5514/3006/3184/6950/2969/1843/7520/54737/908/1736/3192/2521/22948/5591/4255/4297/84142/7913",39,"b1"
"GO:19019901","GO:1901990","regulation of mitotic cell cycle phase transition","45/931","448/18866",5.03283654158391e-06,0.000136429904203959,0.000118295739284837,"1021/6154/6659/29997/7846/678/7029/328/6500/3320/894/2273/7531/3276/1019/203068/11331/301/79621/5108/8655/199/81853/7175/1654/1843/5720/51347/10142/55904/119504/5591/5689/29883/5087/5728/4848/5325/5700/5693/51065/5682/3550/7324/51433",45,"b1"
"GO:00726551","GO:0072655","establishment of protein localization to mitochondrion","21/931","140/18866",5.1356802423626e-06,0.000138431245402892,0.000120031063648439,"3329/7029/3320/54741/10971/7531/54543/3301/9804/93974/26517/293/131118/51024/9512/26520/9141/665/56993/51079/140823",21,"b1"
"GO:00482551","GO:0048255","mRNA stabilization","12/931","51/18866",5.18389274719358e-06,0.000138945799420565,0.000120477223515498,"1153/8531/26986/4904/10949/3183/9967/3184/8148/3192/2521/10492",12,"b1"
"GO:00017311","GO:0001731","formation of translation preinitiation complex","6/931","11/18866",5.30275088509414e-06,0.000141337566887062,0.00012255107896748,"23521/1975/8562/7458/1968/8894",6,"b1"
"GO:0045815","GO:0045815","positive regulation of gene expression, epigenetic","13/933","59/18866",4.73521873970441e-06,0.000143319287188387,0.000124611019465905,"3008/9555/3007/3159/79101/3006/57492/7913/3005/30834/221830/23451/8971",13,"b0"
"GO:0043123","GO:0043123","positive regulation of I-kappaB kinase/NF-kappaB signaling","25/960","188/18866",1.05584675595697e-05,0.000172701763588694,0.000125610523887436,"6283/6275/3956/948/3965/8743/387/7099/834/1499/11214/684/114769/51246/3162/9218/2280/7132/92140/10542/4615/2316/8837/10346/81603",25,"b1n"
"GO:0007035","GO:0007035","vacuolar acidification","8/960","23/18866",1.07960195132574e-05,0.000176050591758742,0.000128046214479748,"2896/6556/5538/23312/8992/9114/10159/10312",8,"b1n"
"GO:0045807","GO:0045807","positive regulation of endocytosis","17/960","100/18866",1.09820521608494e-05,0.000178541544978657,0.0001298579501125,"929/967/1191/948/302/5538/11031/4035/998/409/3071/3190/6850/120892/81/51160/375",17,"b1n"
"GO:0051250","GO:0051250","negative regulation of lymphocyte activation","22/960","154/18866",1.12478057782491e-05,0.000182309601209386,0.000132598556272761,"301/7940/4332/7305/64115/1051/3958/10875/10288/3965/2268/3398/64092/4067/861/5777/5621/5573/3142/7128/604/9750",22,"b1n"
"GO:0045824","GO:0045824","negative regulation of innate immune response","13/960","62/18866",1.1501317409824e-05,0.000185627786275534,0.000135011959331614,"2896/11213/1378/3965/25939/409/3428/3106/54625/9111/3105/103/7128",13,"b1n"
"GO:0032722","GO:0032722","positive regulation of chemokine production","11/960","45/18866",1.1521724665378e-05,0.000185627786275534,0.000135011959331614,"64581/23765/3965/7099/3091/5610/7097/6850/1654/6868/3570",11,"b1n"
"GO:00096361","GO:0009636","response to toxic substance","30/960","250/18866",1.16678815836582e-05,0.000187419714659659,0.000136315275860766,"2353/6280/4257/2950/948/4259/1471/5052/7295/4502/7311/847/4067/4519/1545/5292/10935/25824/1066/7097/9446/196/84817/6648/8683/373156/2098/3240/6415/64757",30,"b1n"
"GO:0051052","GO:0051052","regulation of DNA metabolic process","39/933","365/18866",5.29049101224237e-06,0.000159160916356255,0.000138384752222573,"3008/4869/3178/3007/3146/6188/3320/3326/2969/3006/10576/3192/10728/1843/55183/7913/3005/3181/546/10574/1736/3183/10575/3184/10694/7552/7520/6950/7203/142/64710/2521/8971/7158/908/5514/54386/54737/4436",39,"b0"
"GO:0001731","GO:0001731","formation of translation preinitiation complex","6/933","11/18866",5.36911603402217e-06,0.000159603365916111,0.000138769446368054,"1975/8562/23521/7458/1968/1939",6,"b0"
"GO:0019042","GO:0019042","viral latency","6/933","11/18866",5.36911603402217e-06,0.000159603365916111,0.000138769446368054,"3159/11168/7520/8815/64710/5478",6,"b0"
"GO:00510541","GO:0051054","positive regulation of DNA metabolic process","26/931","200/18866",6.22356210855431e-06,0.000164563851711703,0.00014269014268817,"6188/3178/3326/3146/3320/142/7203/10576/10728/3181/10575/546/10694/10574/5514/3184/6950/2969/7520/908/1736/2521/22948/5591/4255/84142",26,"b1"
"GO:00311231","GO:0031123","RNA 3'-end processing","22/931","153/18866",6.24314759166177e-06,0.000164563851711703,0.00014269014268817,"6430/6227/26986/6428/80145/4116/9295/6741/2091/8683/10250/10914/6427/1736/23318/8106/9939/6432/22916/29101/6426/10921",22,"b1"
"GO:00066261","GO:0006626","protein targeting to mitochondrion","17/931","99/18866",6.39238407148562e-06,0.000167295495959457,0.000145058698743652,"3329/3320/54741/54543/9804/93974/26517/293/131118/51024/9512/26520/9141/665/56993/51079/140823",17,"b1"
"GO:00519731","GO:0051973","positive regulation of telomerase activity","10/931","36/18866",6.41690961236232e-06,0.000167295495959457,0.000145058698743652,"3326/3320/10576/10728/3181/10575/3184/6950/7520/1736",10,"b1"
"GO:0032869","GO:0032869","cellular response to insulin stimulus","28/960","226/18866",1.24585111104064e-05,0.000199522125693524,0.000145117676940382,"2950/2771/8660/5315/11031/533/5728/9021/64397/10890/8992/9114/2885/9296/5791/114882/55023/9550/6430/10312/6772/8837/677/51762/7532/537/23191/523",28,"b1n"
"GO:1990266","GO:1990266","neutrophil migration","19/960","122/18866",1.26552493099359e-05,0.000202069680201804,0.000146970580175227,"6280/6279/6283/683/1441/3689/3958/5879/391/2207/728/5175/8291/3071/120425/6850/9750/3576/51192",19,"b1n"
"GO:0045921","GO:0045921","positive regulation of exocytosis","16/960","91/18866",1.27495139009257e-05,0.000202970748007319,0.000147625950431772,"6386/3689/2268/2207/3684/27243/5724/5873/8673/6850/3916/7879/10015/537/9545/375",16,"b1n"
"GO:0031396","GO:0031396","regulation of protein ubiquitination","27/933","211/18866",5.82840333992991e-06,0.000172231043074615,0.000149748762237377,"6659/7314/6125/6201/6135/6188/3320/819/3326/6500/9349/6187/9111/51035/10016/1654/3301/51160/5728/284/706/10210/8767/2280/11315/754/57599",27,"b0"
"GO:0051131","GO:0051131","chaperone-mediated protein complex assembly","8/933","22/18866",5.96966782632389e-06,0.000174502439877076,0.000151723660917931,"3320/3326/10576/10728/3329/56984/8624/84525",8,"b0"
"GO:0071426","GO:0071426","ribonucleoprotein complex export from nucleus","20/933","130/18866",5.97515362814979e-06,0.000174502439877076,0.000151723660917931,"4869/6430/6209/3181/6428/6431/6427/8106/9295/8683/6741/56943/7175/3692/10250/84248/26019/4116/5901/10921",20,"b0"
"GO:0032757","GO:0032757","positive regulation of interleukin-8 production","12/960","54/18866",1.33020079021175e-05,0.000211139859156392,0.000153567559305978,"2219/929/29108/64581/3965/7099/7097/6850/10542/4615/51311/6774",12,"b1n"
"GO:0034660","GO:0034660","ncRNA metabolic process","48/933","493/18866",6.10393711653261e-06,0.000177227104418394,0.000154092659765588,"6129/6165/6154/6229/6125/6201/6135/6203/9045/6194/10521/6130/4736/29997/6208/10412/6202/6209/6187/6234/6223/51637/3181/51520/6227/5036/1736/285855/79002/26156/11224/6232/8270/6741/6218/6155/3692/2091/51504/283742/6897/1615/5901/54931/92675/6894/11056/51729",48,"b0"
"GO:2000278","GO:2000278","regulation of DNA biosynthetic process","18/933","109/18866",6.27949125207996e-06,0.000181270400652528,0.000157608161939944,"3178/3320/3326/10576/3192/10728/1843/3181/10574/1736/3183/10575/3184/10694/7520/6950/7203/908",18,"b0"
"GO:0032613","GO:0032613","interleukin-10 production","13/960","63/18866",1.38237262160109e-05,0.00021877372020324,0.000159119866737315,"29108/7305/64115/64581/3965/2207/353514/7099/9636/4179/7097/6850/6774",13,"b1n"
"GO:00313302","GO:0031330","negative regulation of cellular catabolic process","31/960","265/18866",1.40276157969288e-05,0.000221347525736832,0.000160991863031626,"706/4170/26986/10135/6386/7538/3192/6556/302/7077/1471/8531/9349/6093/4904/1432/3183/6135/3162/10956/120892/5476/4615/6201/3184/81892/3240/6774/5768/7076/1982",31,"b1n"
"GO:0051054","GO:0051054","positive regulation of DNA metabolic process","26/933","200/18866",6.46546965549715e-06,0.000185566410687085,0.000161343389769666,"3178/3146/6188/3320/3326/2969/10576/10728/55183/3181/546/10574/1736/10575/3184/10694/7552/7520/6950/7203/142/2521/7158/908/5514/4436",26,"b0"
"GO:0051973","GO:0051973","positive regulation of telomerase activity","10/933","36/18866",6.53978117158739e-06,0.000186626669548042,0.000162265247114574,"3320/3326/10576/10728/3181/1736/10575/3184/7520/6950",10,"b0"
"GO:0032733","GO:0032733","positive regulation of interleukin-10 production","10/960","38/18866",1.42558030150753e-05,0.000224148919474601,0.000163029390198136,"29108/64581/3965/2207/353514/7099/4179/7097/6850/6774",10,"b1n"
"GO:0001738","GO:0001738","morphogenesis of a polarized epithelium","21/960","145/18866",1.42887102442337e-05,0.000224148919474601,0.000163029390198136,"60/5879/5688/71/387/998/409/4478/5691/10890/5216/5685/1175/5720/5682/5689/5713/5694/5710/5721/5692",21,"b1n"
"GO:19001821","GO:1900182","positive regulation of protein localization to nucleus","15/931","80/18866",7.32570643564798e-06,0.000189622533209312,0.000164418042231595,"3326/142/7203/10576/10575/10694/5901/10574/6950/7175/908/1736/22948/10542/55696",15,"b1"
"GO:0045069","GO:0045069","regulation of viral genome replication","17/931","100/18866",7.35279158325773e-06,0.000189622533209312,0.000164418042231595,"684/64710/26986/5610/5478/8815/1654/54737/5245/3312/7155/3609/29883/5886/51495/3434/1655",17,"b1"
"GO:0071166","GO:0071166","ribonucleoprotein complex localization","20/933","131/18866",6.72965741384765e-06,0.000190954029117927,0.000166027732249531,"4869/6430/6209/3181/6428/6431/6427/8106/9295/8683/6741/56943/7175/3692/10250/84248/26019/4116/5901/10921",20,"b0"
"GO:0030217","GO:0030217","T cell differentiation","30/960","253/18866",1.4748188700043e-05,0.000230682310133326,0.00016778129664281,"301/5660/64115/5788/10875/1378/10288/3965/9935/2207/387/1499/64332/861/3071/4179/27166/26253/6850/3142/604/10312/677/114548/91543/6774/678/6778/6868/8876",30,"b1n"
"GO:00196931","GO:0019693","ribose phosphate metabolic process","43/931","427/18866",7.63168472879697e-06,0.000194800062824434,0.0001689073783274,"3094/517/3615/2982/4508/142/2023/30968/3939/9200/26137/5901/522/509/25874/2597/539/506/79621/353/4833/513/518/4513/7175/7167/84836/498/4830/195827/51144/84320/10632/3251/7086/10606/521/8833/159/9524/515/29922/9061",43,"b1"
"GO:20012331","GO:2001233","regulation of apoptotic signaling pathway","42/931","413/18866",7.63521520607193e-06,0.000194800062824434,0.0001689073783274,"6188/10399/6154/6135/6201/7178/7314/8531/6647/3315/7029/551/142/2950/2023/7001/10971/7531/3190/3301/93974/4841/81618/2537/7417/7494/292/1654/6421/4282/51024/3553/64844/960/5728/9141/3303/9774/51079/2934/55023/9821",42,"b1"
"GO:0051651","GO:0051651","maintenance of location in cell","27/960","216/18866",1.50566852028761e-05,0.000234823011957646,0.000170792937720507,"706/2512/6280/6279/5552/5788/3192/9168/7295/55704/4067/805/5777/2495/1535/6717/9446/11151/2280/10956/2548/7114/309/30001/11344/2185/6672",27,"b1n"
"GO:00091652","GO:0009165","nucleotide biosynthetic process","31/960","266/18866",1.51235238608699e-05,0.000235181755111789,0.00017105386102897,"10135/2023/517/2180/5538/5315/1329/4513/10476/4508/7378/83666/514/10632/93100/521/9551/509/506/513/539/129607/7114/518/65220/515/6774/2182/3614/522/498",31,"b1n"
"GO:00432811","GO:0043281","regulation of cysteine-type endopeptidase activity involved in apoptotic process","27/931","215/18866",7.97378441761406e-06,0.000202355986470408,0.000175458974027006,"6188/10399/10541/3329/3146/10049/551/27018/7531/3336/3476/10016/2537/1654/96459/1612/51024/5978/10542/960/54205/10550/9141/5134/51079/51065/2934",27,"b1"
"GO:00705851","GO:0070585","protein localization to mitochondrion","21/931","144/18866",8.06131292870158e-06,0.000203494835888017,0.000176446448397645,"3329/7029/3320/54741/10971/7531/54543/3301/9804/93974/26517/293/131118/51024/9512/26520/9141/665/56993/51079/140823",21,"b1"
"GO:19020362","GO:1902036","regulation of hematopoietic stem cell differentiation","14/960","73/18866",1.58110964912894e-05,0.000245163389236322,0.000178313765418952,"4005/5688/5691/861/5685/5610/5720/5682/5689/5713/5694/5710/5721/5692",14,"b1n"
"GO:0002688","GO:0002688","regulation of leukocyte chemotaxis","19/960","124/18866",1.60568768382451e-05,0.000246834224175316,0.000179529007508294,"1843/199/683/5879/3965/728/4067/8291/3071/1432/1652/1230/102/9750/3576/65125/6868/2185/3570",19,"b1n"
"GO:0002698","GO:0002698","negative regulation of immune effector process","19/960","124/18866",1.60568768382451e-05,0.000246834224175316,0.000179529007508294,"301/2896/11213/3958/5788/10875/1378/3965/1604/409/684/3106/5777/5094/3162/3105/3142/7009/604",19,"b1n"
"GO:0051101","GO:0051101","regulation of DNA binding","19/960","124/18866",1.60568768382451e-05,0.000246834224175316,0.000179529007508294,"3725/3148/4792/9314/3398/7295/5329/3428/1499/6717/3162/3397/10542/3005/7114/25836/6612/6672/1460",19,"b1n"
"GO:0051051","GO:0051051","negative regulation of transport","47/960","483/18866",1.61276442803518e-05,0.000247213747325964,0.000179805044653426,"301/6386/5552/2771/3958/948/8660/5879/10288/3965/7295/5728/1312/8291/684/80223/5997/805/8301/90007/8673/10399/945/7133/140885/7097/4043/6717/9446/3162/11151/7132/56943/64422/7879/10956/120892/7531/7009/11261/91543/4946/65125/522/2185/23191/6672",47,"b1n"
"GO:0032655","GO:0032655","regulation of interleukin-12 production","12/960","55/18866",1.62338447780909e-05,0.000247427776234254,0.000179960713493968,"11213/948/64581/3965/409/353514/7099/1432/3106/7097/6850/51311",12,"b1n"
"GO:0032720","GO:0032720","negative regulation of tumor necrosis factor production","12/960","55/18866",1.62338447780909e-05,0.000247427776234254,0.000179960713493968,"706/11213/64115/2950/3965/409/7099/5777/945/140885/23405/7128",12,"b1n"
"GO:0030593","GO:0030593","neutrophil chemotaxis","17/960","103/18866",1.64417644678992e-05,0.000249180978447116,0.000181235863462689,"6280/6279/6283/683/1441/3689/3958/5879/2207/728/8291/3071/120425/6850/9750/3576/51192",17,"b1n"
"GO:0070498","GO:0070498","interleukin-1-mediated signaling pathway","17/960","103/18866",1.64417644678992e-05,0.000249180978447116,0.000181235863462689,"4792/11213/5688/7311/5691/5685/7316/5720/5682/4615/1326/5689/5713/5694/5710/5721/5692",17,"b1n"
"GO:0016570","GO:0016570","histone modification","46/933","468/18866",7.42616422593491e-06,0.000209171268332518,0.00018186697339368,"3008/9555/3007/4602/23741/6418/6500/10765/6421/3006/2624/55183/5978/546/23168/3553/6879/6304/7552/3066/23522/10933/64769/56943/9678/23326/10856/3276/51773/23512/51564/55904/2091/51504/22938/8520/7324/11315/79718/51742/5245/57708/51230/51147/23476/5977",46,"b0"
"GO:0097193","GO:0097193","intrinsic apoptotic signaling pathway","33/933","290/18866",7.4554436850597e-06,0.000209171268332518,0.00018186697339368,"10399/7314/6154/8531/3094/6201/6135/6188/7178/2023/6421/3190/3315/4841/6647/51024/1654/10955/7417/3301/23645/142/51065/22938/10210/4282/9774/11315/4722/754/27429/11235/4436",33,"b0"
"GO:00450701","GO:0045070","positive regulation of viral genome replication","10/931","37/18866",8.40686723757976e-06,0.000211100861002595,0.000183041486114618,"64710/26986/5478/1654/3312/7155/29883/5886/51495/3434",10,"b1"
"GO:00091501","GO:0009150","purine ribonucleotide metabolic process","41/931","401/18866",8.58153490441701e-06,0.000212001635041737,0.000183822529915173,"3094/517/3615/2982/4508/142/2023/30968/3939/9200/26137/5901/522/509/25874/2597/539/506/353/4833/513/518/4513/7175/7167/84836/498/4830/195827/51144/84320/10632/3251/10606/521/8833/159/9524/515/29922/9061",41,"b1"
"GO:0042451","GO:0042451","purine nucleoside biosynthetic process","8/931","23/18866",8.62048149195072e-06,0.000212001635041737,0.000183822529915173,"262/3615/353/4833/4830/3251/8833/29922",8,"b1"
"GO:0042455","GO:0042455","ribonucleoside biosynthetic process","8/931","23/18866",8.62048149195072e-06,0.000212001635041737,0.000183822529915173,"262/3615/353/4833/4830/3251/8833/29922",8,"b1"
"GO:0046129","GO:0046129","purine ribonucleoside biosynthetic process","8/931","23/18866",8.62048149195072e-06,0.000212001635041737,0.000183822529915173,"262/3615/353/4833/4830/3251/8833/29922",8,"b1"
"GO:0006740","GO:0006740","NADPH regeneration","7/960","18/18866",1.67722730149603e-05,0.000253473928803555,0.000184358238892388,"7086/6888/5226/5223/25796/2539/3417",7,"b1n"
"GO:2000117","GO:2000117","negative regulation of cysteine-type endopeptidase activity","16/960","93/18866",1.69451410158631e-05,0.000255367083005915,0.000185735179615035,"2537/960/4671/831/9314/409/5329/5062/3428/10935/25824/114769/10542/7531/1654/8837",16,"b1n"
"GO:0030004","GO:0030004","cellular monovalent inorganic cation homeostasis","18/960","114/18866",1.7535325105428e-05,0.000262784969806204,0.000191130403310266,"2896/6556/5538/533/23312/8992/9114/9296/10159/506/7879/120892/9550/10312/11261/55858/537/523",18,"b1n"
"GO:19907482","GO:1990748","cellular detoxification","18/960","114/18866",1.7535325105428e-05,0.000262784969806204,0.000191130403310266,"6280/4257/2950/948/4259/5052/7295/847/5292/10935/25824/9446/84817/6648/373156/2098/3240/6415",18,"b1n"
"GO:00346141","GO:0034614","cellular response to reactive oxygen species","23/960","170/18866",1.77397953584091e-05,0.000264525861547307,0.000192396599549883,"2353/301/3725/5660/948/9314/1471/5052/7295/653361/1545/10935/25824/10365/10399/140823/140885/120892/7128/6648/8837/3184/6778",23,"b1n"
"GO:0072659","GO:0072659","protein localization to plasma membrane","32/960","281/18866",1.77501044095118e-05,0.000264525861547307,0.000192396599549883,"6281/91663/60/3958/10791/302/391/11031/2207/4035/2533/55704/196383/84106/10890/6093/8301/8673/10399/8650/5621/7132/682/63971/2316/9528/51762/246329/2633/81619/3799/9545",32,"b1n"
"GO:00092591","GO:0009259","ribonucleotide metabolic process","42/931","416/18866",9.1227320283448e-06,0.000223202843626836,0.000193534881896869,"3094/517/3615/2982/4508/142/2023/30968/3939/9200/26137/5901/522/509/25874/2597/539/506/79621/353/4833/513/518/4513/7175/7167/84836/498/4830/195827/51144/84320/10632/3251/10606/521/8833/159/9524/515/29922/9061",42,"b1"
"GO:0010506","GO:0010506","regulation of autophagy","37/960","347/18866",1.79722116179479e-05,0.000267093948283354,0.000194264436412693,"706/2597/4170/10135/29108/5660/9517/389541/533/665/826/3428/3091/8992/9114/6093/51100/3162/92140/10542/28956/55004/120892/5476/9550/9528/340061/58533/6774/10346/81603/2773/203228/5768/523/1915/1982",37,"b1n"
"GO:2001233","GO:2001233","regulation of apoptotic signaling pathway","42/933","413/18866",8.04344836246437e-06,0.000224407715766185,0.000195114522170924,"7029/10399/7314/6154/8531/6201/6135/6188/7178/2023/6421/7531/3190/3315/4841/10971/6647/2950/3553/7001/51024/292/81618/3148/1654/10955/7417/3301/142/93974/5728/4282/9774/5062/11315/4150/4722/754/27429/1457/3965/64798",42,"b0"
"GO:0050852","GO:0050852","T cell receptor signaling pathway","26/960","206/18866",1.81492075555572e-05,0.000268979277722553,0.000195635685979792,"3958/5788/5688/2533/5062/9473/84106/5691/7454/64332/5685/5777/5720/5682/3105/5621/5689/5713/5694/5710/2633/5721/10657/3937/65125/5692",26,"b1n"
"GO:0032210","GO:0032210","regulation of telomere maintenance via telomerase","12/933","53/18866",8.12796942363119e-06,0.000225505996120079,0.000196069437850752,"3178/10576/3192/10574/1736/3183/10575/10694/7520/6950/7203/908",12,"b0"
"GO:0034121","GO:0034121","regulation of toll-like receptor signaling pathway","14/960","74/18866",1.85984159224119e-05,0.000274877414390468,0.000199925555529595,"929/11213/948/57142/409/7099/4067/23643/7097/11027/1535/7128/1654/91543",14,"b1n"
"GO:19012932","GO:1901293","nucleoside phosphate biosynthetic process","31/960","269/18866",1.88967924143343e-05,0.000278520031051933,0.000202574926199934,"10135/2023/517/2180/5538/5315/1329/4513/10476/4508/7378/83666/514/10632/93100/521/9551/509/506/513/539/129607/7114/518/65220/515/6774/2182/3614/522/498",31,"b1n"
"GO:0033120","GO:0033120","positive regulation of RNA splicing","10/933","37/18866",8.5669976857471e-06,0.000236373405760337,0.000205518263761017,"1153/6430/9588/27316/4691/6434/9967/22938/54407/6625",10,"b0"
"GO:00063761","GO:0006376","mRNA splice site selection","12/931","54/18866",9.77037843043465e-06,0.000237828956589815,0.000206216902425393,"6430/51747/11168/27316/7536/10659/8683/10772/6631/91746/6426/10946",12,"b1"
"GO:0033002","GO:0033002","muscle cell proliferation","29/960","244/18866",1.94873908451357e-05,0.000285920483472857,0.000207957469413623,"3725/199/10135/2950/2771/9314/3398/1499/5728/4835/5724/1312/1432/5292/3516/6256/1535/3162/5573/7128/6772/6648/8837/2069/10221/6774/2773/7520/3570",29,"b1n"
"GO:0046209","GO:0046209","nitric oxide metabolic process","15/960","84/18866",1.95054793944204e-05,0.000285920483472857,0.000207957469413623,"706/199/3689/1191/948/64581/5879/9314/7099/1545/10365/3320/140885/7097/2185",15,"b1n"
"GO:0048026","GO:0048026","positive regulation of mRNA splicing, via spliceosome","8/933","23/18866",8.7574703487593e-06,0.000240301136932439,0.000208933286226906,"1153/9588/27316/4691/6434/9967/22938/6625",8,"b0"
"GO:0050866","GO:0050866","negative regulation of cell activation","26/960","207/18866",1.97739581884403e-05,0.000288906059920341,0.000210128957497367,"301/7940/4332/2896/7305/64115/1051/3958/5788/10875/10288/3965/2268/3398/64092/4067/861/5777/3162/5621/5573/3142/7128/3949/604/9750",26,"b1n"
"GO:0031623","GO:0031623","receptor internalization","18/960","115/18866",1.98168555546478e-05,0.000288906059920341,0.000210128957497367,"967/6386/3689/948/4600/11031/2207/4035/409/4599/2885/8301/156/4043/6850/8650/3576/375",18,"b1n"
"GO:0007163","GO:0007163","establishment or maintenance of cell polarity","27/960","220/18866",2.1016425189168e-05,0.000305564013929231,0.000222244724507904,"60/10097/1072/5879/391/387/998/4478/57698/10092/10890/3071/6093/10487/3320/10096/81704/10399/6993/4627/9750/1495/10312/64098/81609/10015/2185",27,"b1n"
"GO:0043304","GO:0043304","regulation of mast cell degranulation","9/960","32/18866",2.13860591310951e-05,0.000310097857400879,0.000225542307820681,"3965/2268/2207/6813/4067/2242/8673/6850/3162",9,"b1n"
"GO:00725222","GO:0072522","purine-containing compound biosynthetic process","26/960","208/18866",2.15293883312596e-05,0.000310645363323418,0.000225940523243225,"2023/517/2180/5538/5315/1329/4513/10476/4508/514/51816/10632/521/9551/509/506/513/539/7114/518/515/6774/2182/3614/522/498",26,"b1n"
"GO:1902563","GO:1902563","regulation of neutrophil activation","6/960","13/18866",2.15396225827235e-05,0.000310645363323418,0.000225940523243225,"2896/3689/3684/84106/5724/6850",6,"b1n"
"GO:0043302","GO:0043302","positive regulation of leukocyte degranulation","8/960","25/18866",2.17435666591143e-05,0.000312745938676001,0.000227468326810602,"3689/2268/2207/3684/5724/8673/6850/3916",8,"b1n"
"GO:0090382","GO:0090382","phagosome maturation","11/960","48/18866",2.22960804811638e-05,0.000319835486046641,0.000232624740623907,"11031/533/8992/9114/9296/11151/7879/9550/10312/10981/523",11,"b1n"
"GO:1902749","GO:1902749","regulation of cell cycle G2/M phase transition","27/933","217/18866",9.84653195383709e-06,0.000268708090587227,0.00023363212142409,"7846/9555/4869/3320/5108/2273/6500/29997/7531/5087/25949/80321/79621/203068/1112/8655/1781/11064/5683/5695/51347/5682/10142/5689/8766/5693/23476",27,"b0"
"GO:00987542","GO:0098754","detoxification","20/960","138/18866",2.24679488165883e-05,0.000321441454402657,0.000233792803545524,"6280/4257/2950/948/4259/5052/7295/4502/847/5292/10935/25824/9446/84817/6648/373156/2098/3240/6415/64757",20,"b1n"
"GO:0006081","GO:0006081","cellular aldehyde metabolic process","13/933","63/18866",1.0195156722182e-05,0.000276709851470527,0.000240589367728838,"8644/6888/7086/2098/5978/216/2739/9380/10327/7167/3418/11315/128",13,"b0"
"GO:0034142","GO:0034142","toll-like receptor 4 signaling pathway","10/960","40/18866",2.32991627377672e-05,0.000332446830021598,0.000241797301984611,"929/4792/3689/7099/3684/4067/23643/11027/7128/118788",10,"b1n"
"GO:00061642","GO:0006164","purine nucleotide biosynthetic process","25/960","197/18866",2.38014082071401e-05,0.000337279857679238,0.000245312489805648,"2023/517/2180/5538/5315/1329/4513/10476/4508/514/10632/521/9551/509/506/513/539/7114/518/515/6774/2182/3614/522/498",25,"b1n"
"GO:0032615","GO:0032615","interleukin-12 production","12/960","57/18866",2.38264801603786e-05,0.000337279857679238,0.000245312489805648,"11213/948/64581/3965/409/353514/7099/1432/3106/7097/6850/51311",12,"b1n"
"GO:1903556","GO:1903556","negative regulation of tumor necrosis factor superfamily cytokine production","12/960","57/18866",2.38264801603786e-05,0.000337279857679238,0.000245312489805648,"706/11213/64115/2950/3965/409/7099/5777/945/140885/23405/7128",12,"b1n"
"GO:00314971","GO:0031497","chromatin assembly","25/931","195/18866",1.19182828656177e-05,0.000288640241380009,0.000250274387720424,"4869/3008/10541/3007/9555/8364/6418/3021/4678/3020/3159/8971/546/50809/3005/4673/51773/3006/7175/54737/7259/5928/1060/4676/23270",25,"b1"
"GO:0017157","GO:0017157","regulation of exocytosis","27/960","222/18866",2.4735725624258e-05,0.000349229389405643,0.000254003697753807,"301/6386/3689/2771/3965/2268/2207/3684/6813/27243/4067/84106/5724/10890/2242/5873/8673/6850/3162/3916/7879/120892/51762/10015/537/9545/375",27,"b1n"
"GO:20012511","GO:2001251","negative regulation of chromosome organization","21/931","148/18866",1.24186275018959e-05,0.000299238746522956,0.000259464147168798,"3178/3008/3007/9555/6418/3021/142/3020/3159/8971/6879/546/3183/3005/3006/7175/1843/7520/3192/22823/3550",21,"b1"
"GO:0030100","GO:0030100","regulation of endocytosis","26/960","210/18866",2.54698599808618e-05,0.000358650390544156,0.000260855839063558,"929/967/6386/1191/3958/948/302/5538/5879/11031/4035/998/409/3071/6093/1175/8301/3190/4043/6850/8650/5878/120892/81/51160/375",26,"b1n"
"GO:00506861","GO:0050686","negative regulation of mRNA processing","9/931","31/18866",1.2588089842623e-05,0.000301797872558565,0.000261683116009037,"27316/3181/3190/708/10284/8683/10772/6432/10921",9,"b1"
"GO:0071496","GO:0071496","cellular response to external stimulus","35/960","326/18866",2.60027365711978e-05,0.000365195501844179,0.000265616270238166,"2353/3725/199/10135/2950/5788/2752/5879/3920/968/432/7099/834/3428/4067/7378/1312/7071/2242/5292/5610/51100/1535/3162/4929/7132/81631/4214/120892/10746/9750/4615/136319/51311/23710",35,"b1n"
"GO:0018205","GO:0018205","peptidyl-lysine modification","41/933","405/18866",1.1466829833299e-05,0.000308253137444227,0.000268015132255009,"6659/3008/9555/3007/6613/4602/23741/6418/3006/2624/55183/546/23168/3553/6879/7552/3066/23522/10933/64769/9678/23326/10856/53335/51773/7175/26054/23512/55904/51504/22938/10210/8520/11315/6612/51742/51230/51147/23476/10362/5977",41,"b0"
"GO:0031647","GO:0031647","regulation of protein stability","33/933","296/18866",1.14807936653236e-05,0.000308253137444227,0.000268015132255009,"6659/6125/6201/6135/3320/819/3326/29997/8805/10576/9349/10728/2597/3329/10574/11331/57142/10575/10694/2776/6950/7203/811/5728/1603/908/11315/25793/51701/5245/11235/3920/7756",33,"b0"
"GO:00518811","GO:0051881","regulation of mitochondrial membrane potential","14/931","74/18866",1.31929606371138e-05,0.000313448695896552,0.000271785320273461,"10399/7314/6647/142/30968/93974/2537/23111/1192/55186/10550/665/84941/27068",14,"b1"
"GO:00022441","GO:0002244","hematopoietic progenitor cell differentiation","23/931","172/18866",1.32054470499281e-05,0.000313448695896552,0.000271785320273461,"1021/6659/1938/4602/4300/5610/10443/4005/7520/96459/5720/2624/5978/51441/5591/5689/3313/861/4297/5700/5134/5693/5682",23,"b1"
"GO:0035567","GO:0035567","non-canonical Wnt signaling pathway","21/960","151/18866",2.6718847599911e-05,0.000374273152411286,0.000272218683668737,"5879/5688/387/998/409/1499/5691/5216/5685/57674/1175/5720/5682/2782/5689/5713/192670/5694/5710/5721/5692",21,"b1n"
"GO:00357221","GO:0035722","interleukin-12-mediated signaling pathway","11/931","47/18866",1.35186186086249e-05,0.00031929370981064,0.000276853419134423,"6175/6647/9987/3181/6888/5478/6950/27250/4282/3313/3185",11,"b1"
"GO:0009308","GO:0009308","amine metabolic process","20/960","140/18866",2.78110998244977e-05,0.000388558725412578,0.000282608955727557,"6817/3689/5688/6303/9056/3684/5691/1312/5685/5720/5682/4929/112483/5689/5713/5694/4946/5710/5721/5692",20,"b1n"
"GO:0033006","GO:0033006","regulation of mast cell activation involved in immune response","9/960","33/18866",2.8085650428479e-05,0.000391375362464389,0.000284657569756314,"3965/2268/2207/6813/4067/2242/8673/6850/3162",9,"b1n"
"GO:0030098","GO:0030098","lymphocyte differentiation","38/960","368/18866",2.85281956512191e-05,0.000396512356654898,0.00028839384041197,"301/1316/6688/3956/5660/64115/5788/10875/1378/10288/3965/9935/2207/3398/387/1499/64332/861/3071/3516/4179/5777/27166/26253/6850/3142/604/10312/359948/677/114548/91543/6774/678/6778/6868/2185/8876",38,"b1n"
"GO:0007162","GO:0007162","negative regulation of cell adhesion","33/960","301/18866",2.87826494726749e-05,0.000399015282741346,0.000290214284224687,"301/1843/91663/3956/64115/397/1051/3958/5788/10875/10288/9314/3965/4035/387/5728/861/53827/1545/8763/10154/5777/506/5621/5573/3142/102/396/604/9750/81/2633/65125",33,"b1n"
"GO:0006415","GO:0006415","translational termination","17/931","105/18866",1.4375648513255e-05,0.000337863148062757,0.000292954620985699,"78988/54948/54460/51504/28977/51023/90480/219927/51258/2935/1984/65008/6059/65003/29074/84545/9553",17,"b1"
"GO:0050686","GO:0050686","negative regulation of mRNA processing","9/933","31/18866",1.28067705919237e-05,0.00034201610874902,0.000297370834177794,"27316/3190/3181/10284/6431/8683/708/10772/10921",9,"b0"
"GO:0031664","GO:0031664","regulation of lipopolysaccharide-mediated signaling pathway","8/960","26/18866",3.00118542779946e-05,0.000413549487835978,0.000300785392928429,"948/1604/9450/114769/23643/11027/7128/10221",8,"b1n"
"GO:0055072","GO:0055072","iron ion homeostasis","15/960","87/18866",3.00623113245166e-05,0.000413549487835978,0.000300785392928429,"2512/6556/26234/51312/3091/9114/8301/2495/6717/3162/4738/9550/537/8031/523",15,"b1n"
"GO:00602182","GO:0060218","hematopoietic stem cell differentiation","15/960","87/18866",3.00623113245166e-05,0.000413549487835978,0.000300785392928429,"4005/5688/5691/861/5685/5610/5720/5682/5689/5713/5694/5710/5721/7520/5692",15,"b1n"
"GO:0051881","GO:0051881","regulation of mitochondrial membrane potential","14/933","74/18866",1.35150084561857e-05,0.000355263612237177,0.000308889066981084,"10399/7314/1192/23111/665/6647/55186/142/93974/23593/706/30968/11315/7415",14,"b0"
"GO:1903051","GO:1903051","negative regulation of proteolysis involved in cellular protein catabolic process","14/933","74/18866",1.35150084561857e-05,0.000355263612237177,0.000308889066981084,"6125/6201/6135/819/3326/29997/9349/6599/51035/6386/11345/11315/1457/9097",14,"b0"
"GO:0071897","GO:0071897","DNA biosynthetic process","25/933","196/18866",1.35162367491117e-05,0.000355263612237177,0.000308889066981084,"3178/7314/3320/3326/6233/10576/3192/10728/1843/3181/10574/1736/3183/10575/3184/10694/7520/6950/7203/5478/908/9246/7415/54386/5245",25,"b0"
"GO:0060071","GO:0060071","Wnt signaling pathway, planar cell polarity pathway","17/960","108/18866",3.10357055940947e-05,0.000425847980849919,0.000309730409576818,"5879/5688/387/998/409/5691/5216/5685/1175/5720/5682/5689/5713/5694/5710/5721/5692",17,"b1n"
"GO:00424932","GO:0042493","response to drug","40/960","397/18866",3.11526405979579e-05,0.000426362032673582,0.000310104292955504,"2353/301/706/2354/4257/3148/6281/3956/4535/2180/1848/1536/7077/1471/3939/387/4502/847/1499/5728/4067/1312/4519/3071/284996/123/1535/5621/3030/102/10555/6142/6772/6774/6727/1938/7520/6868/2185/6185",40,"b1n"
"GO:0045428","GO:0045428","regulation of nitric oxide biosynthetic process","13/960","68/18866",3.2724119498955e-05,0.000445596195715466,0.000324093804388529,"706/199/3689/1191/948/64581/5879/9314/7099/10365/3320/140885/2185",13,"b1n"
"GO:0050766","GO:0050766","positive regulation of phagocytosis","13/960","68/18866",3.2724119498955e-05,0.000445596195715466,0.000324093804388529,"29108/5788/6556/948/64581/11031/2207/4035/3071/5873/140885/1535/10960",13,"b1n"
"GO:20012432","GO:2001243","negative regulation of intrinsic apoptotic signaling pathway","16/960","98/18866",3.32350922177225e-05,0.000451408277843244,0.000328321084213451,"4170/960/2023/1191/8531/5329/3091/2907/754/7178/3301/120892/7009/1654/6648/8876",16,"b1n"
"GO:0010257","GO:0010257","NADH dehydrogenase complex assembly","13/933","65/18866",1.45921895425895e-05,0.00037954893008173,0.000330004286530602,"4537/4538/4536/4724/4535/4540/4698/4725/4707/4711/4722/4723/4717",13,"b0"
"GO:0032981","GO:0032981","mitochondrial respiratory chain complex I assembly","13/933","65/18866",1.45921895425895e-05,0.00037954893008173,0.000330004286530602,"4537/4538/4536/4724/4535/4540/4698/4725/4707/4711/4722/4723/4717",13,"b0"
"GO:0002687","GO:0002687","positive regulation of leukocyte migration","20/960","142/18866",3.42636300262407e-05,0.000464202967400962,0.000337626997626991,"199/29108/3958/5879/3965/387/728/5724/8291/3071/1432/81704/1230/102/9750/3576/65125/6868/2185/3570",20,"b1n"
"GO:0009152","GO:0009152","purine ribonucleotide biosynthetic process","23/933","173/18866",1.50389915310769e-05,0.000389143646146104,0.000338346550671897,"4833/517/3615/2023/506/2982/9200/509/4508/25874/539/498/4513/10632/142/522/518/30968/513/204/7415/8833/515",23,"b0"
"GO:0002286","GO:0002286","T cell activation involved in immune response","17/960","109/18866",3.50560836919967e-05,0.000473742793469931,0.000344565563426308,"301/3936/3958/6556/10875/3965/2207/64332/4179/5873/26253/3142/54518/604/114548/6774/6778",17,"b1n"
"GO:0044106","GO:0044106","cellular amine metabolic process","19/960","131/18866",3.53505032533831e-05,0.000475522933253866,0.000345860305797239,"3689/5688/6303/9056/3684/5691/1312/5685/5720/5682/4929/112483/5689/5713/5694/4946/5710/5721/5692",19,"b1n"
"GO:0043523","GO:0043523","regulation of neuron apoptotic process","26/960","214/18866",3.53650792857954e-05,0.000475522933253866,0.000345860305797239,"3725/4170/2896/4671/7305/1051/5538/4035/387/728/998/409/1499/3684/4835/3091/6093/1522/3162/11151/4929/5621/2539/6648/58533/2185",26,"b1n"
"GO:0055094","GO:0055094","response to lipoprotein particle","9/960","34/18866",3.64825474117191e-05,0.000489322167159683,0.000355896850671691,"3689/948/2207/968/7099/1066/6850/3949/4615",9,"b1n"
"GO:00452921","GO:0045292","mRNA cis splicing, via spliceosome","12/931","57/18866",1.75766537554637e-05,0.000411069681702536,0.000356430594731539,"6430/11168/6428/8683/6427/10772/6631/6432/55660/22916/6426/55696",12,"b1"
"GO:0062207","GO:0062207","regulation of pattern recognition receptor signaling pathway","16/960","99/18866",3.77986368333722e-05,0.000505709941673421,0.000367816109046622,"929/11213/948/57142/409/9958/7099/4067/23643/7097/11027/1535/7128/1654/9698/91543",16,"b1n"
"GO:00091502","GO:0009150","purine ribonucleotide metabolic process","40/960","401/18866",3.90745514210679e-05,0.000521480020830918,0.000379286101382295,"2597/2023/6817/517/2180/8021/5538/5315/5223/3939/1329/387/7167/4513/5230/10476/4508/3091/514/10632/1622/521/9551/84188/509/506/513/539/120892/131870/7114/518/515/6774/2182/2773/83440/3614/522/498",40,"b1n"
"GO:0007041","GO:0007041","lysosomal transport","17/960","110/18866",3.95312431779902e-05,0.000524963167450291,0.000381819485306956,"2896/5660/1191/3920/4035/1130/151636/3916/7879/120892/51510/63971/81609/84376/203228/8031/375",17,"b1n"
"GO:0090175","GO:0090175","regulation of establishment of planar polarity","17/960","110/18866",3.95312431779902e-05,0.000524963167450291,0.000381819485306956,"5879/5688/387/998/409/5691/5216/5685/1175/5720/5682/5689/5713/5694/5710/5721/5692",17,"b1n"
"GO:1904951","GO:1904951","positive regulation of establishment of protein localization","38/933","370/18866",1.72271664213464e-05,0.000443466335609299,0.00038557819581147,"6659/10541/7029/10399/947/3326/5108/54741/10576/7531/51768/2752/10971/2597/10574/3553/1736/25874/51024/10575/10694/6950/7203/7175/6717/5478/51160/79752/4282/10204/3799/908/5901/59286/27230/27429/11235/51201",38,"b0"
"GO:0006809","GO:0006809","nitric oxide biosynthetic process","14/960","79/18866",4.00552280368562e-05,0.000530608144241317,0.000385925225036065,"706/199/3689/1191/948/64581/5879/9314/7099/1545/10365/3320/140885/2185",14,"b1n"
"GO:0032653","GO:0032653","regulation of interleukin-10 production","12/960","60/18866",4.09551448874917e-05,0.000541192986013283,0.00039362385817457,"29108/7305/64115/64581/3965/2207/353514/7099/4179/7097/6850/6774",12,"b1n"
"GO:00315031","GO:0031503","protein-containing complex localization","32/931","291/18866",1.96247690390424e-05,0.000456730600415957,0.000396022296911099,"4869/6209/6430/3181/5901/6428/80145/5108/8655/4116/9295/6741/7175/8683/10250/6421/6427/3192/8106/1984/56943/9939/6059/6432/91746/22916/2288/6426/7514/10921/84248/163",32,"b1"
"GO:00092592","GO:0009259","ribonucleotide metabolic process","41/960","416/18866",4.1370864087542e-05,0.00054534320842669,0.000396642423826505,"2597/2023/6817/517/2180/8021/5538/5315/5223/3939/1329/387/7167/4513/5230/10476/4508/3091/7378/514/10632/1622/521/9551/84188/509/506/513/539/120892/131870/7114/518/515/6774/2182/2773/83440/3614/522/498",41,"b1n"
"GO:19908231","GO:1990823","response to leukemia inhibitory factor","16/931","97/18866",2.0072664985913e-05,0.000462640988636671,0.000401147080572785,"4691/1974/4144/6428/7494/292/7520/3192/10765/22823/6432/9774/221830/8731/27101/10678",16,"b1"
"GO:19908301","GO:1990830","cellular response to leukemia inhibitory factor","16/931","97/18866",2.0072664985913e-05,0.000462640988636671,0.000401147080572785,"4691/1974/4144/6428/7494/292/7520/3192/10765/22823/6432/9774/221830/8731/27101/10678",16,"b1"
"GO:00713491","GO:0071349","cellular response to interleukin-12","11/931","49/18866",2.06591359194434e-05,0.000473868930152234,0.00041088261216302,"6175/6647/9987/3181/6888/5478/6950/27250/4282/3313/3185",11,"b1"
"GO:19023731","GO:1902373","negative regulation of mRNA catabolic process","12/931","58/18866",2.11769599267725e-05,0.000483422372299673,0.000419166217638962,"1153/8531/26986/4904/10949/3183/9967/3184/8148/3192/2521/10492",12,"b1"
"GO:0033673","GO:0033673","negative regulation of kinase activity","30/960","268/18866",4.44243823965821e-05,0.000584158851857017,0.000424874059711378,"1843/9555/11213/29108/9535/2950/5788/3192/1848/8660/5062/5728/4067/9021/2776/5997/10935/5777/90007/10399/3301/5573/103/7128/11261/10221/58533/7532/65125/4616",30,"b1n"
"GO:00972372","GO:0097237","cellular response to toxic substance","18/960","122/18866",4.46941391213428e-05,0.000586269086518347,0.00042640888874744,"6280/4257/2950/948/4259/5052/7295/847/5292/10935/25824/9446/84817/6648/373156/2098/3240/6415",18,"b1n"
"GO:0010389","GO:0010389","regulation of G2/M transition of mitotic cell cycle","25/933","200/18866",1.91877913700624e-05,0.000491404256933803,0.000427258512288839,"7846/3320/5108/2273/6500/29997/7531/5087/25949/80321/79621/203068/1112/8655/1781/11064/5683/5695/51347/5682/10142/5689/8766/5693/23476",25,"b0"
"GO:0006879","GO:0006879","cellular iron ion homeostasis","13/960","70/18866",4.50658364622032e-05,0.000589702957609074,0.000428906433287259,"2512/6556/26234/3091/9114/2495/6717/3162/4738/9550/537/8031/523",13,"b1n"
"GO:00217621","GO:0021762","substantia nigra development","10/960","43/18866",4.5866998672416e-05,0.000598726150553557,0.000435469238260075,"60/387/998/1340/805/7531/2539/515/59345/522",10,"b1n"
"GO:0046718","GO:0046718","viral entry into host cell","19/960","134/18866",4.86153117274423e-05,0.000632410359172668,0.000459968646971714,"2219/10410/3956/1508/1378/3965/10581/1604/6614/4179/5034/8673/156/6993/5478/3916/3949/10346/81603",19,"b1n"
"GO:0038095","GO:0038095","Fc-epsilon receptor signaling pathway","22/960","169/18866",4.8801097613697e-05,0.000632410359172668,0.000459968646971714,"2353/3725/5879/5688/2207/5062/4067/5691/5685/2885/6850/5720/5682/4214/7462/5689/5713/5694/5710/5721/3937/5692",22,"b1n"
"GO:0051100","GO:0051100","negative regulation of binding","22/960","169/18866",4.8801097613697e-05,0.000632410359172668,0.000459968646971714,"3725/4792/60/3398/409/3428/6093/114769/1522/3434/10399/4043/6717/3162/3397/120892/7009/9750/7114/203228/6612/6672",22,"b1n"
"GO:00723311","GO:0072331","signal transduction by p53 class mediator","30/931","267/18866",2.34467040092593e-05,0.000532686784896076,0.000461882439881649,"6125/6154/6659/3094/6135/6201/7314/29997/9349/7029/6879/3190/546/3276/51230/8148/11198/64769/4282/8805/10210/1460/5928/64844/29883/960/4848/5325/51065/1655",30,"b1"
"GO:19023691","GO:1902369","negative regulation of RNA catabolic process","13/931","68/18866",2.37576391408418e-05,0.000537192873653821,0.000465789582556789,"1153/8531/26986/4904/10949/3183/9967/3184/8148/1736/3192/2521/10492",13,"b1"
"GO:0031935","GO:0031935","regulation of chromatin silencing","7/933","19/18866",2.11080505745007e-05,0.000537824513107432,0.00046761927293134,"3008/3007/3159/3006/3005/8971/57708",7,"b0"
"GO:0060218","GO:0060218","hematopoietic stem cell differentiation","15/933","87/18866",2.15844070321398e-05,0.000544406710699525,0.000473342259476749,"1021/4602/2624/10443/861/4005/7520/4300/5683/5695/5682/3313/5689/5693/51441",15,"b0"
"GO:1903363","GO:1903363","negative regulation of cellular protein catabolic process","15/933","87/18866",2.15844070321398e-05,0.000544406710699525,0.000473342259476749,"55353/6125/6201/6135/819/3326/29997/9349/6599/51035/6386/11345/11315/1457/9097",15,"b0"
"GO:00098952","GO:0009895","negative regulation of catabolic process","34/960","323/18866",5.03913732897053e-05,0.000651445102889805,0.000473813115497622,"706/4170/26986/10135/11213/6386/7538/3192/6556/302/7077/1471/8531/9349/8291/6093/4904/1432/3183/6135/3162/10956/120892/5476/4615/2316/6201/3184/81892/3240/6774/5768/7076/1982",34,"b1n"
"GO:00706711","GO:0070671","response to interleukin-12","11/931","50/18866",2.53158561426685e-05,0.000569726177625809,0.000493998583121585,"6175/6647/9987/3181/6888/5478/6950/27250/4282/3313/3185",11,"b1"
"GO:0050729","GO:0050729","positive regulation of inflammatory response","21/960","158/18866",5.28651314287808e-05,0.000681782283931272,0.000495878143235047,"283131/6280/6279/6283/4792/2896/1051/64581/23765/2207/353514/7099/64332/8673/7097/7132/1652/120892/3949/4615/6774",21,"b1n"
"GO:0035455","GO:0035455","response to interferon-alpha","7/960","21/18866",5.3572599451231e-05,0.000689249391021233,0.000501309166138365,"10410/4600/10581/684/5610/3437/103",7,"b1n"
"GO:0090383","GO:0090383","phagosome acidification","8/960","28/18866",5.45244862521521e-05,0.000699817867805732,0.000508995896592112,"533/8992/9114/9296/7879/9550/10312/523",8,"b1n"
"GO:0043281","GO:0043281","regulation of cysteine-type endopeptidase activity involved in apoptotic process","26/933","215/18866",2.36707646524348e-05,0.000594029139066631,0.000516487194875925,"10541/10399/3146/27018/6188/10049/7531/5978/5023/3329/3476/10016/51024/1654/1612/96459/51065/5062/11315/27429/2149/7415/1457/5134/3965/387",26,"b0"
"GO:0002223","GO:0002223","stimulatory C-type lectin receptor signaling pathway","17/960","113/18866",5.61390359333751e-05,0.00071882083002997,0.000522817249604375,"5688/2207/5062/4067/5691/5685/26253/6850/5720/5682/3385/5689/5713/5694/5710/5721/5692",17,"b1n"
"GO:0042098","GO:0042098","T cell proliferation","24/960","195/18866",5.66356732082475e-05,0.000722229293520384,0.00052529631452986,"301/199/29108/10673/64115/1051/3958/5788/6556/10288/3965/1604/1499/4478/3071/4179/5777/81704/7133/6850/11151/3105/5621/5573",24,"b1n"
"GO:0033003","GO:0033003","regulation of mast cell activation","10/960","44/18866",5.66744701905092e-05,0.000722229293520384,0.00052529631452986,"3965/5359/2268/2207/6813/4067/2242/8673/6850/3162",10,"b1n"
"GO:0043433","GO:0043433","negative regulation of DNA-binding transcription factor activity","23/960","183/18866",5.78941013527255e-05,0.000734283342216011,0.000534063540411978,"4792/11213/29108/9314/3398/409/847/1545/5292/6717/3162/5621/3397/307/7128/2316/11261/7114/114548/10221/170622/8887/6672",23,"b1n"
"GO:20012352","GO:2001235","positive regulation of apoptotic signaling pathway","23/960","183/18866",5.78941013527255e-05,0.000734283342216011,0.000534063540411978,"6280/6279/4170/29108/5788/7529/3965/8743/5329/5062/5728/1512/10399/6135/9774/6154/6421/7531/1495/7534/6201/7532/2923",23,"b1n"
"GO:0045582","GO:0045582","positive regulation of T cell differentiation","15/960","92/18866",5.90217972130666e-05,0.000745063393054359,0.000541904154226224,"301/64115/5788/10288/3965/387/64332/861/3071/4179/6850/3142/604/114548/8876",15,"b1n"
"GO:19033211","GO:1903321","negative regulation of protein modification by small protein conjugation or removal","15/960","92/18866",5.90217972130666e-05,0.000745063393054359,0.000541904154226224,"706/409/1499/9349/8291/9636/6135/3301/151636/7128/150678/11261/6201/51160/9320",15,"b1n"
"GO:0009595","GO:0009595","detection of biotic stimulus","9/960","36/18866",5.97412997689299e-05,0.000752375758827016,0.000547222629709471,"706/4671/64581/7099/3106/23643/7097/3105/114548",9,"b1n"
"GO:0050663","GO:0050663","cytokine secretion","13/960","72/18866",6.12744290648824e-05,0.000769876608742609,0.000559951457028273,"2597/6283/929/5552/2268/4067/8291/26253/7097/6850/114548/51311/3937",13,"b1n"
"GO:0098869","GO:0098869","cellular oxidant detoxification","16/960","103/18866",6.20661285915083e-05,0.000778001822180939,0.000565861137945699,"6280/4257/2950/948/4259/5052/7295/847/10935/25824/9446/84817/6648/373156/3240/6415",16,"b1n"
"GO:00022442","GO:0002244","hematopoietic progenitor cell differentiation","22/960","172/18866",6.38399704950204e-05,0.000798371658987843,0.000580676654705044,"6688/1052/5788/4005/5688/5691/861/5685/5610/5777/5720/5682/103/54502/5689/5713/5694/5710/5721/1938/7520/5692",22,"b1n"
"GO:0010959","GO:0010959","regulation of metal ion transport","39/960","396/18866",6.42310212355806e-05,0.00080139402076486,0.000582874897724106,"706/967/79026/2771/3958/10288/2745/387/409/353514/1499/5728/4067/53827/8291/805/5777/945/11027/1535/6717/9446/11151/2280/5187/5621/1230/1318/7531/2539/7009/2316/11261/246329/81/3799/65125/2185/375",39,"b1n"
"GO:00319361","GO:0031936","negative regulation of chromatin silencing","6/931","14/18866",3.03223234028193e-05,0.000676017780162854,0.000586161982159763,"3008/3007/3159/8971/3005/3006",6,"b1"
"GO:1901070","GO:1901070","guanosine-containing compound biosynthetic process","6/931","14/18866",3.03223234028193e-05,0.000676017780162854,0.000586161982159763,"3615/4833/4830/3251/8833/29922",6,"b1"
"GO:00329861","GO:0032986","protein-DNA complex disassembly","7/931","20/18866",3.06636613606279e-05,0.000680448038844445,0.00059000337403803,"9349/6418/3159/11198/6599/92815/6605",7,"b1"
"GO:0046635","GO:0046635","positive regulation of alpha-beta T cell activation","12/960","63/18866",6.78599364734368e-05,0.00084470663382828,0.000614377297611504,"301/5788/3965/1604/387/64332/861/3071/6850/3105/3142/114548",12,"b1n"
"GO:00432801","GO:0043280","positive regulation of cysteine-type endopeptidase activity involved in apoptotic process","19/931","134/18866",3.21039312559025e-05,0.000709110444545883,0.000614855993351349,"6188/10399/10541/3329/3146/27018/3336/10016/1654/1612/51024/5978/54205/10550/9141/5134/51079/51065/2934",19,"b1"
"GO:0070391","GO:0070391","response to lipoteichoic acid","5/960","10/18866",6.86558281172136e-05,0.000850666322976561,0.000618711935895249,"929/948/7099/1432/7097",5,"b1n"
"GO:0071223","GO:0071223","cellular response to lipoteichoic acid","5/960","10/18866",6.86558281172136e-05,0.000850666322976561,0.000618711935895249,"929/948/7099/1432/7097",5,"b1n"
"GO:0045429","GO:0045429","positive regulation of nitric oxide biosynthetic process","10/960","45/18866",6.95752546262613e-05,0.000859655337229909,0.000625249881809245,"199/3689/1191/948/64581/9314/7099/10365/3320/2185",10,"b1n"
"GO:0048660","GO:0048660","regulation of smooth muscle cell proliferation","22/960","173/18866",6.97017840997223e-05,0.000859655337229909,0.000625249881809245,"3725/199/10135/2950/2771/9314/3398/1499/5728/4835/5724/1312/1535/3162/7128/6772/6648/2069/10221/2773/7520/3570",22,"b1n"
"GO:00311451","GO:0031145","anaphase-promoting complex-dependent catabolic process","14/960","83/18866",7.04780113855166e-05,0.000867235163035084,0.000630762887991575,"5688/7321/7311/5691/5685/7316/5720/5682/5689/5713/5694/5710/5721/5692",14,"b1n"
"GO:00458621","GO:0045862","positive regulation of proteolysis","37/960","370/18866",7.1456155525634e-05,0.000877259209141937,0.000638053639729075,"6280/6279/1509/2896/2023/29108/64115/1191/1378/64581/3965/8743/387/834/3428/5728/4067/1512/1432/8301/27166/10399/1452/7133/6850/5720/4627/6613/120892/1654/8837/114548/10541/10221/5721/6774/2185",37,"b1n"
"GO:0042177","GO:0042177","negative regulation of protein catabolic process","19/933","133/18866",2.97209023165339e-05,0.000742130930843851,0.000645256431872117,"55353/6125/6201/6135/819/3326/29997/9349/6599/8724/51035/6386/11345/6625/11315/5245/1457/5270/9097",19,"b0"
"GO:0031936","GO:0031936","negative regulation of chromatin silencing","6/933","14/18866",3.06931765965675e-05,0.000762595641409244,0.000663049769368111,"3008/3007/3159/3006/3005/8971",6,"b0"
"GO:1903008","GO:1903008","organelle disassembly","17/933","111/18866",3.11147964168154e-05,0.000769244026265227,0.000668830303383863,"340061/51506/8562/665/11331/51024/93974/706/26100/79752/1939/11345/3799/11315/27429/25793/7415",17,"b0"
"GO:00104991","GO:0010499","proteasomal ubiquitin-independent protein catabolic process","7/960","22/18866",7.51343207992869e-05,0.000920309660018663,0.00066936536217966,"5688/5691/5685/5682/5689/5694/5692",7,"b1n"
"GO:00190581","GO:0019058","viral life cycle","35/931","341/18866",3.54951682541839e-05,0.000780402984980237,0.000676672380494508,"3326/6233/3921/7314/684/64710/26986/5610/5901/5478/5094/8815/3837/8673/7175/7311/1654/54737/5245/3312/7155/3609/10542/29883/6993/3303/7913/5886/27336/51495/3434/7514/2934/10572/1655",35,"b1"
"GO:0050730","GO:0050730","regulation of peptidyl-tyrosine phosphorylation","29/960","263/18866",7.75998715269854e-05,0.000948344671394708,0.000689755961516689,"960/683/3689/5788/948/8826/409/353514/5062/5175/64092/2209/4067/9021/653361/83666/5777/54625/10399/6850/5621/7132/2069/58533/6774/3059/6868/2185/3570",29,"b1n"
"GO:0043044","GO:0043044","ATP-dependent chromatin remodeling","15/933","90/18866",3.27018669197121e-05,0.000804498144813016,0.000699482504764389,"4869/8364/5757/57492/1108/4678/6599/5928/5931/3183/3066/6601/51773/6595/6605",15,"b0"
"GO:0043280","GO:0043280","positive regulation of cysteine-type endopeptidase activity involved in apoptotic process","19/933","134/18866",3.30555851128704e-05,0.000808414985198705,0.000702888058079097,"10541/10399/3146/27018/6188/5978/5023/3329/10016/51024/1654/1612/51065/27429/2149/7415/5134/3965/387",19,"b0"
"GO:0046390","GO:0046390","ribose phosphate biosynthetic process","24/933","194/18866",3.31848361965828e-05,0.000808414985198705,0.000702888058079097,"7086/4833/517/3615/2023/506/2982/9200/509/4508/25874/539/498/4513/10632/142/522/518/30968/513/204/7415/8833/515",24,"b0"
"GO:1900182","GO:1900182","positive regulation of protein localization to nucleus","14/933","80/18866",3.39267018176175e-05,0.000818502168488802,0.000711658504946211,"3326/10576/10574/1736/10575/10694/6950/7203/7175/142/10204/908/11315/5901",14,"b0"
"GO:1901224","GO:1901224","positive regulation of NIK/NF-kappaB signaling","14/933","80/18866",3.39267018176175e-05,0.000818502168488802,0.000711658504946211,"3146/6188/3606/3553/11331/1654/811/27250/81/3987/54386/5245/3965/387",14,"b0"
"GO:19049511","GO:1904951","positive regulation of establishment of protein localization","37/931","370/18866",3.77191332485835e-05,0.00082549534279354,0.000715771094480603,"10399/6659/3326/10541/7029/54741/947/7203/10576/51768/10971/7531/10575/54543/10694/5901/5478/25874/2597/10574/5108/6950/7175/7494/6717/908/4282/1736/51024/22948/79752/3553/27230/9141/163882/6844/55696",37,"b1"
"GO:0002285","GO:0002285","lymphocyte activation involved in immune response","23/960","187/18866",8.10619954475571e-05,0.000988403649036691,0.000718891906995441,"301/3956/3936/3958/5788/6556/10875/3965/2207/7099/64332/4179/5873/26253/11151/3142/3916/54518/604/114548/6774/6778/2185",23,"b1n"
"GO:0006163","GO:0006163","purine nucleotide metabolic process","42/931","442/18866",3.87097381808775e-05,0.00084330667059802,0.00073121495338067,"3094/517/3615/2982/4508/142/2023/30968/3939/9200/26137/5901/522/509/25874/2597/539/506/353/4833/513/518/4513/7175/7167/84836/498/4830/195827/51144/84320/10632/10591/3251/10606/521/8833/159/9524/515/29922/9061",42,"b1"
"GO:0048659","GO:0048659","smooth muscle cell proliferation","22/960","175/18866",8.28836901586437e-05,0.00100801599098523,0.000733156477869668,"3725/199/10135/2950/2771/9314/3398/1499/5728/4835/5724/1312/1535/3162/7128/6772/6648/2069/10221/2773/7520/3570",22,"b1n"
"GO:00331571","GO:0033157","regulation of intracellular protein transport","29/960","264/18866",8.30462382135079e-05,0.00100801599098523,0.000733156477869668,"3689/3936/7529/948/998/7295/665/3684/7323/1432/3429/51100/59286/5621/10956/120892/7531/2316/11261/7534/10541/54741/4946/3059/7532/3799/4924/7332/6672",29,"b1n"
"GO:1904407","GO:1904407","positive regulation of nitric oxide metabolic process","10/960","46/18866",8.4887267713459e-05,0.0010280365491709,0.00074771795512366,"199/3689/1191/948/64581/9314/7099/10365/3320/2185",10,"b1n"
"GO:0006098","GO:0006098","pentose-phosphate shunt","6/960","16/18866",8.80911808543029e-05,0.00106443510198949,0.00077419157758867,"7086/6888/5226/5223/25796/2539",6,"b1n"
"GO:0044839","GO:0044839","cell cycle G2/M phase transition","30/933","273/18866",3.72293798835845e-05,0.000893863092012602,0.000777182145849121,"7846/9555/4869/3320/5108/2273/6500/29997/7531/10657/2029/5087/25949/80321/79621/203068/4659/1112/8655/1781/11064/5683/5695/51347/5682/10142/5689/8766/5693/23476",30,"b0"
"GO:0016241","GO:0016241","regulation of macroautophagy","22/960","176/18866",9.02717600370725e-05,0.00108833256763796,0.000791572831359971,"2597/9517/389541/533/665/826/3091/8992/9114/51100/3162/10542/28956/55004/120892/9550/340061/58533/2773/203228/5768/523",22,"b1n"
"GO:00319602","GO:0031960","response to corticosteroid","21/960","164/18866",9.13891454250092e-05,0.00109933355427169,0.000799574137574957,"2353/301/1843/199/2354/7538/2950/3192/3490/1536/387/4537/5724/11214/1535/6155/8837/677/2720/678/7332",21,"b1n"
"GO:0043154","GO:0043154","negative regulation of cysteine-type endopeptidase activity involved in apoptotic process","14/960","85/18866",9.21261377119898e-05,0.00110571975128596,0.000804218986220055,"2537/960/4671/9314/409/5329/5062/10935/25824/114769/10542/7531/1654/8837",14,"b1n"
"GO:0033108","GO:0033108","mitochondrial respiratory chain complex assembly","16/933","102/18866",3.91109217810619e-05,0.000934545183610638,0.00081255377661486,"4537/7381/4538/4536/4724/54902/4535/116228/4540/4698/4725/4707/4711/4722/4723/4717",16,"b0"
"GO:0010591","GO:0010591","regulation of lamellipodium assembly","9/960","38/18866",9.43852282872962e-05,0.001130305245003,0.000822100660857629,"10097/5879/998/7454/10109/10096/832/10163/11344",9,"b1n"
"GO:0032418","GO:0032418","lysosome localization","13/960","75/18866",9.50064308188726e-05,0.00113521047069767,0.000825668360205277,"2647/3965/2268/2207/6813/4067/2242/8673/6850/3162/4627/7462/55004",13,"b1n"
"GO:19033131","GO:1903313","positive regulation of mRNA metabolic process","14/931","82/18866",4.40814444479899e-05,0.000955966233915273,0.000828899888423926,"1153/678/27316/4691/26986/9588/9967/3184/10236/3312/51441/29883/22916/23112",14,"b1"
"GO:0002690","GO:0002690","positive regulation of leukocyte chemotaxis","15/960","96/18866",9.74964746135364e-05,0.00116224944629952,0.000845334516590441,"199/5879/3965/728/8291/3071/1432/1230/102/9750/3576/65125/6868/2185/3570",15,"b1n"
"GO:20007362","GO:2000736","regulation of stem cell differentiation","17/960","118/18866",9.770260955845e-05,0.00116224944629952,0.000845334516590441,"3192/4005/5688/5691/861/5685/5610/5720/5682/5689/5713/5694/5710/5721/6774/678/5692",17,"b1n"
"GO:0000302","GO:0000302","response to reactive oxygen species","27/933","235/18866",4.14897763025645e-05,0.000986666394547654,0.000857871314526711,"10399/328/8644/4602/7295/6188/1938/2353/3939/1843/847/9973/3329/5052/6647/2950/7001/3840/3184/3066/6434/4540/3725/301/7168/11315/11235",27,"b0"
"GO:1903307","GO:1903307","positive regulation of regulated secretory pathway","11/960","56/18866",0.000101227857970554,0.00120152092480536,0.000873897693285619,"3689/2268/2207/3684/5724/5873/8673/6850/3916/9545/375",11,"b1n"
"GO:0009306","GO:0009306","protein secretion","43/960","462/18866",0.000102169438527314,0.0012100199507705,0.00088007925786163,"301/2597/6283/929/5552/5660/10673/8660/2752/5879/2268/4035/153339/7099/4067/3091/10890/293/8291/27230/80223/90007/945/26253/7097/6850/6717/240/56943/821/5478/7009/10312/51762/114548/51311/91543/65220/3937/2182/3799/9545/375",43,"b1n"
"GO:0043303","GO:0043303","mast cell degranulation","10/960","47/18866",0.000102962893123372,0.00121673110486099,0.000884960456314259,"3965/2268/2207/6813/4067/2242/8673/6850/3162/7462",10,"b1n"
"GO:00621971","GO:0062197","cellular response to chemical stress","36/931","360/18866",4.78119865024823e-05,0.00103217641449477,0.000894980266514672,"6188/10399/8531/3725/6647/3315/4602/328/5269/8644/7295/5052/142/2950/135112/7001/3301/4841/9588/2353/301/3184/847/199/1654/7520/2547/6421/1612/51389/5978/468/54205/10550/3303/140823",36,"b1"
"GO:19015322","GO:1901532","regulation of hematopoietic progenitor cell differentiation","14/960","86/18866",0.000104966686871258,0.0012349699014568,0.000898226011615313,"4005/5688/5691/861/5685/5610/5720/5682/5689/5713/5694/5710/5721/5692",14,"b1n"
"GO:2000106","GO:2000106","regulation of leukocyte apoptotic process","14/960","86/18866",0.000104966686871258,0.0012349699014568,0.000898226011615313,"301/3958/8660/3965/2207/5728/4067/3091/27166/81704/1831/604/3059/6868",14,"b1n"
"GO:2001244","GO:2001244","positive regulation of intrinsic apoptotic signaling pathway","12/933","62/18866",4.3675334436077e-05,0.0010337185790226,0.000898781514336831,"10399/7314/6154/6201/6135/6188/6421/6647/51024/10955/9774/11315",12,"b0"
"GO:00165841","GO:0016584","nucleosome positioning","6/931","15/18866",4.84278821304696e-05,0.0010407631785787,0.000902425684081297,"3008/3007/8971/3005/51773/3006",6,"b1"
"GO:0000470","GO:0000470","maturation of LSU-rRNA","8/933","28/18866",4.45179681878676e-05,0.00104869213740665,0.000911800490441676,"6129/6130/4736/10412/285855/26156/11224/3692",8,"b0"
"GO:0035592","GO:0035592","establishment of protein localization to extracellular region","43/960","463/18866",0.000107258083167975,0.00125916765031988,0.000915825669247227,"301/2597/6283/929/5552/5660/10673/8660/2752/5879/2268/4035/153339/7099/4067/3091/10890/293/8291/27230/80223/90007/945/26253/7097/6850/6717/240/56943/821/5478/7009/10312/51762/114548/51311/91543/65220/3937/2182/3799/9545/375",43,"b1n"
"GO:1903313","GO:1903313","positive regulation of mRNA metabolic process","14/933","82/18866",4.51212987047638e-05,0.00105791439310606,0.000919818913551522,"1153/678/26986/9588/27316/4691/3184/10236/6434/9967/22938/29883/6625/51441",14,"b0"
"GO:0032435","GO:0032435","negative regulation of proteasomal ubiquitin-dependent protein catabolic process","9/933","36/18866",4.78519964980233e-05,0.00111669565659406,0.000970927130124674,"6135/819/3326/29997/6599/51035/6386/11315/9097",9,"b0"
"GO:0009260","GO:0009260","ribonucleotide biosynthetic process","23/933","186/18866",4.83918143153934e-05,0.00112404056135384,0.000977313263407579,"4833/517/3615/2023/506/2982/9200/509/4508/25874/539/498/4513/10632/142/522/518/30968/513/204/7415/8833/515",23,"b0"
"GO:0016584","GO:0016584","nucleosome positioning","6/933","15/18866",4.90155941740347e-05,0.00113325869122745,0.000985328099258738,"3008/3007/3006/3005/51773/8971",6,"b0"
"GO:0031348","GO:0031348","negative regulation of defense response","29/960","269/18866",0.000115782052463771,0.00135626792896971,0.000986449249559176,"2896/11213/29108/2950/5788/10875/1378/9314/3965/25939/409/3428/9021/3106/54625/9111/313/7133/140885/5094/5682/240/3105/7132/103/7128/3949/114548/5692",29,"b1n"
"GO:20001161","GO:2000116","regulation of cysteine-type endopeptidase activity","27/931","239/18866",5.37111300740068e-05,0.00114278585625698,0.000990887580688132,"6188/10399/10541/3329/3146/10049/551/27018/7531/3336/3476/10016/2537/1654/96459/1612/51024/5978/10542/960/54205/10550/9141/5134/51079/51065/2934",27,"b1"
"GO:0051204","GO:0051204","protein insertion into mitochondrial membrane","10/931","45/18866",5.37683842204375e-05,0.00114278585625698,0.000990887580688132,"7029/3320/10971/7531/26517/26520/9141/56993/51079/140823",10,"b1"
"GO:00323921","GO:0032392","DNA geometric change","17/931","116/18866",5.38936947511675e-05,0.00114278585625698,0.000990887580688132,"6233/7314/3146/142/3181/3159/546/6742/301/7311/1654/7520/2547/80205/4172/1653/10146",17,"b1"
"GO:00003871","GO:0000387","spliceosomal snRNP assembly","11/931","54/18866",5.41564354816569e-05,0.00114327590125215,0.000991312489254363,"1207/6633/57819/6636/6635/6632/6634/10772/24148/6631/6637",11,"b1"
"GO:2000249","GO:2000249","regulation of actin cytoskeleton reorganization","9/960","39/18866",0.000117209857598824,0.00137000193032177,0.000996438349085748,"9535/397/998/3055/10788/2242/396/3059/2185",9,"b1n"
"GO:0042129","GO:0042129","regulation of T cell proliferation","21/960","167/18866",0.000118717186046701,0.00138460370247945,0.00100705860108723,"301/199/29108/10673/64115/1051/3958/5788/10288/3965/1604/1499/3071/4179/5777/7133/6850/11151/3105/5621/5573",21,"b1n"
"GO:0097581","GO:0097581","lamellipodium organization","14/960","87/18866",0.000119331909578852,0.0013887542188515,0.001010077380543,"960/10097/5879/998/55704/7454/10092/6643/10109/10096/832/10163/11344/23191",14,"b1n"
"GO:0002279","GO:0002279","mast cell activation involved in immune response","10/960","48/18866",0.000124191001713426,0.00144217472768946,0.00104893151823119,"3965/2268/2207/6813/4067/2242/8673/6850/3162/7462",10,"b1n"
"GO:00063231","GO:0006323","DNA packaging","27/931","240/18866",5.7744337972372e-05,0.00121364861879377,0.00105233131570332,"4869/3008/10541/3007/9555/8364/6418/3021/4678/3020/3159/8971/546/50809/3005/10051/4673/51773/8815/3006/7175/54737/7259/5928/1060/4676/23270",27,"b1"
"GO:1902036","GO:1902036","regulation of hematopoietic stem cell differentiation","13/933","73/18866",5.31671094225826e-05,0.00122357854588192,0.00106385799839027,"1021/4602/2624/10443/861/4005/5683/5695/5682/3313/5689/5693/51441",13,"b0"
"GO:0031330","GO:0031330","negative regulation of cellular catabolic process","29/933","265/18866",5.3790105677215e-05,0.00123223755849547,0.00107138670168282,"1153/55353/26986/8531/6125/6201/6135/819/3326/10949/29997/3192/9349/6599/1736/3183/51035/6386/3184/4904/9967/706/2521/11345/6625/11315/27429/1457/9097",29,"b0"
"GO:00755221","GO:0075522","IRES-dependent viral translational initiation","5/931","10/18866",5.92674576200011e-05,0.00123923736862028,0.00107451882727392,"8665/8562/5094/8664/6741",5,"b1"
"GO:00331201","GO:0033120","positive regulation of RNA splicing","9/931","37/18866",5.94813157438782e-05,0.00123923736862028,0.00107451882727392,"1153/6430/27316/4691/9588/9967/3312/3303/55696",9,"b1"
"GO:0050851","GO:0050851","antigen receptor-mediated signaling pathway","33/960","325/18866",0.000129322297114075,0.00149528906038149,0.00108756296597522,"4332/3958/5788/5688/2533/5062/9473/4067/84106/5691/7454/64332/861/3071/5685/5777/6850/5720/5682/3105/5621/51324/7462/5689/5713/5694/5710/2633/5721/10657/3937/65125/5692",33,"b1n"
"GO:0070371","GO:0070371","ERK1 and ERK2 cascade","33/960","325/18866",0.000129322297114075,0.00149528906038149,0.00108756296597522,"1843/3725/960/29108/152007/2950/2771/5788/1848/948/9314/3965/4035/728/409/7099/5728/4067/4835/1512/5777/140885/6850/8661/1652/1230/8837/677/7534/2633/537/678/2185",33,"b1n"
"GO:0044546","GO:0044546","NLRP3 inflammasome complex assembly","6/960","17/18866",0.00013029345356731,0.0015032782330938,0.00109337370090326,"948/7099/5610/1654/114548/647087",6,"b1n"
"GO:0034724","GO:0034724","DNA replication-independent nucleosome organization","11/933","54/18866",5.52186009193369e-05,0.00125918581274506,0.00109481724966241,"4869/8364/3021/3020/4678/5928/5931/546/11198/51773/8520",11,"b0"
"GO:2000116","GO:2000116","regulation of cysteine-type endopeptidase activity","27/933","239/18866",5.56991897085585e-05,0.00126437160638428,0.00109932611266892,"10541/10399/3146/27018/6188/10049/7531/5978/5023/3329/3476/10016/51024/1654/1612/96459/51065/5062/8767/11315/27429/2149/7415/1457/5134/3965/387",27,"b0"
"GO:2001056","GO:2001056","positive regulation of cysteine-type endopeptidase activity","20/933","151/18866",5.60645954099885e-05,0.00126690764469449,0.00110153110772185,"10541/10399/3146/27018/6188/5978/5023/3329/10016/51024/1654/1612/51065/8767/27429/2149/7415/5134/3965/387",20,"b0"
"GO:00511311","GO:0051131","chaperone-mediated protein complex assembly","7/931","22/18866",6.18522580195207e-05,0.00128303096961362,0.00111249141426415,"3326/3329/3320/10576/84525/10728/3303",7,"b1"
"GO:19033122","GO:1903312","negative regulation of mRNA metabolic process","14/960","88/18866",0.000135369969947733,0.00155849761538538,0.00113353620645188,"26986/7538/3192/6556/8531/4904/1432/3183/3190/9991/4615/3184/8683/3181",14,"b1n"
"GO:0051402","GO:0051402","neuron apoptotic process","27/960","245/18866",0.000136459297858418,0.00156733757970279,0.00113996574443679,"3725/2597/4170/2896/4671/7305/1051/5538/4035/387/728/998/409/1499/3684/4835/3091/6093/1522/3162/11151/4929/5621/2539/6648/58533/2185",27,"b1n"
"GO:0045619","GO:0045619","regulation of lymphocyte differentiation","22/960","181/18866",0.00013672208523782,0.00156733757970279,0.00113996574443679,"301/64115/5788/10875/1378/10288/3965/3398/387/64332/861/3071/4179/5777/27166/6850/3142/604/677/114548/678/8876",22,"b1n"
"GO:1990778","GO:1990778","protein localization to cell periphery","34/960","340/18866",0.000138265019779674,0.00158164569534745,0.00115037241235159,"6281/91663/60/3958/10791/302/391/11031/2207/4035/2533/55704/196383/84106/10890/6093/8301/8673/10399/8650/5621/7132/102/682/63971/2316/9528/51762/246329/2633/81619/3799/9545/6249",34,"b1n"
"GO:0098581","GO:0098581","detection of external biotic stimulus","7/960","24/18866",0.000139438866826663,0.00159167983090436,0.00115767050241084,"4671/64581/7099/3106/23643/7097/3105",7,"b1n"
"GO:0072655","GO:0072655","establishment of protein localization to mitochondrion","19/933","140/18866",6.10303791305902e-05,0.00137290861882058,0.0011936951821417,"7029/3320/54741/7531/665/10971/3329/51024/9804/3301/9512/93974/706/293/26517/26520/59286/27429/25793",19,"b0"
"GO:0019068","GO:0019068","virion assembly","9/960","40/18866",0.000144474252881066,0.00164565682952637,0.00119692938971977,"7311/27243/7316/57132/5478/51510/5861/10015/51160",9,"b1n"
"GO:0021782","GO:0021782","glial cell development","17/960","122/18866",0.000148379577646899,0.00168299457521271,0.00122408611179939,"7431/6280/6279/2896/2950/1191/3398/4035/728/7099/5728/4067/3459/7097/23405/3949/9334",17,"b1n"
"GO:00454712","GO:0045471","response to ethanol","17/960","122/18866",0.000148379577646899,0.00168299457521271,0.00122408611179939,"6279/929/6688/4538/2950/10097/1536/387/847/5728/4519/5997/2539/10287/6774/1938/2185",17,"b1n"
"GO:0002448","GO:0002448","mast cell mediated immunity","10/960","49/18866",0.000148998925013514,0.00168310240509266,0.00122416453930024,"3965/2268/2207/6813/4067/2242/8673/6850/3162/7462",10,"b1n"
"GO:0001503","GO:0001503","ossification","39/960","412/18866",0.000149016522352099,0.00168310240509266,0.00122416453930024,"1462/5552/1052/1051/3192/3727/2268/3726/3398/387/1192/847/1499/6209/3091/861/7071/29887/1432/3183/9636/3516/433/6169/3021/506/240/9770/3397/1230/359845/103/26156/10312/3020/25836/537/2185/3570",39,"b1n"
"GO:0071692","GO:0071692","protein localization to extracellular region","43/960","470/18866",0.000149815135868108,0.00168856765532017,0.00122813955918416,"301/2597/6283/929/5552/5660/10673/8660/2752/5879/2268/4035/153339/7099/4067/3091/10890/293/8291/27230/80223/90007/945/26253/7097/6850/6717/240/56943/821/5478/7009/10312/51762/114548/51311/91543/65220/3937/2182/3799/9545/375",43,"b1n"
"GO:0000086","GO:0000086","G2/M transition of mitotic cell cycle","28/933","254/18866",6.32107170405024e-05,0.00141557991435098,0.00123079635493072,"7846/3320/5108/2273/6500/29997/7531/10657/2029/5087/25949/80321/79621/203068/4659/1112/8655/1781/11064/5683/5695/51347/5682/10142/5689/8766/5693/23476",28,"b0"
"GO:19037061","GO:1903706","regulation of hemopoiesis","45/931","498/18866",6.97650870236295e-05,0.00144090575839713,0.00124938159946623,"1021/6659/3725/678/6647/8364/4602/3146/3021/4192/5610/3020/10443/7001/3606/3276/2353/9840/4005/301/222166/7494/96459/5720/27086/2624/2547/4830/55904/399/51441/3553/5591/5689/3313/861/4297/64332/5700/3303/5134/5693/23112/5682/3205",45,"b1"
"GO:0050731","GO:0050731","positive regulation of peptidyl-tyrosine phosphorylation","23/960","195/18866",0.000153460327950698,0.00172602653973898,0.00125538438864225,"960/5788/948/8826/409/353514/5062/5175/2209/4067/9021/653361/83666/54625/6850/5621/7132/2069/6774/3059/6868/2185/3570",23,"b1n"
"GO:0046631","GO:0046631","alpha-beta T cell activation","19/960","146/18866",0.000156657224647259,0.0017582970925367,0.00127885560838447,"301/5660/64115/5788/3965/1604/387/64332/861/3071/6850/3105/3142/604/10312/114548/91543/6774/6778",19,"b1n"
"GO:00061631","GO:0006163","purine nucleotide metabolic process","41/960","442/18866",0.000157914283548825,0.00176870591072953,0.00128642621495549,"2597/2023/6817/517/2180/8021/5538/5315/5223/3939/25939/1329/387/7167/4513/5230/10476/4508/3091/514/10632/1622/521/9551/84188/509/506/513/539/120892/131870/7114/518/515/6774/2182/2773/83440/3614/522/498",41,"b1n"
"GO:0009895","GO:0009895","negative regulation of catabolic process","33/933","323/18866",6.70311783051941e-05,0.00149443618060777,0.00129935907194044,"1153/55353/26986/8531/6125/6201/6135/819/3326/10949/29997/3192/9349/6599/8724/3553/1736/3183/51035/6386/3184/4904/9967/706/2521/11345/6625/11315/27429/5245/1457/5270/9097",33,"b0"
"GO:0007596","GO:0007596","blood coagulation","34/960","343/18866",0.000163582538031704,0.00182837565945853,0.00132982558877967,"5265/60/948/302/5879/5359/2207/71/998/308/409/5329/1192/7099/4067/7454/2776/830/5777/5873/81704/3021/6850/829/832/5573/4627/2153/4778/2782/3020/2316/7534/3937",34,"b1n"
"GO:2000736","GO:2000736","regulation of stem cell differentiation","17/933","118/18866",6.89617639855447e-05,0.00153064466375027,0.00133084105937016,"1021/678/4602/3192/2624/5978/10443/861/4005/5683/54940/5695/5682/3313/5689/5693/51441",17,"b0"
"GO:00725211","GO:0072521","purine-containing compound metabolic process","43/960","472/18866",0.000164507352356989,0.00183488969936642,0.00133456342091555,"2597/2023/6817/517/2180/1806/8021/5538/5315/5223/3939/25939/1329/387/7167/4513/5230/10476/4508/3091/514/51816/10632/1622/521/9551/84188/509/506/513/539/120892/131870/7114/518/515/6774/2182/2773/83440/3614/522/498",43,"b1n"
"GO:0043525","GO:0043525","positive regulation of neuron apoptotic process","11/960","59/18866",0.000165506996657116,0.00184220962046769,0.00133988739158752,"3725/4170/2896/7305/387/998/1499/3684/4835/1522/5621",11,"b1n"
"GO:0034599","GO:0034599","cellular response to oxidative stress","32/933","310/18866",7.06493954053836e-05,0.00156116407369242,0.00135737660012672,"10399/328/8644/4602/7295/6188/9588/2353/6421/847/3315/199/4841/5978/9973/5052/6647/2950/7001/135112/3184/1612/3066/142/3725/301/4257/7168/11315/27429/25793/11235",32,"b0"
"GO:1903829","GO:1903829","positive regulation of cellular protein localization","34/933","338/18866",7.12834257304858e-05,0.00156823536607069,0.00136352483718179,"10541/7029/10399/3326/5108/54741/10576/7531/10971/10574/3553/1736/57142/51024/10575/10694/6950/7203/55704/7175/142/51160/29899/79752/10204/8766/3799/908/11315/5901/59286/27429/11235/51201",34,"b0"
"GO:00323881","GO:0032388","positive regulation of intracellular transport","25/960","222/18866",0.000169682818556269,0.00188477913365297,0.00137084931543661,"3689/7529/302/998/3684/4478/7323/1432/51100/59286/5621/7531/2316/11261/7534/10541/54741/4946/10657/6342/3059/7532/3799/7332/375",25,"b1n"
"GO:0055067","GO:0055067","monovalent inorganic cation homeostasis","20/960","159/18866",0.00017013881321559,0.00188593953078852,0.001371693302719,"2896/2771/6556/5538/533/23312/1312/8992/9114/9296/10159/506/7879/120892/9550/10312/11261/55858/537/523",20,"b1n"
"GO:00063381","GO:0006338","chromatin remodeling","25/931","218/18866",7.85493567174932e-05,0.00161534043491017,0.00140063054400975,"4869/5757/8364/4602/3146/3021/4678/3020/3159/546/3183/11335/51773/7175/57492/54737/2186/10765/6599/5928/57798/1060/6605/6595/10467",25,"b1"
"GO:19028821","GO:1902882","regulation of response to oxidative stress","15/960","101/18866",0.000175009532250817,0.00193593018665079,0.00140805281834786,"9555/4170/5660/948/7295/7099/1499/3091/5034/10399/240/6421/120892/6648/8876",15,"b1n"
"GO:0019674","GO:0019674","NAD metabolic process","10/960","50/18866",0.000177854368381918,0.00195931968453591,0.00142506461383718,"2597/2023/683/5315/5223/3939/7167/5230/65220/83440",10,"b1n"
"GO:1902743","GO:1902743","regulation of lamellipodium organization","10/960","50/18866",0.000177854368381918,0.00195931968453591,0.00142506461383718,"960/10097/5879/998/7454/10109/10096/832/10163/11344",10,"b1n"
"GO:0001736","GO:0001736","establishment of planar polarity","17/960","124/18866",0.00018141210342321,0.00199033933510331,0.00144762601956698,"5879/5688/387/998/409/5691/5216/5685/1175/5720/5682/5689/5713/5694/5710/5721/5692",17,"b1n"
"GO:0007164","GO:0007164","establishment of tissue polarity","17/960","124/18866",0.00018141210342321,0.00199033933510331,0.00144762601956698,"5879/5688/387/998/409/5691/5216/5685/1175/5720/5682/5689/5713/5694/5710/5721/5692",17,"b1n"
"GO:00106391","GO:0010639","negative regulation of organelle organization","39/960","416/18866",0.000182035644638655,0.00199077318490937,0.00144794156991397,"1843/706/9555/91663/6688/9535/1191/3192/822/10288/9168/409/5062/27243/3008/7454/5216/8971/3183/830/27166/3021/829/11151/7756/832/5573/7879/120892/3005/3020/7114/136319/11078/10163/3007/7520/11344/9320",39,"b1n"
"GO:0031589","GO:0031589","cell-substrate adhesion","35/960","359/18866",0.000182193780762441,0.00199077318490937,0.00144794156991397,"967/1955/960/6281/91663/683/3956/3689/948/8826/5879/4035/71/387/998/64005/6614/5175/1499/5728/7791/6093/10109/5034/11151/4814/3397/604/64098/2316/5861/11078/81/2633/2185",35,"b1n"
"GO:0010592","GO:0010592","positive regulation of lamellipodium assembly","7/960","25/18866",0.000185209261336264,0.00201960912005906,0.00146891470212566,"10097/5879/998/10109/10096/10163/11344",7,"b1n"
"GO:00313972","GO:0031397","negative regulation of protein ubiquitination","13/960","80/18866",0.000186997225011909,0.00203496980160018,0.00148008692883345,"706/409/9349/8291/9636/6135/3301/151636/7128/11261/6201/51160/9320",13,"b1n"
"GO:0072521","GO:0072521","purine-containing compound metabolic process","43/931","472/18866",8.35172828805717e-05,0.00171013286104381,0.00148282322891641,"3094/517/262/3615/2982/4508/142/2023/30968/3939/9200/26137/5901/522/509/25874/2597/539/506/353/4833/513/518/4513/7175/7167/84836/498/4830/195827/51144/84320/10632/10591/3251/10606/521/8833/159/9524/515/29922/9061",43,"b1"
"GO:00433121","GO:0043312","neutrophil degranulation","44/931","487/18866",8.39695280661412e-05,0.00171204537779299,0.00148448153531235,"1915/3326/684/1938/1992/3146/3615/5269/3320/79895/10788/10576/2950/5036/340061/10694/5478/326624/6727/9588/203068/353/8655/3837/847/8673/1654/9535/7520/2547/4282/3608/966/3312/1460/5689/56954/960/6993/3303/10549/9761/2934/2665",44,"b1"
"GO:1990823","GO:1990823","response to leukemia inhibitory factor","15/933","97/18866",8.00530081623036e-05,0.00174578481555696,0.00151789776451162,"10765/3192/4691/55183/1974/6428/4144/292/221830/7520/23522/10678/9774/1488/11235",15,"b0"
"GO:1990830","GO:1990830","cellular response to leukemia inhibitory factor","15/933","97/18866",8.00530081623036e-05,0.00174578481555696,0.00151789776451162,"10765/3192/4691/55183/1974/6428/4144/292/221830/7520/23522/10678/9774/1488/11235",15,"b0"
"GO:0061572","GO:0061572","actin filament bundle organization","20/960","161/18866",0.000201737288812682,0.0021909322965183,0.00159352254342342,"199/6281/3936/5879/71/387/998/5062/55704/57698/7454/5216/7791/6093/3397/359845/2316/81/10163/2185",20,"b1n"
"GO:0042026","GO:0042026","protein refolding","7/933","23/18866",8.63015071151579e-05,0.00186575639191818,0.00162220878036011,"6767/3320/3329/3313/5082/2280/6625",7,"b0"
"GO:0051457","GO:0051457","maintenance of protein location in nucleus","7/933","23/18866",8.63015071151579e-05,0.00186575639191818,0.00162220878036011,"7295/6500/3192/402/10210/11315/23568",7,"b0"
"GO:00063421","GO:0006342","chromatin silencing","13/931","77/18866",9.23201251674825e-05,0.00187429496669812,0.00162516502534471,"3008/3007/9555/3146/3159/8971/10933/3005/3006/94239/3015/9643/92815",13,"b1"
"GO:00313311","GO:0031331","positive regulation of cellular catabolic process","37/960","390/18866",0.000208636818293933,0.00226128591948879,0.00164469257929954,"26986/7538/9517/1191/8660/26234/4035/665/5728/4478/3091/6093/3320/51100/754/10399/1452/7133/3162/92140/6613/151636/120892/7128/3949/9698/9528/677/340061/3184/10221/10346/81603/2773/203228/678/2185",37,"b1n"
"GO:00482552","GO:0048255","mRNA stabilization","10/960","51/18866",0.000211267249428919,0.00228517901852047,0.00166207065711588,"26986/7538/3192/6556/8531/4904/1432/3183/4615/3184",10,"b1n"
"GO:0070585","GO:0070585","protein localization to mitochondrion","19/933","144/18866",8.98202272270817e-05,0.0019334578222933,0.0016810727645722,"7029/3320/54741/7531/665/10971/3329/51024/9804/3301/9512/93974/706/293/26517/26520/59286/27429/25793",19,"b0"
"GO:00519721","GO:0051972","regulation of telomerase activity","10/931","48/18866",9.63841613615463e-05,0.00193998226056207,0.0016821212112674,"3326/3320/10576/10728/3181/10575/3184/6950/7520/1736",10,"b1"
"GO:00022831","GO:0002283","neutrophil activation involved in immune response","44/931","490/18866",9.66704661486211e-05,0.00193998226056207,0.0016821212112674,"1915/3326/684/1938/1992/3146/3615/5269/3320/79895/10788/10576/2950/5036/340061/10694/5478/326624/6727/9588/203068/353/8655/3837/847/8673/1654/9535/7520/2547/4282/3608/966/3312/1460/5689/56954/960/6993/3303/10549/9761/2934/2665",44,"b1"
"GO:00329841","GO:0032984","protein-containing complex disassembly","33/931","330/18866",9.73973796604111e-05,0.00193998226056207,0.0016821212112674,"9349/3925/6418/78988/3159/54948/54460/51504/28977/8673/51023/11198/90480/219927/3796/6599/26586/51258/3312/2935/11345/79752/1984/65008/6059/92815/1452/65003/6605/29074/2934/84545/9553",33,"b1"
"GO:19022531","GO:1902253","regulation of intrinsic apoptotic signaling pathway by p53 class mediator","8/931","31/18866",9.75346323990921e-05,0.00193998226056207,0.0016821212112674,"6154/6135/6201/7314/3190/4282/64844/960",8,"b1"
"GO:19022751","GO:1902275","regulation of chromatin organization","23/931","195/18866",9.7618620430612e-05,0.00193998226056207,0.0016821212112674,"3008/3007/9555/6418/4602/23741/4300/23168/3159/8971/6879/546/3005/3006/7175/54737/2624/3192/55904/22823/3553/4297/10467",23,"b1"
"GO:0070125","GO:0070125","mitochondrial translational elongation","14/931","88/18866",9.79953311245982e-05,0.00193998226056207,0.0016821212112674,"78988/54948/54460/28977/51023/90480/219927/51258/65008/7284/65003/29074/84545/9553",14,"b1"
"GO:0007599","GO:0007599","hemostasis","34/960","348/18866",0.000215132734239574,0.0023223080869121,0.00168907560272392,"5265/60/948/302/5879/5359/2207/71/998/308/409/5329/1192/7099/4067/7454/2776/830/5777/5873/81704/3021/6850/829/832/5573/4627/2153/4778/2782/3020/2316/7534/3937",34,"b1n"
"GO:19004071","GO:1900407","regulation of cellular response to oxidative stress","14/960","92/18866",0.000219606270998704,0.00236583864238564,0.00172073651784442,"4170/5660/948/7295/7099/1499/3091/5034/10399/240/6421/120892/6648/8876",14,"b1n"
"GO:0045292","GO:0045292","mRNA cis splicing, via spliceosome","11/933","57/18866",9.29443244183463e-05,0.00199211998345588,0.00173207742591226,"6430/11168/6428/6431/55660/6427/8683/6631/10772/51503/51729",11,"b0"
"GO:0070665","GO:0070665","positive regulation of leukocyte proliferation","19/960","150/18866",0.000223733711763589,0.00240362937684639,0.00174822271054487,"301/199/29108/683/10673/5788/8660/10288/3965/1604/7099/4067/3071/684/4179/6850/11151/3105/604",19,"b1n"
"GO:0002292","GO:0002292","T cell differentiation involved in immune response","12/960","71/18866",0.000224010193555116,0.00240362937684639,0.00174822271054487,"301/10875/3965/2207/64332/4179/26253/3142/604/114548/6774/6778",12,"b1n"
"GO:0017148","GO:0017148","negative regulation of translation","25/933","220/18866",9.42317714620771e-05,0.00201108319094706,0.00174856525992383,"3646/10399/1153/678/6188/10644/23521/4691/2597/8087/4076/3184/1654/1612/6726/10236/4904/51247/811/7175/3692/29883/7072/51441/1978",25,"b0"
"GO:0050817","GO:0050817","coagulation","34/960","349/18866",0.000227037354779281,0.0024312483201414,0.00176831069265006,"5265/60/948/302/5879/5359/2207/71/998/308/409/5329/1192/7099/4067/7454/2776/830/5777/5873/81704/3021/6850/829/832/5573/4627/2153/4778/2782/3020/2316/7534/3937",34,"b1n"
"GO:0051924","GO:0051924","regulation of calcium ion transport","27/960","253/18866",0.000231658540853702,0.00247579297147433,0.00180070918629624,"706/79026/2771/3958/10288/387/409/353514/1499/4067/8291/805/5777/945/11027/1535/6717/9446/11151/2280/5621/1230/7531/2539/7009/246329/2185",27,"b1n"
"GO:0051972","GO:0051972","regulation of telomerase activity","10/933","48/18866",9.81142175780859e-05,0.00208503150036154,0.00181286068313373,"3320/3326/10576/10728/3181/1736/10575/3184/7520/6950",10,"b0"
"GO:0006626","GO:0006626","protein targeting to mitochondrion","15/933","99/18866",0.000101608534745148,0.00214269420654552,0.00186299635394058,"3320/54741/665/3329/51024/9804/9512/93974/706/293/26517/26520/59286/27429/25793",15,"b0"
"GO:0072522","GO:0072522","purine-containing compound biosynthetic process","24/933","208/18866",0.000101685728264175,0.00214269420654552,0.00186299635394058,"262/4833/517/3615/2023/506/2982/9200/509/4508/25874/539/498/4513/10632/142/522/518/30968/513/204/7415/8833/515",24,"b0"
"GO:00331192","GO:0033119","negative regulation of RNA splicing","7/960","26/18866",0.000242387253410364,0.00257356253481003,0.00187181955492045,"3190/6207/9991/7009/6231/8683/3181",7,"b1n"
"GO:0051016","GO:0051016","barbed-end actin filament capping","7/960","26/18866",0.000242387253410364,0.00257356253481003,0.00187181955492045,"822/830/829/832/136319/11078/11344",7,"b1n"
"GO:0002888","GO:0002888","positive regulation of myeloid leukocyte mediated immunity","8/960","34/18866",0.000242725562462978,0.00257356253481003,0.00187181955492045,"3689/7305/2268/2207/3684/5724/8673/6850",8,"b1n"
"GO:0045648","GO:0045648","positive regulation of erythrocyte differentiation","8/960","34/18866",0.000242725562462978,0.00257356253481003,0.00187181955492045,"3148/3398/3091/3071/1432/9636/6772/6774",8,"b1n"
"GO:0032088","GO:0032088","negative regulation of NF-kappaB transcription factor activity","14/960","93/18866",0.000246630313123421,0.00260466856280936,0.0018944437852228,"4792/11213/29108/9314/409/847/1545/307/7128/11261/7114/114548/170622/8887",14,"b1n"
"GO:00451851","GO:0045185","maintenance of protein location","14/960","93/18866",0.000246630313123421,0.00260466856280936,0.0018944437852228,"706/4792/5552/3192/7529/9168/7295/55704/6717/10956/2316/7114/11344/6672",14,"b1n"
"GO:0002704","GO:0002704","negative regulation of leukocyte mediated immunity","10/960","52/18866",0.00024979144759292,0.0026328705625462,0.00191495583957596,"5788/1378/3965/409/684/3106/5777/3162/3105/604",10,"b1n"
"GO:0061515","GO:0061515","myeloid cell development","12/960","72/18866",0.000256557346453163,0.00269888267396317,0.00196296818018963,"7305/302/2124/3071/10365/5777/7097/9991/2539/604/10163/537",12,"b1n"
"GO:0090151","GO:0090151","establishment of protein localization to mitochondrial membrane","10/931","49/18866",0.000115800834551829,0.00228299909771395,0.00197954449668851,"7029/3320/10971/7531/26517/26520/9141/56993/51079/140823",10,"b1"
"GO:00226132","GO:0022613","ribonucleoprotein complex biogenesis","43/960","482/18866",0.000259373799962188,0.00272317110919205,0.00198063379639475,"2752/6203/55505/6209/5728/6129/27335/22803/6229/3320/6165/6135/6169/8666/6136/23405/8667/8661/6155/6208/6154/103/26156/131870/9169/6430/3646/10659/1654/11224/23451/6128/6201/6234/192670/10521/6152/8683/10412/6202/7520/6633/401466",43,"b1n"
"GO:0010803","GO:0010803","regulation of tumor necrosis factor-mediated signaling pathway","11/960","62/18866",0.000261510703525739,0.00273122006463026,0.00198648801286788,"29108/2950/834/114769/10399/6850/7132/7128/837/8887/6868",11,"b1n"
"GO:0030888","GO:0030888","regulation of B cell proliferation","11/960","62/18866",0.000261510703525739,0.00273122006463026,0.00198648801286788,"4332/683/7305/10673/5788/8660/7099/4067/3071/604/196",11,"b1n"
"GO:0098543","GO:0098543","detection of other organism","6/960","19/18866",0.000261667681867652,0.00273122006463026,0.00198648801286788,"4671/64581/7099/3106/7097/3105",6,"b1n"
"GO:0043489","GO:0043489","RNA stabilization","11/933","58/18866",0.000109634474825714,0.00230048137512444,0.00200018668136254,"1153/26986/8531/10949/3192/1736/3183/3184/4904/9967/2521",11,"b0"
"GO:0031532","GO:0031532","actin cytoskeleton reorganization","15/960","105/18866",0.000270990484061239,0.00281756578873749,0.00204928952349044,"301/9535/397/387/998/3055/10788/2242/2885/4627/396/64098/2316/3059/2185",15,"b1n"
"GO:00456211","GO:0045621","positive regulation of lymphocyte differentiation","15/960","105/18866",0.000270990484061239,0.00281756578873749,0.00204928952349044,"301/64115/5788/10288/3965/387/64332/861/3071/4179/6850/3142/604/114548/8876",15,"b1n"
"GO:0016579","GO:0016579","protein deubiquitination","29/960","283/18866",0.000277161137333207,0.00287614990675562,0.00209189928961458,"4792/60/5688/387/409/7321/7311/9958/5728/5691/3091/5685/7316/9960/220213/5720/4738/5682/56943/7128/5689/5713/114548/5694/5887/5710/5721/55288/5692",29,"b1n"
"GO:0009896","GO:0009896","positive regulation of catabolic process","41/960","454/18866",0.000277791816657812,0.0028771295296702,0.00209261179506301,"26986/7538/9517/64115/1191/8660/26234/4035/665/5728/4478/3091/6093/3320/51100/754/10399/1452/7133/3162/92140/6613/151636/7879/120892/7128/3949/9698/9528/677/340061/3184/4946/10221/10346/81603/2773/203228/678/2185/51160",41,"b1n"
"GO:0038061","GO:0038061","NIK/NF-kappaB signaling","22/933","184/18866",0.00011580773841546,0.00241984872655567,0.00210397234513883,"3146/6188/6500/3606/5052/3553/11331/1654/5683/5695/811/27250/5682/51564/5689/81/5693/3987/54386/5245/3965/387",22,"b0"
"GO:0006164","GO:0006164","purine nucleotide biosynthetic process","23/933","197/18866",0.000117729214748814,0.0024497487435649,0.00212996934578446,"4833/517/3615/2023/506/2982/9200/509/4508/25874/539/498/4513/10632/142/522/518/30968/513/204/7415/8833/515",23,"b0"
"GO:0002244","GO:0002244","hematopoietic progenitor cell differentiation","21/933","172/18866",0.000121884131020009,0.00252568195151007,0.0021959905676241,"6659/1021/4602/1938/2624/5978/10443/861/4005/7520/4300/5683/5695/96459/5682/3313/5689/5693/51441/5134/5977",21,"b0"
"GO:1903747","GO:1903747","regulation of establishment of protein localization to mitochondrion","12/960","73/18866",0.000293035876682147,0.00302773879164867,0.00220215386288156,"7529/665/7323/51100/59286/3301/120892/7531/7534/54741/7532/7332",12,"b1n"
"GO:0043392","GO:0043392","negative regulation of DNA binding","10/960","53/18866",0.000294026451155444,0.00302773879164867,0.00220215386288156,"3725/4792/3398/3428/6717/3162/3397/7114/6612/6672",10,"b1n"
"GO:1900024","GO:1900024","regulation of substrate adhesion-dependent cell spreading","10/960","53/18866",0.000294026451155444,0.00302773879164867,0.00220215386288156,"6281/91663/5879/998/10109/5034/2316/11078/81/2633",10,"b1n"
"GO:00421761","GO:0042176","regulation of protein catabolic process","37/960","397/18866",0.000295873234454158,0.00304091935411218,0.00221174043178375,"11213/6386/1191/302/26234/7077/1471/4035/5728/4478/9349/8291/6093/3320/754/10399/6135/1452/7133/5720/6613/7879/10956/120892/5476/7128/3949/2316/6201/4946/10221/5887/5721/2185/51160/7076/1915",37,"b1n"
"GO:0006739","GO:0006739","NADP metabolic process","8/960","35/18866",0.000300745404325788,0.00308508431014886,0.00224386276307879,"7086/6888/5226/5223/25796/2539/65220/3417",8,"b1n"
"GO:1901991","GO:1901991","negative regulation of mitotic cell cycle phase transition","27/933","251/18866",0.000128272933446694,0.00264708689930905,0.00230154784892393,"6659/1021/7029/678/6154/2273/6500/29997/1843/5325/25949/1112/5683/56984/5695/51347/3276/5682/7175/5728/51065/29883/5689/5693/25793/7756/3550",27,"b0"
"GO:0048489","GO:0048489","synaptic vesicle transport","9/960","44/18866",0.000312004191168135,0.00318600244218628,0.00231726316832973,"4600/2647/4599/1499/8301/5873/120892/3799/375",9,"b1n"
"GO:0006735","GO:0006735","NADH regeneration","7/960","27/18866",0.000312958674190526,0.00318600244218628,0.00231726316832973,"2597/2023/5315/5223/7167/5230/83440",7,"b1n"
"GO:0061621","GO:0061621","canonical glycolysis","7/960","27/18866",0.000312958674190526,0.00318600244218628,0.00231726316832973,"2597/2023/5315/5223/7167/5230/83440",7,"b1n"
"GO:0061718","GO:0061718","glucose catabolic process to pyruvate","7/960","27/18866",0.000312958674190526,0.00318600244218628,0.00231726316832973,"2597/2023/5315/5223/7167/5230/83440",7,"b1n"
"GO:0002793","GO:0002793","positive regulation of peptide secretion","22/960","193/18866",0.000343595133862862,0.00348845346556973,0.00253724373313719,"2597/6279/929/8660/2752/5879/2268/4035/7099/3091/27230/945/26253/7097/6850/6717/5478/51762/65220/2182/3799/375",22,"b1n"
"GO:0006968","GO:0006968","cellular defense response","10/960","54/18866",0.000344618888490579,0.00348845346556973,0.00253724373313719,"4332/4688/7305/10288/728/653361/23643/4046/10312/2185",10,"b1n"
"GO:0032623","GO:0032623","interleukin-2 production","10/960","54/18866",0.000344618888490579,0.00348845346556973,0.00253724373313719,"301/7538/5788/6556/64581/2207/861/5621/7128/2633",10,"b1n"
"GO:0070265","GO:0070265","necrotic cell death","11/960","64/18866",0.000348711434959784,0.00351860452964443,0.00255917339312148,"706/929/114908/23593/4513/8531/7099/5836/23643/8837/84266",11,"b1n"
"GO:0006469","GO:0006469","negative regulation of protein kinase activity","26/960","246/18866",0.00034890915373175,0.00351860452964443,0.00255917339312148,"1843/9555/11213/29108/9535/2950/5788/1848/5062/5728/4067/9021/2776/5997/5777/10399/3301/5573/103/7128/11261/10221/58533/7532/65125/4616",26,"b1n"
"GO:0002819","GO:0002819","regulation of adaptive immune response","20/960","168/18866",0.000356554433403793,0.00358137158032318,0.00260482551591858,"301/29108/10673/5788/6556/1378/2207/64092/7454/64332/3106/5777/7133/3105/3142/7128/604/114548/91543/6778",20,"b1n"
"GO:0002577","GO:0002577","regulation of antigen processing and presentation","6/960","20/18866",0.000357803386216817,0.00358137158032318,0.00260482551591858,"29108/6556/10875/10288/968/7454",6,"b1n"
"GO:0051767","GO:0051767","nitric-oxide synthase biosynthetic process","6/960","20/18866",0.000357803386216817,0.00358137158032318,0.00260482551591858,"10135/2950/7099/7097/120892/6772",6,"b1n"
"GO:0051769","GO:0051769","regulation of nitric-oxide synthase biosynthetic process","6/960","20/18866",0.000357803386216817,0.00358137158032318,0.00260482551591858,"10135/2950/7099/7097/120892/6772",6,"b1n"
"GO:1905330","GO:1905330","regulation of morphogenesis of an epithelium","21/960","181/18866",0.000365465139248718,0.00365124855133961,0.00265564887032245,"5879/5688/387/998/409/1499/5728/5691/5216/5685/1175/6256/5720/5682/6772/5689/5713/5694/5710/5721/5692",21,"b1n"
"GO:0033572","GO:0033572","transferrin transport","8/960","36/18866",0.00036960371991346,0.0036829597095929,0.00267871322773549,"533/8992/9114/9296/9550/10312/537/523",8,"b1n"
"GO:0001909","GO:0001909","leukocyte mediated cytotoxicity","15/960","108/18866",0.000370012168400852,0.0036829597095929,0.00267871322773549,"7305/5788/3965/5052/1130/409/3684/6813/1512/3106/5777/5873/11151/3105/3916",15,"b1n"
"GO:0014002","GO:0014002","astrocyte development","9/960","45/18866",0.000372611425303604,0.00369512069640265,0.00268755823251379,"7431/6280/6279/2896/4035/728/7099/3459/3949",9,"b1n"
"GO:0052372","GO:0052372","modulation by symbiont of entry into host","9/960","45/18866",0.000372611425303604,0.00369512069640265,0.00268755823251379,"2219/10410/3956/3965/10581/5034/3576/10346/81603",9,"b1n"
"GO:00063371","GO:0006337","nucleosome disassembly","6/931","18/18866",0.000158096660626961,0.00310402949733017,0.00269144412503338,"6418/3159/11198/6599/92815/6605",6,"b1"
"GO:0035710","GO:0035710","CD4-positive, alpha-beta T cell activation","14/960","97/18866",0.000385231076432463,0.00379919986224295,0.00276325774058657,"301/64115/3965/1604/64332/861/3071/3142/604/10312/114548/91543/6774/6778",14,"b1n"
"GO:0046634","GO:0046634","regulation of alpha-beta T cell activation","14/960","97/18866",0.000385231076432463,0.00379919986224295,0.00276325774058657,"301/64115/5788/3965/1604/387/64332/861/3071/6850/3105/3142/604/114548",14,"b1n"
"GO:1901184","GO:1901184","regulation of ERBB signaling pathway","14/960","97/18866",0.000385231076432463,0.00379919986224295,0.00276325774058657,"2537/57142/998/5329/55704/653361/2885/3516/92799/7879/2069/30011/58533/6868",14,"b1n"
"GO:0070664","GO:0070664","negative regulation of leukocyte proliferation","13/960","86/18866",0.000389844070660721,0.00383763933778857,0.00279121577969926,"7940/4332/7305/64115/2950/1051/10288/3965/4067/5777/5621/5573/7128",13,"b1n"
"GO:20010561","GO:2001056","positive regulation of cysteine-type endopeptidase activity","19/931","151/18866",0.000165194785144288,0.0032300996718172,0.00280075714243767,"6188/10399/10541/3329/3146/27018/3336/10016/1654/1612/51024/5978/54205/10550/9141/5134/51079/51065/2934",19,"b1"
"GO:0050685","GO:0050685","positive regulation of mRNA processing","8/933","33/18866",0.000159586407720449,0.00327973053562107,0.00285160897486182,"1153/9588/27316/4691/6434/9967/22938/6625",8,"b0"
"GO:0061620","GO:0061620","glycolytic process through glucose-6-phosphate","7/960","28/18866",0.000399103403503317,0.00392159296665805,0.00285227745669326,"2597/2023/5315/5223/7167/5230/83440",7,"b1n"
"GO:0030837","GO:0030837","negative regulation of actin filament polymerization","11/960","65/18866",0.000400743971530148,0.00393051445568417,0.00285876628973782,"91663/822/9168/5216/830/829/832/7114/136319/11078/11344",11,"b1n"
"GO:0010770","GO:0010770","positive regulation of cell morphogenesis involved in differentiation","19/960","157/18866",0.000402639805003534,0.00394190247051818,0.00286704909171745,"6281/91663/9839/10097/5879/4035/387/998/57698/10154/10109/5034/396/1523/2316/11078/51199/11344/23191",19,"b1n"
"GO:0045787","GO:0045787","positive regulation of cell cycle","37/933","396/18866",0.00016137652582371,0.00330292774575249,0.0028717781234806,"6659/7029/9555/4869/328/6154/3326/6421/3192/6210/9349/199/894/5087/5325/546/3553/11331/1654/7552/2069/23326/811/3276/7175/55904/301/29899/4282/29883/1164/8766/23137/5514/23476/1978/387",37,"b0"
"GO:0038127","GO:0038127","ERBB signaling pathway","18/960","145/18866",0.000415410501217517,0.00405952156472127,0.00295259654493977,"2537/8826/57142/998/5329/55704/653361/2885/3516/3320/92799/9770/7879/2069/30011/58533/6868/2185",18,"b1n"
"GO:0048255","GO:0048255","mRNA stabilization","10/933","51/18866",0.000167565316221247,0.0034155966906486,0.0029697397611714,"1153/26986/8531/10949/3192/3183/3184/4904/9967/2521",10,"b0"
"GO:0042493","GO:0042493","response to drug","37/933","397/18866",0.000169740481000477,0.00344586976470075,0.00299606112163872,"328/3326/1938/2353/1312/3939/847/2354/6727/5978/7385/3329/6647/3553/6142/4519/4659/3148/7520/3066/2778/4535/3030/811/6731/5728/706/1603/301/1374/3033/4257/1393/25828/5908/4363/387",37,"b0"
"GO:0090085","GO:0090085","regulation of protein deubiquitination","5/933","12/18866",0.000173177957810665,0.00346764424373363,0.00301499325620244,"29997/51035/11315/7415/57599",5,"b0"
"GO:0072595","GO:0072595","maintenance of protein localization in organelle","9/933","42/18866",0.000173570458161927,0.00346764424373363,0.00301499325620244,"7295/6500/3192/402/706/10210/10945/11315/23568",9,"b0"
"GO:0019079","GO:0019079","viral genome replication","17/933","127/18866",0.000173590520811655,0.00346764424373363,0.00301499325620244,"5094/26986/684/9218/7155/7913/1654/8815/64710/5478/29883/27336/1488/7415/5245/5093/54737",17,"b0"
"GO:1900180","GO:1900180","regulation of protein localization to nucleus","17/933","127/18866",0.000173590520811655,0.00346764424373363,0.00301499325620244,"3326/10576/2752/10574/1736/10575/10694/6950/7203/7175/142/284/10204/908/11315/5901/6612",17,"b0"
"GO:1901988","GO:1901988","negative regulation of cell cycle phase transition","28/933","270/18866",0.000181099711401281,0.00360323489537051,0.00313288450211904,"6659/1021/7029/9555/678/6154/2273/6500/29997/1843/5325/25949/1112/5683/56984/5695/51347/3276/5682/7175/5728/51065/29883/5689/5693/25793/7756/3550",28,"b0"
"GO:0051028","GO:0051028","mRNA transport","19/933","152/18866",0.000185253460963049,0.00367125311130741,0.00319202392010266,"3178/6430/10644/3181/6428/6431/6427/8106/9295/8683/56943/65110/7175/10250/84248/26019/10204/4116/10921",19,"b0"
"GO:0062208","GO:0062208","positive regulation of pattern recognition receptor signaling pathway","8/960","37/18866",0.000450761378782747,0.00439697235848989,0.00319803336104812,"57142/9958/7099/7097/1535/1654/9698/91543",8,"b1n"
"GO:0006878","GO:0006878","cellular copper ion homeostasis","5/960","14/18866",0.000459694896450564,0.00445978864277988,0.00324372129274244,"4502/5621/1318/475/375",5,"b1n"
"GO:0035751","GO:0035751","regulation of lysosomal lumen pH","5/960","14/18866",0.000459694896450564,0.00445978864277988,0.00324372129274244,"2896/5538/10159/120892/55858",5,"b1n"
"GO:0045591","GO:0045591","positive regulation of regulatory T cell differentiation","5/960","14/18866",0.000459694896450564,0.00445978864277988,0.00324372129274244,"64115/10288/3965/4179/604",5,"b1n"
"GO:0070372","GO:0070372","regulation of ERK1 and ERK2 cascade","30/960","306/18866",0.000466061773704403,0.00451339605762477,0.00328271137207338,"1843/3725/960/29108/152007/2950/2771/5788/1848/948/9314/3965/4035/728/409/7099/5728/4067/4835/5777/140885/6850/8661/1652/1230/8837/7534/2633/537/2185",30,"b1n"
"GO:0070228","GO:0070228","regulation of lymphocyte apoptotic process","10/960","56/18866",0.000467706555515256,0.00452116336998081,0.0032883607421433,"3958/8660/3965/5728/4067/3091/27166/81704/1831/604",10,"b1n"
"GO:0050830","GO:0050830","defense response to Gram-positive bacterium","14/960","99/18866",0.000476482637624483,0.00459771465981179,0.00334403850373714,"4069/3148/948/2268/728/6170/219972/140823/7097/2634/3105/4615/114548/6868",14,"b1n"
"GO:1902307","GO:1902307","positive regulation of sodium ion transmembrane transport","6/960","21/18866",0.000479495700923053,0.00461848193079385,0.00335914308479969,"2745/11261/81/3799/65125/375",6,"b1n"
"GO:00313962","GO:0031396","regulation of protein ubiquitination","23/960","211/18866",0.000484788084983611,0.00465549895307168,0.00338606653632937,"706/409/7321/5728/9349/8291/9636/3320/9111/754/6135/3301/2280/151636/120892/7128/1654/11261/5861/6201/7332/51160/9320",23,"b1n"
"GO:0050714","GO:0050714","positive regulation of protein secretion","20/960","172/18866",0.0004850743550358,0.00465549895307168,0.00338606653632937,"2597/929/8660/2752/5879/2268/4035/7099/3091/27230/945/26253/7097/6850/6717/5478/65220/2182/3799/375",20,"b1n"
"GO:19032011","GO:1903201","regulation of oxidative stress-induced cell death","12/960","77/18866",0.000486122626962457,0.00465722838152425,0.00338732439501847,"4170/5660/7295/7099/1499/3091/5034/10399/6421/120892/6648/8876",12,"b1n"
"GO:00714251","GO:0071425","hematopoietic stem cell proliferation","7/931","26/18866",0.000200634640724048,0.00390705253426299,0.00338772991641464,"5610/947/10443/2120/51441/861/5134",7,"b1"
"GO:00513841","GO:0051384","response to glucocorticoid","18/960","147/18866",0.000490907751011978,0.00469468820709316,0.00341456990899973,"2353/301/1843/199/2354/7538/2950/3192/3490/387/4537/5724/11214/8837/677/2720/678/7332",18,"b1n"
"GO:00362962","GO:0036296","response to increased oxygen levels","7/960","29/18866",0.00050319560964675,0.00478660362722485,0.0034814224056747,"847/4508/4519/9114/9550/537/523",7,"b1n"
"GO:0050690","GO:0050690","regulation of defense response to virus by virus","7/960","29/18866",0.00050319560964675,0.00478660362722485,0.0034814224056747,"5879/5062/3055/1175/5610/8905/375",7,"b1n"
"GO:0061615","GO:0061615","glycolytic process through fructose-6-phosphate","7/960","29/18866",0.00050319560964675,0.00478660362722485,0.0034814224056747,"2597/2023/5315/5223/7167/5230/83440",7,"b1n"
"GO:0010256","GO:0010256","endomembrane system organization","41/960","468/18866",0.000516281147481509,0.00490238647121823,0.00356563430594123,"6280/81671/5552/5660/3267/10313/1191/5788/2647/5359/57142/998/1130/5728/27243/57698/10890/29887/8291/27230/5873/51100/1452/23325/57132/4627/55004/7879/120892/5862/51510/55161/7534/5861/84376/50999/10015/10960/309/10087/51160",41,"b1n"
"GO:0008584","GO:0008584","male gonad development","18/933","141/18866",0.000207887258825245,0.00410351371768092,0.00356785913315638,"8644/7314/3021/8531/3020/5872/4678/7812/546/7536/3205/3148/3206/8031/4257/51742/57599/4436",18,"b0"
"GO:0009408","GO:0009408","response to heat","20/933","166/18866",0.000209830349059675,0.004112445318791,0.00357562484244522,"947/3490/3320/3326/11168/10049/7531/10728/5931/3329/6647/4519/10016/3066/3301/3281/7175/22797/27429/7415",20,"b0"
"GO:0021762","GO:0021762","substantia nigra development","9/933","43/18866",0.000209986695292692,0.004112445318791,0.00357562484244522,"7531/10971/805/8655/1340/522/4722/515/387",9,"b0"
"GO:0046638","GO:0046638","positive regulation of alpha-beta T cell differentiation","9/960","47/18866",0.00052303836689439,0.0049538881094935,0.00360309279872318,"301/3965/387/64332/861/3071/6850/3142/114548",9,"b1n"
"GO:0045670","GO:0045670","regulation of osteoclast differentiation","11/960","67/18866",0.000524475013269768,0.0049538881094935,0.00360309279872318,"2353/7305/1051/11025/9935/7099/1499/7071/9770/1230/537",11,"b1n"
"GO:1900015","GO:1900015","regulation of cytokine production involved in inflammatory response","11/960","67/18866",0.000524475013269768,0.0049538881094935,0.00360309279872318,"29108/64581/23765/7099/1432/23646/140885/240/5187/4615/6774",11,"b1n"
"GO:00319351","GO:0031935","regulation of chromatin silencing","6/931","19/18866",0.000221456807758619,0.00426123603934778,0.00369483560428395,"3008/3007/3159/8971/3005/3006",6,"b1"
"GO:00459471","GO:0045947","negative regulation of translational initiation","6/931","19/18866",0.000221456807758619,0.00426123603934778,0.00369483560428395,"3646/23521/51247/7175/1978/468",6,"b1"
"GO:19033621","GO:1903362","regulation of cellular protein catabolic process","27/931","260/18866",0.000221502103910763,0.00426123603934778,0.00369483560428395,"10399/6125/6135/3326/6201/55353/7314/29997/9349/6613/3320/819/93974/5720/51035/7341/6599/11345/51374/64844/5728/5700/3303/1452/51667/5886/7514",27,"b1"
"GO:0042743","GO:0042743","hydrogen peroxide metabolic process","10/960","57/18866",0.000541742656029338,0.0050990339466621,0.00370866117433196,"1536/5879/5052/4513/847/10935/25824/1535/3240/6774",10,"b1n"
"GO:0097479","GO:0097479","synaptic vesicle localization","10/960","57/18866",0.000541742656029338,0.0050990339466621,0.00370866117433196,"4600/2647/4599/1499/5728/8301/5873/120892/3799/375",10,"b1n"
"GO:0046596","GO:0046596","regulation of viral entry into host cell","8/960","38/18866",0.000545795018914868,0.00510137678828966,0.00371036518451754,"2219/10410/3956/3965/10581/5034/10346/81603",8,"b1n"
"GO:1900026","GO:1900026","positive regulation of substrate adhesion-dependent cell spreading","8/960","38/18866",0.000545795018914868,0.00510137678828966,0.00371036518451754,"6281/91663/5879/998/10109/5034/2316/11078",8,"b1n"
"GO:1901186","GO:1901186","positive regulation of ERBB signaling pathway","8/960","38/18866",0.000545795018914868,0.00510137678828966,0.00371036518451754,"57142/5329/55704/653361/3516/92799/2069/6868",8,"b1n"
"GO:2000403","GO:2000403","positive regulation of lymphocyte migration","8/960","38/18866",0.000545795018914868,0.00510137678828966,0.00371036518451754,"199/29108/387/81704/102/65125/6868/2185",8,"b1n"
"GO:0050671","GO:0050671","positive regulation of lymphocyte proliferation","17/960","136/18866",0.000548231281426378,0.00511523621713481,0.00372044551075072,"301/199/29108/683/10673/5788/8660/10288/3965/1604/7099/3071/4179/6850/11151/3105/604",17,"b1n"
"GO:00718262","GO:0071826","ribonucleoprotein complex subunit organization","25/960","240/18866",0.000557782259401498,0.00519531566265458,0.00377868939254633,"6209/27335/3320/6135/6169/8666/6136/23405/8667/8661/6208/103/9169/6430/3646/10659/23451/6128/6234/192670/6152/8683/3799/7520/6633",25,"b1n"
"GO:0051099","GO:0051099","positive regulation of binding","20/960","174/18866",0.000563216675656242,0.00523684136030458,0.0038088921219697,"3148/6281/302/9314/4035/7295/5329/1499/83666/6135/2280/10542/151636/120892/3646/3005/9750/8932/340061/25836",20,"b1n"
"GO:00508212","GO:0050821","protein stabilization","21/960","187/18866",0.00056613572391621,0.00525487570728454,0.00382200897570095,"2597/2896/7305/1191/57142/3920/5728/2776/5216/9349/5292/3320/6135/7756/9770/3916/22948/2316/11261/6201/10491",21,"b1n"
"GO:0046546","GO:0046546","development of primary male sexual characteristics","18/933","142/18866",0.000227293794201179,0.00443400471969018,0.00385520929720338,"8644/7314/3021/8531/3020/5872/4678/7812/546/7536/3205/3148/3206/8031/4257/51742/57599/4436",18,"b0"
"GO:00060811","GO:0006081","cellular aldehyde metabolic process","11/931","63/18866",0.000232311682468362,0.00445124111267694,0.0038595853396773,"216/8644/2098/6888/10327/128/7167/8574/5978/9380/7086",11,"b1"
"GO:1901796","GO:1901796","regulation of signal transduction by p53 class mediator","21/933","180/18866",0.000231325933880501,0.00449510394474406,0.00390833289886163,"7314/6154/6125/6201/6135/29997/8805/9349/1108/3190/5928/5931/6879/1460/3066/11198/64769/4282/754/51230/1457",21,"b0"
"GO:0006336","GO:0006336","DNA replication-independent nucleosome assembly","10/933","53/18866",0.000233816397083816,0.0045258879342503,0.00393509848213277,"4869/8364/3021/3020/4678/5928/5931/546/51773/8520",10,"b0"
"GO:00973051","GO:0097305","response to alcohol","25/931","234/18866",0.000241625422297645,0.00459747857967087,0.00398638502754724,"4736/1938/1933/3490/6647/8644/1393/6155/551/142/2950/4519/4538/1019/2353/3184/847/2354/2770/2230/1978/23209/7284/5728/2934",25,"b1"
"GO:00975491","GO:0097549","chromatin organization involved in negative regulation of transcription","18/931","143/18866",0.000241871122091257,0.00459747857967087,0.00398638502754724,"3008/3007/9555/8364/3146/3021/3020/3159/8971/10933/3005/3006/94239/7175/54737/3015/9643/92815",18,"b1"
"GO:1903305","GO:1903305","regulation of regulated secretory pathway","19/960","162/18866",0.00059683896680886,0.00550699030041873,0.0040053785340957,"3689/2771/3965/2268/2207/3684/6813/4067/84106/5724/2242/5873/8673/6850/3162/3916/120892/9545/375",19,"b1n"
"GO:0032946","GO:0032946","positive regulation of mononuclear cell proliferation","17/960","137/18866",0.000596893205872599,0.00550699030041873,0.0040053785340957,"301/199/29108/683/10673/5788/8660/10288/3965/1604/7099/3071/4179/6850/11151/3105/604",17,"b1n"
"GO:0072665","GO:0072665","protein localization to vacuole","11/960","68/18866",0.000597403234826412,0.00550699030041873,0.0040053785340957,"1191/389541/57142/3920/51100/10542/7879/7128/2633/8031/51160",11,"b1n"
"GO:19023692","GO:1902369","negative regulation of RNA catabolic process","11/960","68/18866",0.000597403234826412,0.00550699030041873,0.0040053785340957,"26986/7538/3192/6556/8531/4904/1432/3183/4615/3184/81892",11,"b1n"
"GO:0006369","GO:0006369","termination of RNA polymerase II transcription","8/931","35/18866",0.000244185939733611,0.00462305999392484,0.00400856617858434,"6636/6635/6634/10914/8106/22916/29101/6637",8,"b1"
"GO:0031099","GO:0031099","regeneration","22/960","201/18866",0.000602152445885072,0.00554124849429401,0.00403029541734398,"301/706/3725/2896/2950/3936/1051/9314/5315/4035/728/5728/4519/8291/3162/4814/6430/1495/8837/136319/1460/6156",22,"b1n"
"GO:00086371","GO:0008637","apoptotic mitochondrial changes","16/960","125/18866",0.000606659064468723,0.00557316075492243,0.00405350604179084,"3725/2537/29108/1191/7529/8743/409/5329/665/27166/64422/7531/6648/7534/7532/55288",16,"b1n"
"GO:0052548","GO:0052548","regulation of endopeptidase activity","39/933","434/18866",0.000243203702009092,0.00468941809974288,0.00407728214097747,"10541/10399/6691/1992/3146/27018/10653/6188/5269/7035/10049/7531/684/5037/5978/2597/5023/3329/3476/10016/51024/1654/1612/96459/56925/334/51065/5062/8767/11315/27429/2149/7415/1457/5134/3965/5270/9097/387",39,"b0"
"GO:0006826","GO:0006826","iron ion transport","12/960","79/18866",0.000617197729297459,0.00566028344902712,0.00411687266307815,"2512/6556/533/51312/8992/9114/9296/2495/9550/10312/537/523",12,"b1n"
"GO:00075662","GO:0007566","embryo implantation","10/960","58/18866",0.000625219992884494,0.00568123991122261,0.00413211484787408,"81671/397/3490/1471/6159/6256/3021/682/3020/7076",10,"b1n"
"GO:00434892","GO:0043489","RNA stabilization","10/960","58/18866",0.000625219992884494,0.00568123991122261,0.00413211484787408,"26986/7538/3192/6556/8531/4904/1432/3183/4615/3184",10,"b1n"
"GO:19023732","GO:1902373","negative regulation of mRNA catabolic process","10/960","58/18866",0.000625219992884494,0.00568123991122261,0.00413211484787408,"26986/7538/3192/6556/8531/4904/1432/3183/4615/3184",10,"b1n"
"GO:0045580","GO:0045580","regulation of T cell differentiation","18/960","150/18866",0.000626272639593553,0.00568123991122261,0.00413211484787408,"301/64115/5788/10875/1378/10288/3965/387/64332/861/3071/4179/27166/6850/3142/604/114548/8876",18,"b1n"
"GO:0035666","GO:0035666","TRIF-dependent toll-like receptor signaling pathway","7/960","30/18866",0.000627802282050055,0.00568123991122261,0.00413211484787408,"929/7321/7311/7099/7323/7316/23643",7,"b1n"
"GO:19033202","GO:1903320","regulation of protein modification by small protein conjugation or removal","25/960","242/18866",0.000630298369571563,0.00568123991122261,0.00413211484787408,"706/409/7321/1499/5728/9349/8291/9636/3320/9111/754/6135/3301/2280/151636/120892/7128/150678/1654/11261/5861/6201/7332/51160/9320",25,"b1n"
"GO:00320692","GO:0032069","regulation of nuclease activity","6/960","22/18866",0.000631131218469464,0.00568123991122261,0.00413211484787408,"3148/4939/4940/4938/8638/7009",6,"b1n"
"GO:00507651","GO:0050765","negative regulation of phagocytosis","6/960","22/18866",0.000631131218469464,0.00568123991122261,0.00413211484787408,"5728/8291/10399/140885/7097/64422",6,"b1n"
"GO:19016851","GO:1901685","glutathione derivative metabolic process","6/960","22/18866",0.000631131218469464,0.00568123991122261,0.00413211484787408,"4257/2950/4259/9446/373156/2098",6,"b1n"
"GO:19016871","GO:1901687","glutathione derivative biosynthetic process","6/960","22/18866",0.000631131218469464,0.00568123991122261,0.00413211484787408,"4257/2950/4259/9446/373156/2098",6,"b1n"
"GO:2000114","GO:2000114","regulation of establishment of cell polarity","6/960","22/18866",0.000631131218469464,0.00568123991122261,0.00413211484787408,"57698/6093/81704/10399/9750/2185",6,"b1n"
"GO:00344011","GO:0034401","chromatin organization involved in regulation of transcription","19/931","156/18866",0.000253167909676086,0.00477416639155971,0.00413958762233001,"3008/3007/9555/8364/3146/3021/3020/3159/8971/10933/3005/3006/94239/7175/57492/54737/3015/9643/92815",19,"b1"
"GO:0016571","GO:0016571","histone methylation","18/933","143/18866",0.000248262288270149,0.00476854564469662,0.00414608072515936,"3008/9555/3007/4602/3006/55183/546/23168/6304/7552/3276/23512/55904/2091/51504/22938/51742/23476",18,"b0"
"GO:0045910","GO:0045910","negative regulation of DNA recombination","9/933","44/18866",0.000252530409777786,0.00482755169322034,0.00419738438432095,"3008/3007/3006/55183/3005/8971/7158/54386/4436",9,"b0"
"GO:1901222","GO:1901222","regulation of NIK/NF-kappaB signaling","16/933","119/18866",0.000253267629880603,0.00482755169322034,0.00419738438432095,"3146/6188/3606/5052/3553/11331/1654/811/27250/51564/81/3987/54386/5245/3965/387",16,"b0"
"GO:00345021","GO:0034502","protein localization to chromosome","13/931","85/18866",0.000257989244052808,0.00484593182431476,0.00420181404528611,"9555/7203/10576/10575/546/10694/10574/6950/7520/908/1736/22948/3550",13,"b1"
"GO:0034134","GO:0034134","toll-like receptor 2 signaling pathway","5/960","15/18866",0.000660777126341344,0.00590844880470218,0.00429736983745151,"4067/7097/1535/7128/118788",5,"b1n"
"GO:0090594","GO:0090594","inflammatory response to wounding","5/960","15/18866",0.000660777126341344,0.00590844880470218,0.00429736983745151,"2896/3091/3162/240/7076",5,"b1n"
"GO:1900225","GO:1900225","regulation of NLRP3 inflammasome complex assembly","5/960","15/18866",0.000660777126341344,0.00590844880470218,0.00429736983745151,"948/7099/5610/1654/647087",5,"b1n"
"GO:2001044","GO:2001044","regulation of integrin-mediated signaling pathway","5/960","15/18866",0.000660777126341344,0.00590844880470218,0.00429736983745151,"967/683/1495/2316/7076",5,"b1n"
"GO:1902175","GO:1902175","regulation of oxidative stress-induced intrinsic apoptotic signaling pathway","7/933","27/18866",0.000262839243247365,0.00497204235142931,0.00432301386920008,"6421/3315/4841/6647/142/11315/27429",7,"b0"
"GO:1903203","GO:1903203","regulation of oxidative stress-induced neuron death","7/933","27/18866",0.000262839243247365,0.00497204235142931,0.00432301386920008,"10399/4841/5978/135112/142/11315/25793",7,"b0"
"GO:0032508","GO:0032508","DNA duplex unwinding","15/931","108/18866",0.000267099323026414,0.00499737596140793,0.00433312833640375,"6233/7314/142/3159/546/6742/301/7311/1654/7520/2547/80205/4172/1653/10146",15,"b1"
"GO:00347241","GO:0034724","DNA replication-independent nucleosome organization","10/931","54/18866",0.000269725201160394,0.00502679271381344,0.00435863503519881,"4869/8364/3021/4678/3020/546/51773/11198/5928/1060",10,"b1"
"GO:0030032","GO:0030032","lamellipodium assembly","11/960","69/18866",0.000678588794007678,0.00605698814555661,0.00440540639732738,"10097/5879/998/55704/7454/10109/10096/832/10163/11344/23191",11,"b1n"
"GO:0030901","GO:0030901","midbrain development","13/960","91/18866",0.000679647132082959,0.00605698814555661,0.00440540639732738,"60/387/998/1340/1499/805/27089/4929/7531/2539/515/59345/522",13,"b1n"
"GO:0032507","GO:0032507","maintenance of protein location in cell","11/933","64/18866",0.000273193781551073,0.00514841413232476,0.00447636285560349,"7295/6500/3192/402/55704/706/10210/10945/23230/11315/23568",11,"b0"
"GO:0006376","GO:0006376","mRNA splice site selection","10/933","54/18866",0.000274406805303016,0.00515183302888444,0.00447933546448334,"51747/6430/11168/27316/7536/10659/6431/8683/6631/10772",10,"b0"
"GO:0048678","GO:0048678","response to axon injury","12/960","80/18866",0.000693115465347849,0.00616677358472837,0.0044852562277114,"706/3725/199/2896/3956/7305/9314/1471/4035/5728/4067/1495",12,"b1n"
"GO:00064572","GO:0006457","protein folding","24/960","230/18866",0.000695299781344746,0.00617596577303736,0.0044919419474468,"2896/5204/2771/1191/2289/2783/3320/5034/3301/2280/821/5478/6902/2782/22948/5887/59345/10491/9403/30001/2773/5768/2923/1460",24,"b1n"
"GO:0035304","GO:0035304","regulation of protein dephosphorylation","17/960","139/18866",0.000705420014504596,0.00625550145093745,0.00454979033278563,"2771/3958/5788/7529/10288/3071/6093/805/5610/23645/945/2280/84919/7531/9749/259282/8036",17,"b1n"
"GO:0048863","GO:0048863","stem cell differentiation","27/931","264/18866",0.000283509689295891,0.0052631312359171,0.00456355961061991,"1021/124540/678/4602/4300/5610/10443/4005/10016/7520/65979/5720/2624/3192/54940/5978/22823/51441/5591/5689/3313/861/4297/5700/5693/5682/29081",27,"b1"
"GO:0016197","GO:0016197","endosomal transport","25/960","244/18866",0.000710912000594202,0.00629380013727375,0.00457764597221245,"2647/1130/7311/27243/7454/10890/8677/6643/8301/7316/23527/51699/23325/57132/55004/7879/120892/51510/81609/404636/54741/58533/54918/51160/10043",25,"b1n"
"GO:0002495","GO:0002495","antigen processing and presentation of peptide antigen via MHC class II","14/960","103/18866",0.000715024296468338,0.00631977817224487,0.00459654047864065,"1509/1520/29108/2207/55016/1211/1175/830/829/832/8905/821/7879/375",14,"b1n"
"GO:0006353","GO:0006353","DNA-templated transcription, termination","12/931","75/18866",0.00028711333901785,0.00530937108703164,0.00460365329392147,"79101/6636/6635/30834/6634/10914/284119/8106/22916/29101/221830/6637",12,"b1"
"GO:00458152","GO:0045815","positive regulation of gene expression, epigenetic","10/960","59/18866",0.000719038971706407,0.00632997639440058,0.0046039579131884,"9555/60/7913/1499/3008/8971/5441/3005/23451/3007",10,"b1n"
"GO:0071385","GO:0071385","cellular response to glucocorticoid stimulus","10/960","59/18866",0.000719038971706407,0.00632997639440058,0.0046039579131884,"301/7538/2950/3192/4537/11214/8837/677/678/7332",10,"b1n"
"GO:0031098","GO:0031098","stress-activated protein kinase signaling cascade","29/960","300/18866",0.000720897591235555,0.00632997639440058,0.0046039579131884,"1843/6386/29108/7538/9839/2950/3965/5052/387/998/5062/7311/7099/4067/653361/1432/5610/7316/140885/6850/3301/5187/9770/10746/677/1326/10221/2185/4616",29,"b1n"
"GO:0070646","GO:0070646","protein modification by small protein removal","29/960","300/18866",0.000720897591235555,0.00632997639440058,0.0046039579131884,"4792/60/5688/387/409/7321/7311/9958/5728/5691/3091/5685/7316/9960/220213/5720/4738/5682/56943/7128/5689/5713/114548/5694/5887/5710/5721/55288/5692",29,"b1n"
"GO:1903706","GO:1903706","regulation of hemopoiesis","43/933","498/18866",0.000284958306923062,0.00532989432499539,0.00463415342423666,"6659/1021/8364/3146/678/3021/4602/3020/222166/2353/3606/2624/27086/10443/6647/3553/861/7001/4005/3205/3148/2778/5683/5695/96459/3276/5682/4778/3692/55904/3313/4211/3725/301/5689/8767/5693/51441/25793/5134/3965/5977/387",43,"b0"
"GO:2001235","GO:2001235","positive regulation of apoptotic signaling pathway","21/933","183/18866",0.000290600746776518,0.00541514973657437,0.00470827997035796,"7029/10399/7314/6154/6201/6135/6188/6421/7531/10971/6647/51024/81618/10955/93974/5728/9774/5062/11315/27429/3965",21,"b0"
"GO:0010821","GO:0010821","regulation of mitochondrion organization","21/960","191/18866",0.000747863337903678,0.00655602419583861,0.00476836841006009,"706/29108/1191/7529/8743/409/5329/665/3091/7323/27166/51100/59286/6773/120892/7531/7534/54741/7532/55288/7332",21,"b1n"
"GO:0009168","GO:0009168","purine ribonucleoside monophosphate biosynthetic process","6/931","20/18866",0.000303225299072043,0.00556418423797199,0.00482459686377785,"3615/353/3251/10606/8833/159",6,"b1"
"GO:00314981","GO:0031498","chromatin disassembly","6/931","20/18866",0.000303225299072043,0.00556418423797199,0.00482459686377785,"6418/3159/11198/6599/92815/6605",6,"b1"
"GO:00726552","GO:0072655","establishment of protein localization to mitochondrion","17/960","140/18866",0.000765737166589896,0.00670176166191647,0.00487436709289731,"706/7529/665/293/7323/3320/51100/59286/140823/3301/120892/7531/7534/54741/7532/7332/26521",17,"b1n"
"GO:0002534","GO:0002534","cytokine production involved in inflammatory response","11/960","70/18866",0.000768741108575039,0.00671709453991056,0.00488551909735585,"29108/64581/23765/7099/1432/23646/140885/240/5187/4615/6774",11,"b1n"
"GO:2000406","GO:2000406","positive regulation of T cell migration","7/960","31/18866",0.000775680090673728,0.00676670518124317,0.00492160221844674,"199/29108/387/81704/102/65125/6868",7,"b1n"
"GO:0032102","GO:0032102","negative regulation of response to external stimulus","38/960","433/18866",0.000787640277793837,0.00684401799964026,0.00497783385974718,"1843/199/2896/11213/29108/2950/5788/302/10875/1378/9314/3965/25939/409/5329/3428/5728/9021/3106/114769/54625/9111/313/7133/140885/11027/5094/5682/240/3105/7132/1652/103/7128/3949/114548/10221/5692",38,"b1n"
"GO:0002367","GO:0002367","cytokine production involved in immune response","14/960","104/18866",0.000788369640965085,0.00684401799964026,0.00497783385974718,"11213/6556/948/2207/1604/7099/684/7133/7097/3162/3105/604/114548/91543",14,"b1n"
"GO:0002504","GO:0002504","antigen processing and presentation of peptide or polysaccharide antigen via MHC class II","14/960","104/18866",0.000788369640965085,0.00684401799964026,0.00497783385974718,"1509/1520/29108/2207/55016/1211/1175/830/829/832/8905/821/7879/375",14,"b1n"
"GO:20012431","GO:2001243","negative regulation of intrinsic apoptotic signaling pathway","14/931","98/18866",0.000314895360722716,0.00575619067436046,0.00499108194248952,"7178/8531/3315/2023/3301/4841/7417/7494/1654/4282/64844/960/3303/51079",14,"b1"
"GO:0002822","GO:0002822","regulation of adaptive immune response based on somatic recombination of immune receptors built from immunoglobulin superfamily domains","18/960","153/18866",0.000792575936467781,0.00686941825387665,0.0049963081310876,"301/10673/5788/6556/1378/2207/7454/64332/3106/5777/7133/3105/3142/7128/604/114548/91543/6778",18,"b1n"
"GO:0018108","GO:0018108","peptidyl-tyrosine phosphorylation","34/960","374/18866",0.000794044289857159,0.00687104454045751,0.00499749097198725,"960/683/3689/5788/948/8826/2268/409/353514/5062/5175/64092/2209/4067/9021/3055/653361/2242/83666/5610/5777/54625/10399/6850/5621/7132/6503/2069/58533/6774/3059/6868/2185/3570",34,"b1n"
"GO:00457871","GO:0045787","positive regulation of cell cycle","36/931","396/18866",0.000320425712404086,0.00583492776290036,0.00505935335374873,"4869/6154/6659/3326/6210/9349/9555/7029/328/894/546/3276/1019/11331/301/5514/199/2069/7175/1164/1654/6421/4282/3192/811/5902/1978/55904/3553/29883/5087/4848/5325/5886/55023/51433",36,"b1"
"GO:0071214","GO:0071214","cellular response to abiotic stimulus","31/960","331/18866",0.000816890023651237,0.00702807113284422,0.00511170053258518,"706/10135/5879/8531/7099/834/3428/5728/5724/8291/1432/2885/114769/1535/5269/7132/6154/4214/150678/10746/2782/9750/4615/1654/677/11261/136319/51311/25836/7520/92241",31,"b1n"
"GO:0104004","GO:0104004","cellular response to environmental stimulus","31/960","331/18866",0.000816890023651237,0.00702807113284422,0.00511170053258518,"706/10135/5879/8531/7099/834/3428/5728/5724/8291/1432/2885/114769/1535/5269/7132/6154/4214/150678/10746/2782/9750/4615/1654/677/11261/136319/51311/25836/7520/92241",31,"b1n"
"GO:0071404","GO:0071404","cellular response to low-density lipoprotein particle stimulus","6/960","23/18866",0.000817430827007417,0.00702807113284422,0.00511170053258518,"3689/948/2207/1066/6850/3949",6,"b1n"
"GO:1902410","GO:1902410","mitotic cytokinetic process","6/960","23/18866",0.000817430827007417,0.00702807113284422,0.00511170053258518,"387/27243/57132/51510/10015/375",6,"b1n"
"GO:19033631","GO:1903363","negative regulation of cellular protein catabolic process","13/931","87/18866",0.000326309048434476,0.0058994957710455,0.00511533902860678,"6125/6135/3326/6201/55353/29997/9349/819/51035/6599/11345/51374/64844",13,"b1"
"GO:19030501","GO:1903050","regulation of proteolysis involved in cellular protein catabolic process","24/931","225/18866",0.00032661771891812,0.0058994957710455,0.00511533902860678,"10399/6125/6135/3326/6201/7314/29997/9349/6613/819/93974/5720/51035/7341/6599/11345/64844/5728/5700/3303/1452/51667/5886/7514",24,"b1"
"GO:2000045","GO:2000045","regulation of G1/S transition of mitotic cell cycle","21/931","185/18866",0.000327681068817241,0.0058994957710455,0.00511533902860678,"1021/6154/6659/7029/328/894/2273/3276/1019/301/199/81853/1654/5720/55904/5591/29883/5728/4848/5325/51065",21,"b1"
"GO:0042542","GO:0042542","response to hydrogen peroxide","18/933","146/18866",0.000321607543905048,0.00597066198610339,0.00519127810059998,"10399/328/4602/7295/6188/1938/3939/1843/847/3329/6647/3840/3066/4540/3725/301/11315/11235",18,"b0"
"GO:0034249","GO:0034249","negative regulation of cellular amide metabolic process","25/933","238/18866",0.000323556602390373,0.00598459878643526,0.00520339565247675,"3646/10399/1153/678/6188/10644/23521/4691/2597/8087/4076/3184/1654/1612/6726/10236/4904/51247/811/7175/3692/29883/7072/51441/1978",25,"b0"
"GO:00226182","GO:0022618","ribonucleoprotein complex assembly","24/960","233/18866",0.000835244163506506,0.00716973589953985,0.00521473703430504,"6209/27335/3320/6135/6169/8666/6136/23405/8667/8661/6208/103/9169/6430/3646/10659/23451/6128/6234/192670/6152/8683/7520/6633",24,"b1n"
"GO:00485452","GO:0048545","response to steroid hormone","32/960","346/18866",0.000838913477893185,0.00718972972667242,0.00522927906936276,"2353/301/1843/706/199/2354/3148/7538/2950/3192/3490/1536/387/4537/409/5724/861/11214/6256/7097/1535/5187/6155/5732/8837/677/10521/3417/2720/8031/678/7332",32,"b1n"
"GO:1903533","GO:1903533","regulation of protein targeting","12/960","82/18866",0.000868526139154546,0.0074316471077578,0.00540523192788702,"3689/665/3684/7323/51100/59286/5621/120892/11261/54741/4924/7332",12,"b1n"
"GO:0097237","GO:0097237","cellular response to toxic substance","16/933","122/18866",0.00033761730396883,0.00622162662738132,0.00540948292434036,"7295/9588/847/2098/4258/9973/5052/6647/2950/7001/51024/2879/4257/10327/11315/128",16,"b0"
"GO:00345991","GO:0034599","cellular response to oxidative stress","30/931","310/18866",0.000349031065499212,0.00626025268231857,0.00542814439023309,"6188/10399/3725/6647/3315/4602/328/8644/7295/5052/142/2950/135112/7001/4841/9588/2353/301/3184/847/199/6421/1612/51389/5978/468/54205/10550/3303/140823",30,"b1"
"GO:0018212","GO:0018212","peptidyl-tyrosine modification","34/960","377/18866",0.000912200355907927,0.00779292183032807,0.00566799651248858,"960/683/3689/5788/948/8826/2268/409/353514/5062/5175/64092/2209/4067/9021/3055/653361/2242/83666/5610/5777/54625/10399/6850/5621/7132/6503/2069/58533/6774/3059/6868/2185/3570",34,"b1n"
"GO:00017322","GO:0001732","formation of cytoplasmic translation initiation complex","5/960","16/18866",0.000921088919744543,0.0077943880984692,0.00566906296777855,"27335/8666/8667/8661/3646",5,"b1n"
"GO:0051014","GO:0051014","actin filament severing","5/960","16/18866",0.000921088919744543,0.0077943880984692,0.00566906296777855,"9535/1072/822/752/4627",5,"b1n"
"GO:0051238","GO:0051238","sequestering of metal ion","5/960","16/18866",0.000921088919744543,0.0077943880984692,0.00566906296777855,"2512/6280/6279/2495/6717",5,"b1n"
"GO:0051770","GO:0051770","positive regulation of nitric-oxide synthase biosynthetic process","5/960","16/18866",0.000921088919744543,0.0077943880984692,0.00566906296777855,"10135/7099/7097/120892/6772",5,"b1n"
"GO:0061684","GO:0061684","chaperone-mediated autophagy","5/960","16/18866",0.000921088919744543,0.0077943880984692,0.00566906296777855,"1191/3920/3320/5476/1915",5,"b1n"
"GO:2000651","GO:2000651","positive regulation of sodium ion transmembrane transporter activity","5/960","16/18866",0.000921088919744543,0.0077943880984692,0.00566906296777855,"2745/11261/81/3799/65125",5,"b1n"
"GO:0038083","GO:0038083","peptidyl-tyrosine autophosphorylation","8/960","41/18866",0.000931662203609837,0.00785906874585971,0.00571610689967174,"8826/2268/4067/3055/2242/6850/6503/2185",8,"b1n"
"GO:0071985","GO:0071985","multivesicular body sorting pathway","8/960","41/18866",0.000931662203609837,0.00785906874585971,0.00571610689967174,"1130/27243/5873/57132/51510/404636/54741/51160",8,"b1n"
"GO:0042267","GO:0042267","natural killer cell mediated cytotoxicity","10/960","61/18866",0.000941570113715328,0.00791774868351526,0.00575878635793222,"3965/5052/1130/409/3106/5777/5873/11151/3105/3916",10,"b1n"
"GO:19039021","GO:1903902","positive regulation of viral life cycle","10/960","61/18866",0.000941570113715328,0.00791774868351526,0.00575878635793222,"26986/3956/3965/27243/3434/5034/9218/5478/103/1654",10,"b1n"
"GO:0045589","GO:0045589","regulation of regulatory T cell differentiation","7/960","32/18866",0.000949770624654214,0.00796174906448415,0.00579078898946245,"64115/1378/10288/3965/861/4179/604",7,"b1n"
"GO:0050869","GO:0050869","negative regulation of B cell activation","7/960","32/18866",0.000949770624654214,0.00796174906448415,0.00579078898946245,"4332/7305/3398/64092/4067/7128/604",7,"b1n"
"GO:0034446","GO:0034446","substrate adhesion-dependent cell spreading","14/960","106/18866",0.000954229897021003,0.00797421089956025,0.00579985280907831,"1955/6281/91663/5879/387/998/10109/5034/64098/2316/5861/11078/81/2633",14,"b1n"
"GO:0046632","GO:0046632","alpha-beta T cell differentiation","14/960","106/18866",0.000954229897021003,0.00797421089956025,0.00579985280907831,"301/5660/3965/387/64332/861/3071/6850/3142/604/114548/91543/6774/6778",14,"b1n"
"GO:1903573","GO:1903573","negative regulation of response to endoplasmic reticulum stress","9/960","51/18866",0.000973446837710388,0.00812214974232695,0.00590745261093952,"1191/2907/23645/10399/240/84919/10956/120892/7009",9,"b1n"
"GO:1901136","GO:1901136","carbohydrate derivative catabolic process","21/960","195/18866",0.0009779472206984,0.00813439820007274,0.00591636123562459,"1462/960/1890/978/5660/200315/1806/1471/25939/3074/2760/2799/7378/51816/313/55577/131870/4245/11261/2720/1486",21,"b1n"
"GO:1905475","GO:1905475","regulation of protein localization to membrane","21/960","195/18866",0.0009779472206984,0.00813439820007274,0.00591636123562459,"3689/60/3958/7529/391/4035/3684/8301/8673/10399/8650/5621/102/7531/9528/11261/7534/246329/2633/7532/3799",21,"b1n"
"GO:00903161","GO:0090316","positive regulation of intracellular protein transport","20/960","182/18866",0.000994772410731731,0.00824087688859709,0.00599380597950251,"3689/7529/998/3684/7323/1432/51100/59286/5621/7531/2316/11261/7534/10541/54741/4946/3059/7532/3799/7332",20,"b1n"
"GO:00434842","GO:0043484","regulation of RNA splicing","18/960","156/18866",0.00099535661208032,0.00824087688859709,0.00599380597950251,"79026/3192/9444/3190/6207/9991/7009/6430/10659/4154/6428/10521/6231/8683/140890/10657/3181/5935",18,"b1n"
"GO:1902904","GO:1902904","negative regulation of supramolecular fiber organization","18/960","156/18866",0.00099535661208032,0.00824087688859709,0.00599380597950251,"91663/9535/1191/822/9168/5062/7454/5216/830/829/11151/832/3949/7114/136319/11078/10163/11344",18,"b1n"
"GO:1903201","GO:1903201","regulation of oxidative stress-induced cell death","12/933","77/18866",0.000376231162886691,0.00690771480682403,0.00600601217843499,"10399/7295/6421/3315/4841/5978/6647/135112/142/11315/27429/25793",12,"b0"
"GO:00000541","GO:0000054","ribosomal subunit export from nucleus","5/931","14/18866",0.000398924907780424,0.00710175647395673,0.0061577961020309,"4869/6209/5901/6059/7514",5,"b1"
"GO:00337501","GO:0033750","ribosome localization","5/931","14/18866",0.000398924907780424,0.00710175647395673,0.0061577961020309,"4869/6209/5901/6059/7514",5,"b1"
"GO:19019881","GO:1901988","negative regulation of cell cycle phase transition","27/931","270/18866",0.000405365702163205,0.0071635209825222,0.00621135091646069,"1021/6154/6659/29997/9555/678/7029/6500/2273/3276/1019/7175/1843/5720/51347/5591/5689/29883/5728/4848/5325/5700/5693/84142/51065/5682/3550",27,"b1"
"GO:00707341","GO:0070734","histone H3-K27 methylation","6/931","21/18866",0.000406898802402749,0.0071635209825222,0.00621135091646069,"3008/3007/9555/3006/22823/23512",6,"b1"
"GO:00801821","GO:0080182","histone H3-K4 trimethylation","6/931","21/18866",0.000406898802402749,0.0071635209825222,0.00621135091646069,"3008/3007/23168/3006/55904/4297",6,"b1"
"GO:0070126","GO:0070126","mitochondrial translational termination","13/931","89/18866",0.000409466242703637,0.00718221854389357,0.0062275632113982,"78988/54948/54460/28977/51023/90480/219927/51258/65008/65003/29074/84545/9553",13,"b1"
"GO:0016485","GO:0016485","protein processing","23/960","223/18866",0.00104228507105681,0.00861611618832013,0.00626672736746019,"1520/2023/5552/29108/831/64115/5230/834/3428/1512/114769/10159/1522/1066/23478/5621/102/4627/10730/120892/9528/3240/1362",23,"b1n"
"GO:0007565","GO:0007565","female pregnancy","21/960","196/18866",0.00104417390309568,0.00861845075401277,0.00626842535834116,"2353/2354/10135/81671/1508/397/3490/3965/1471/3726/1312/5997/10935/6159/6256/3021/824/682/3020/2182/7076",21,"b1n"
"GO:00485241","GO:0048524","positive regulation of viral process","14/960","107/18866",0.00104759367512058,0.00863339488021795,0.00627929461342384,"3725/26986/3956/1072/3965/27243/3434/5441/5034/9218/5478/103/7879/1654",14,"b1n"
"GO:00705852","GO:0070585","protein localization to mitochondrion","17/960","144/18866",0.00105309771833158,0.00866544364854129,0.00630260452349881,"706/7529/665/293/7323/3320/51100/59286/140823/3301/120892/7531/7534/54741/7532/7332/26521",17,"b1n"
"GO:00723321","GO:0072332","intrinsic apoptotic signaling pathway by p53 class mediator","12/931","78/18866",0.000416856146284885,0.00728488060579858,0.00631657950573937,"6154/3094/6135/6201/7314/3190/4282/10210/64844/960/51065/1655",12,"b1"
"GO:00302611","GO:0030261","chromosome condensation","9/931","47/18866",0.000418372937746554,0.00728488060579858,0.00631657950573937,"3008/3007/3021/3020/8971/3005/10051/8815/3006",9,"b1"
"GO:0030177","GO:0030177","positive regulation of Wnt signaling pathway","20/960","183/18866",0.00106480130900312,0.0087483292845356,0.00636288942125344,"9839/5688/5691/5685/10159/3516/7097/5720/5682/120892/7128/1654/8932/5689/5713/5694/5710/5721/65125/5692",20,"b1n"
"GO:0051017","GO:0051017","actin filament bundle assembly","18/960","157/18866",0.00107211130652192,0.00877006383914671,0.00637869753307831,"199/6281/3936/5879/71/387/998/5062/55704/7454/5216/7791/6093/3397/2316/81/10163/2185",18,"b1n"
"GO:00488571","GO:0048857","neural nucleus development","10/960","62/18866",0.00107235076952101,0.00877006383914671,0.00637869753307831,"60/387/998/1340/805/7531/2539/515/59345/522",10,"b1n"
"GO:00713842","GO:0071384","cellular response to corticosteroid stimulus","10/960","62/18866",0.00107235076952101,0.00877006383914671,0.00637869753307831,"301/7538/2950/3192/4537/11214/8837/677/678/7332",10,"b1n"
"GO:0002291","GO:0002291","T cell activation via T cell receptor contact with antigen bound to MHC molecule on antigen presenting cell","4/960","10/18866",0.00109301434909331,0.00887605110714249,0.00645578485391224,"3958/10875/3965/54518",4,"b1n"
"GO:0035376","GO:0035376","sterol import","4/960","10/18866",0.00109301434909331,0.00887605110714249,0.00645578485391224,"948/4035/55004/3949",4,"b1n"
"GO:0070508","GO:0070508","cholesterol import","4/960","10/18866",0.00109301434909331,0.00887605110714249,0.00645578485391224,"948/4035/55004/3949",4,"b1n"
"GO:0097250","GO:0097250","mitochondrial respirasome assembly","4/960","10/18866",0.00109301434909331,0.00887605110714249,0.00645578485391224,"55969/192286/9167/1347",4,"b1n"
"GO:0002791","GO:0002791","regulation of peptide secretion","34/960","381/18866",0.00109358243836369,0.00887605110714249,0.00645578485391224,"301/2597/6279/929/5552/8660/2752/5879/2268/4035/7099/4067/3091/293/27230/80223/90007/945/26253/7097/6850/6717/240/56943/5478/7009/10312/51762/51311/91543/65220/2182/3799/375",34,"b1n"
"GO:0002707","GO:0002707","negative regulation of lymphocyte mediated immunity","8/960","42/18866",0.00110028727292798,0.00887675371317082,0.00645629587771113,"5788/1378/3965/409/3106/5777/3105/604",8,"b1n"
"GO:0034383","GO:0034383","low-density lipoprotein particle clearance","8/960","42/18866",0.00110028727292798,0.00887675371317082,0.00645629587771113,"948/302/1211/1175/10577/3190/3162/3949",8,"b1n"
"GO:0071470","GO:0071470","cellular response to osmotic stress","8/960","42/18866",0.00110028727292798,0.00887675371317082,0.00645629587771113,"706/8531/8291/5269/1654/677/7520/92241",8,"b1n"
"GO:1902622","GO:1902622","regulation of neutrophil migration","8/960","42/18866",0.00110028727292798,0.00887675371317082,0.00645629587771113,"683/5879/391/728/8291/3071/9750/3576",8,"b1n"
"GO:0050708","GO:0050708","regulation of protein secretion","32/960","352/18866",0.00111604092768432,0.00899032969523476,0.00653890266939427,"301/2597/929/5552/8660/2752/5879/2268/4035/7099/4067/3091/293/27230/80223/90007/945/26253/7097/6850/6717/240/56943/5478/7009/10312/51311/91543/65220/2182/3799/375",32,"b1n"
"GO:1903204","GO:1903204","negative regulation of oxidative stress-induced neuron death","6/933","21/18866",0.000411607818920027,0.00752955841643448,0.00654668306552964,"10399/4841/5978/135112/11315/25793",6,"b0"
"GO:0010972","GO:0010972","negative regulation of G2/M transition of mitotic cell cycle","13/960","96/18866",0.00113286809652772,0.00911219990685341,0.00662754207185081,"5688/5691/5685/5720/5682/5689/25949/5713/5694/5710/5721/1112/5692",13,"b1n"
"GO:0010639","GO:0010639","negative regulation of organelle organization","37/933","416/18866",0.000422964289812947,0.00768973271081904,0.00668594891388161,"3925/3008/9555/4869/3178/3007/3021/3020/3159/6418/3006/3192/1843/3005/546/3183/6879/292/91663/10163/7520/9535/56984/96459/7175/142/706/830/8971/5062/57489/26586/27429/54386/550643/7756/3550",37,"b0"
"GO:0072332","GO:0072332","intrinsic apoptotic signaling pathway by p53 class mediator","12/933","78/18866",0.0004249726241166,0.00768973271081904,0.00668594891388161,"7314/6154/3094/6201/6135/3190/51065/22938/10210/4282/754/4436",12,"b0"
"GO:0030261","GO:0030261","chromosome condensation","9/933","47/18866",0.00042498322550782,0.00768973271081904,0.00668594891388161,"3008/3007/3021/3020/3006/3005/8815/10051/8971",9,"b0"
"GO:0071887","GO:0071887","leukocyte apoptotic process","14/960","108/18866",0.0011485100697384,0.00921039839184832,0.00669896440645151,"301/3958/8660/3965/2207/5728/4067/3091/27166/81704/1831/604/3059/6868",14,"b1n"
"GO:1902750","GO:1902750","negative regulation of cell cycle G2/M phase transition","14/960","108/18866",0.0011485100697384,0.00921039839184832,0.00669896440645151,"9555/5688/5691/5685/5720/5682/5689/25949/5713/5694/5710/5721/1112/5692",14,"b1n"
"GO:0090022","GO:0090022","regulation of neutrophil chemotaxis","7/960","33/18866",0.00115319407900307,0.00922039677176073,0.00670623649049237,"683/5879/728/8291/3071/9750/3576",7,"b1n"
"GO:1902745","GO:1902745","positive regulation of lamellipodium organization","7/960","33/18866",0.00115319407900307,0.00922039677176073,0.00670623649049237,"10097/5879/998/10109/10096/10163/11344",7,"b1n"
"GO:00430441","GO:0043044","ATP-dependent chromatin remodeling","13/931","90/18866",0.000457378375764354,0.00793509902098813,0.00688037135599584,"4869/5757/8364/4678/3183/51773/57492/6599/5928/1060/6605/6595/10467",13,"b1"
"GO:00525481","GO:0052548","regulation of endopeptidase activity","38/931","434/18866",0.000462882295915611,0.00800149070222239,0.00693793830262529,"6188/10399/6691/10541/684/5037/3329/1992/3146/5269/10049/10653/551/27018/7531/7035/3336/2597/3476/10016/2537/1654/96459/5720/1612/51024/5978/10542/135228/960/54205/10550/9141/5134/51079/51065/2934/56925",38,"b1"
"GO:00069701","GO:0006970","response to osmotic stress","12/960","85/18866",0.0011999073496143,0.0095796174563701,0.00696750711939255,"706/8531/4519/8291/1831/5269/366/1654/677/7520/2185/92241",12,"b1n"
"GO:0010769","GO:0010769","regulation of cell morphogenesis involved in differentiation","29/960","310/18866",0.0012055115345688,0.00961005851851647,0.00698964770258313,"6281/91663/9839/10097/1072/5879/57142/4035/387/998/5062/5728/57698/10154/1808/10109/5034/3397/102/396/120892/1523/2316/11078/81/2633/51199/11344/23191",29,"b1n"
"GO:0006406","GO:0006406","mRNA export from nucleus","15/933","113/18866",0.000449166968743808,0.00806884835218193,0.00701557647129196,"6430/3181/6428/6431/6427/8106/9295/8683/56943/7175/10250/84248/26019/4116/10921",15,"b0"
"GO:0071427","GO:0071427","mRNA-containing ribonucleoprotein complex export from nucleus","15/933","113/18866",0.000449166968743808,0.00806884835218193,0.00701557647129196,"6430/3181/6428/6431/6427/8106/9295/8683/56943/7175/10250/84248/26019/4116/10921",15,"b0"
"GO:0050792","GO:0050792","regulation of viral process","23/931","217/18866",0.000471562161844598,0.00812210496086851,0.00704252060060525,"684/64710/3725/26986/5610/5478/51773/8815/1654/54737/5245/3312/5978/7155/3609/29883/6993/5438/5886/51495/3434/2934/1655",23,"b1"
"GO:2000514","GO:2000514","regulation of CD4-positive, alpha-beta T cell activation","10/960","63/18866",0.00121761029417334,0.00969210567988125,0.00704932275574038,"301/64115/3965/1604/64332/861/3071/3142/604/114548",10,"b1n"
"GO:1901215","GO:1901215","negative regulation of neuron death","22/960","212/18866",0.00122393646622508,0.00972802835747785,0.00707545026167075,"3725/2896/4671/1051/5538/4035/387/728/409/1499/3091/6093/10399/7133/3162/11151/4929/120892/6648/58533/6774/2185",22,"b1n"
"GO:00319601","GO:0031960","response to corticosteroid","19/931","164/18866",0.000479267025016583,0.00821685329771986,0.00712467505654537,"3490/3329/678/4537/8644/4192/6155/142/2950/11335/2353/301/199/1843/2354/3192/374/5978/1978",19,"b1"
"GO:0043903","GO:0043903","regulation of symbiotic process","24/931","231/18866",0.000480507665073117,0.00821685329771986,0.00712467505654537,"684/64710/3725/26986/5610/5478/2597/51773/8815/1654/54737/5245/3312/5978/7155/3609/29883/6993/5438/5886/51495/3434/2934/1655",24,"b1"
"GO:00422732","GO:0042273","ribosomal large subunit biogenesis","11/960","74/18866",0.00123457361565787,0.0097980583550362,0.00712638491629356,"6129/6165/6135/6169/6136/6154/26156/11224/6128/6152/10412",11,"b1n"
"GO:0044706","GO:0044706","multi-multicellular organism process","23/960","226/18866",0.00124740508142941,0.00986538818198555,0.00717535566598723,"2353/2354/10135/81671/1508/397/3490/3965/1471/3726/3074/5724/1312/5997/10935/6159/6256/3021/824/682/3020/2182/7076",23,"b1n"
"GO:00364731","GO:0036473","cell death in response to oxidative stress","13/960","97/18866",0.00124857382582818,0.00986538818198555,0.00717535566598723,"4170/5660/7295/7099/1499/3091/1545/5034/10399/6421/120892/6648/8876",13,"b1n"
"GO:0071674","GO:0071674","mononuclear cell migration","13/960","97/18866",0.00124857382582818,0.00986538818198555,0.00717535566598723,"301/1843/6283/199/3958/728/5175/4067/1432/120425/140885/1230/3570",13,"b1n"
"GO:0055070","GO:0055070","copper ion homeostasis","5/960","17/18866",0.00125058703065172,0.00986676385212719,0.00717635622697513,"4502/5621/1318/475/375",5,"b1n"
"GO:0000209","GO:0000209","protein polyubiquitination","31/960","340/18866",0.0012627601732546,0.0099371384009586,0.00722754148277893,"26234/5688/7321/55016/7311/1499/5691/7323/8291/5685/57674/3429/9111/26118/7316/5720/5682/54926/151636/7128/1654/9246/5689/5713/5694/5710/5721/10346/7332/9320/5692",31,"b1n"
"GO:2000027","GO:2000027","regulation of animal organ morphogenesis","25/960","254/18866",0.00126321125618896,0.0099371384009586,0.00722754148277893,"5879/5688/387/998/409/1499/5691/10370/5216/5685/5292/1175/3516/6256/5720/5682/7128/6772/8837/5689/5713/5694/5710/5721/5692",25,"b1n"
"GO:1903708","GO:1903708","positive regulation of hemopoiesis","22/931","204/18866",0.000489473920228967,0.00834028597647286,0.00723170115225504,"6659/3725/4602/3146/4192/10443/3606/3276/2353/9840/301/222166/7494/2624/2547/399/3553/5591/861/64332/3303/5134",22,"b1"
"GO:00075661","GO:0007566","embryo implantation","10/931","58/18866",0.000492090015365208,0.00835502300109397,0.00724447934214372,"6159/3490/6647/3021/3020/397/708/811/3553/2288",10,"b1"
"GO:1902369","GO:1902369","negative regulation of RNA catabolic process","11/933","68/18866",0.000470488695999041,0.00842157902444161,0.00732226323711014,"1153/26986/8531/10949/3192/1736/3183/3184/4904/9967/2521",11,"b0"
"GO:0071364","GO:0071364","cellular response to epidermal growth factor stimulus","8/960","43/18866",0.00129240375649282,0.0101481792586776,0.00738103703574199,"7538/2950/8826/3397/8837/677/678/1915",8,"b1n"
"GO:00432802","GO:0043280","positive regulation of cysteine-type endopeptidase activity involved in apoptotic process","16/960","134/18866",0.00129382192226198,0.0101481792586776,0.00738103703574199,"6280/6279/1509/29108/64581/3965/8743/387/834/1512/10399/6850/1654/8837/114548/10541",16,"b1n"
"GO:0032878","GO:0032878","regulation of establishment or maintenance of cell polarity","6/960","25/18866",0.00131444463729865,0.0102649133611459,0.00746594081125579,"57698/6093/81704/10399/9750/2185",6,"b1n"
"GO:0060330","GO:0060330","regulation of response to interferon-gamma","6/960","25/18866",0.00131444463729865,0.0102649133611459,0.00746594081125579,"3460/9021/83666/3459/54625/6772",6,"b1n"
"GO:0060334","GO:0060334","regulation of interferon-gamma-mediated signaling pathway","6/960","25/18866",0.00131444463729865,0.0102649133611459,0.00746594081125579,"3460/9021/83666/3459/54625/6772",6,"b1n"
"GO:0001776","GO:0001776","leukocyte homeostasis","12/960","86/18866",0.00133126896241758,0.0103811889293173,0.00755051108274476,"301/10673/3965/2207/4067/3091/3071/1831/11151/7128/10312/6868",12,"b1n"
"GO:19001801","GO:1900180","regulation of protein localization to nucleus","16/931","127/18866",0.000519950660199221,0.00879675390003718,0.00762749568713303,"3326/142/284/7203/10576/10575/10694/5901/10574/6950/7175/908/1736/22948/10542/55696",16,"b1"
"GO:1901654","GO:1901654","response to ketone","21/960","200/18866",0.00134904397816749,0.0105045296703463,0.00764022003982412,"2353/1843/706/2354/3490/1536/9314/4478/5724/10365/7097/1535/6155/196/2782/5732/8837/3184/2720/8031/1460",21,"b1n"
"GO:1990748","GO:1990748","cellular detoxification","15/933","114/18866",0.000494065763249039,0.00881201579166322,0.00766173411053491,"7295/9588/847/2098/4258/9973/5052/6647/2950/7001/2879/4257/10327/11315/128",15,"b0"
"GO:1902373","GO:1902373","negative regulation of mRNA catabolic process","10/933","58/18866",0.000500438053527389,0.00889390618973588,0.00773293489717356,"1153/26986/8531/10949/3192/3183/3184/4904/9967/2521",10,"b0"
"GO:0006900","GO:0006900","vesicle budding from membrane","14/960","110/18866",0.00137490434629888,0.0106413616339399,0.00773974151704816,"5265/6281/302/4600/4599/8301/1522/23243/9218/2153/7879/51510/5861/375",14,"b1n"
"GO:00325071","GO:0032507","maintenance of protein location in cell","10/960","64/18866",0.00137851749032399,0.0106413616339399,0.00773974151704816,"706/5552/3192/9168/7295/55704/10956/7114/11344/6672",10,"b1n"
"GO:0045453","GO:0045453","bone resorption","10/960","64/18866",0.00137851749032399,0.0106413616339399,0.00773974151704816,"5879/1499/29887/1200/6850/7128/10312/537/9545/2185",10,"b1n"
"GO:0046637","GO:0046637","regulation of alpha-beta T cell differentiation","10/960","64/18866",0.00137851749032399,0.0106413616339399,0.00773974151704816,"301/3965/387/64332/861/3071/6850/3142/604/114548",10,"b1n"
"GO:0046686","GO:0046686","response to cadmium ion","10/960","64/18866",0.00137851749032399,0.0106413616339399,0.00773974151704816,"2353/3725/1536/4502/847/4519/653361/7323/3162/5621",10,"b1n"
"GO:2000401","GO:2000401","regulation of lymphocyte migration","10/960","64/18866",0.00137851749032399,0.0106413616339399,0.00773974151704816,"199/29108/387/4478/81704/102/9750/65125/6868/2185",10,"b1n"
"GO:0009163","GO:0009163","nucleoside biosynthetic process","8/931","39/18866",0.000535891012670097,0.00894631323420688,0.00775717570197863,"262/3615/353/4833/4830/3251/8833/29922",8,"b1"
"GO:0009127","GO:0009127","purine nucleoside monophosphate biosynthetic process","6/931","22/18866",0.000536291256546461,0.00894631323420688,0.00775717570197863,"3615/353/3251/10606/8833/159",6,"b1"
"GO:00320691","GO:0032069","regulation of nuclease activity","6/931","22/18866",0.000536291256546461,0.00894631323420688,0.00775717570197863,"6188/4869/3146/6059/6917/3303",6,"b1"
"GO:19017981","GO:1901798","positive regulation of signal transduction by p53 class mediator","6/931","22/18866",0.000536291256546461,0.00894631323420688,0.00775717570197863,"6154/6135/6201/7314/9349/1655",6,"b1"
"GO:0002756","GO:0002756","MyD88-independent toll-like receptor signaling pathway","7/960","34/18866",0.00138924147218013,0.0107087363480551,0.0077887449143553,"929/7321/7311/7099/7323/7316/23643",7,"b1n"
"GO:0090068","GO:0090068","positive regulation of cell cycle process","29/933","302/18866",0.000510621597754355,0.00904271013895478,0.00786231463507545,"6659/7029/9555/4869/328/6154/6421/3192/9349/199/894/5087/5325/546/3553/11331/1654/7552/2069/3276/7175/55904/301/29899/29883/8766/23137/23476/387",29,"b0"
"GO:0052547","GO:0052547","regulation of peptidase activity","40/933","466/18866",0.000515001297879714,0.00908804410463355,0.00790173090479383,"10541/10399/6691/1992/3146/27018/10653/6188/5269/7035/10049/7531/684/5037/5978/2597/5023/3329/3476/51035/10016/51024/1654/1612/96459/56925/334/51065/5062/8767/11315/27429/2149/7415/1457/5134/3965/5270/9097/387",40,"b0"
"GO:0048545","GO:0048545","response to steroid hormone","32/933","346/18866",0.000520021887170389,0.00914432853707366,0.00795066821563326,"8644/678/3490/10521/7035/2353/3192/4537/1843/199/2354/5978/27086/5931/3329/11335/2950/11331/861/6879/3148/8031/811/6155/142/706/301/4734/11315/5245/1978/387",32,"b0"
"GO:0042113","GO:0042113","B cell activation","30/960","328/18866",0.00142843060380907,0.0109950217925906,0.00799696782952538,"1316/4332/683/3956/7305/10673/5788/8660/3398/7099/64092/4067/3071/684/8935/3516/5777/6850/7462/7128/604/196/10312/359948/677/30011/678/6778/6868/2185",30,"b1n"
"GO:0001516","GO:0001516","prostaglandin biosynthetic process","7/933","30/18866",0.000529265167360807,0.00920958273797865,0.00800740442091814,"8644/10728/3553/301/4282/2171/27306",7,"b0"
"GO:0036475","GO:0036475","neuron death in response to oxidative stress","7/933","30/18866",0.000529265167360807,0.00920958273797865,0.00800740442091814,"10399/4841/5978/135112/142/11315/25793",7,"b0"
"GO:0046457","GO:0046457","prostanoid biosynthetic process","7/933","30/18866",0.000529265167360807,0.00920958273797865,0.00800740442091814,"8644/10728/3553/301/4282/2171/27306",7,"b0"
"GO:00094081","GO:0009408","response to heat","19/931","166/18866",0.000557658765906087,0.00923493548040369,0.00800743448642269,"3326/3490/3329/11168/6647/3320/10049/947/4519/10728/7531/3301/10016/7175/3281/7341/3312/3303/2288",19,"b1"
"GO:00713831","GO:0071383","cellular response to steroid hormone stimulus","22/931","206/18866",0.000559399780724516,0.00923493548040369,0.00800743448642269,"678/4537/8644/142/2950/6879/10521/7035/11335/11331/301/27086/5245/3192/811/51389/5978/1978/861/4848/2288/1655",22,"b1"
"GO:1902806","GO:1902806","regulation of cell cycle G1/S phase transition","22/931","206/18866",0.000559399780724516,0.00923493548040369,0.00800743448642269,"1021/6154/6659/7029/328/894/2273/3276/1019/11331/301/199/81853/1654/5720/55904/5591/29883/5728/4848/5325/51065",22,"b1"
"GO:0051053","GO:0051053","negative regulation of DNA metabolic process","16/933","127/18866",0.000532188550947948,0.00922829730359046,0.00802367606966479,"3008/3178/3007/6188/3006/3192/1843/55183/3005/3183/7520/142/8971/7158/54386/4436",16,"b0"
"GO:0031397","GO:0031397","negative regulation of protein ubiquitination","12/933","80/18866",0.000538552811065632,0.00930634165557704,0.00809153285611266,"6659/6125/6201/6135/6188/819/9349/51035/3301/51160/706/11315",12,"b0"
"GO:1901685","GO:1901685","glutathione derivative metabolic process","6/933","22/18866",0.000542447820477805,0.00930922479541635,0.00809403964359177,"2098/4258/2950/4257/10327/27306",6,"b0"
"GO:1901687","GO:1901687","glutathione derivative biosynthetic process","6/933","22/18866",0.000542447820477805,0.00930922479541635,0.00809403964359177,"2098/4258/2950/4257/10327/27306",6,"b0"
"GO:0000463","GO:0000463","maturation of LSU-rRNA from tricistronic rRNA transcript (SSU-rRNA, 5.8S rRNA, LSU-rRNA)","5/931","15/18866",0.000574173420605403,0.00941368175157517,0.00816242193155808,"6129/11224/285855/84365/8886",5,"b1"
"GO:0071428","GO:0071428","rRNA-containing ribonucleoprotein complex export from nucleus","5/931","15/18866",0.000574173420605403,0.00941368175157517,0.00816242193155808,"4869/6209/5901/6059/7514",5,"b1"
"GO:0007173","GO:0007173","epidermal growth factor receptor signaling pathway","15/960","123/18866",0.00146162765111708,0.0112344302983426,0.00817109591719349,"2537/8826/998/5329/55704/653361/2885/92799/9770/7879/2069/30011/58533/6868/2185",15,"b1n"
"GO:20000591","GO:2000059","negative regulation of ubiquitin-dependent protein catabolic process","9/931","49/18866",0.000577475411212666,0.00943539447566997,0.0081812486159545,"6125/6135/3326/6201/29997/9349/819/51035/6599",9,"b1"
"GO:00063541","GO:0006354","DNA-templated transcription, elongation","15/931","116/18866",0.000582411862849945,0.00948357337084331,0.00822302360697067,"3150/79101/4300/23168/30834/11198/284695/3192/56943/6917/5438/22916/27336/221830/55837",15,"b1"
"GO:0009620","GO:0009620","response to fungus","9/960","54/18866",0.00148491177893879,0.0113970696623842,0.0082893877938801,"2597/6280/6279/6283/64581/23765/23406/7099/6850",9,"b1n"
"GO:19017961","GO:1901796","regulation of signal transduction by p53 class mediator","20/931","180/18866",0.000592912041388939,0.00962171207301574,0.00834280101202481,"6125/6154/6135/6201/7314/29997/9349/6879/3190/51230/8148/11198/64769/4282/8805/1460/5928/64844/960/1655",20,"b1"
"GO:0009266","GO:0009266","response to temperature stimulus","24/933","233/18866",0.000561051920632822,0.00959552497137094,0.00834296745713912,"947/1153/3490/3320/3326/11168/2353/10049/7531/10728/5931/3329/6647/4519/10016/3066/3301/56925/3281/4513/7175/22797/27429/7415",24,"b0"
"GO:0035305","GO:0035305","negative regulation of dephosphorylation","14/960","111/18866",0.00150138172844073,0.0115070185329779,0.00836935649222522,"2771/3958/7529/8826/3071/6093/23645/2280/7531/11261/23307/9749/65125/259282",14,"b1n"
"GO:2000404","GO:2000404","regulation of T cell migration","8/960","44/18866",0.00151027032656497,0.0115586309586606,0.00840689556359538,"199/29108/387/81704/102/9750/65125/6868",8,"b1n"
"GO:0007093","GO:0007093","mitotic cell cycle checkpoint","19/933","166/18866",0.000572340642338939,0.00971739156866227,0.00844892612624241,"6659/7029/6154/29997/1843/7155/5325/25949/1112/56984/51347/3276/7175/51065/29883/5514/7756/4436/3550",19,"b0"
"GO:0071383","GO:0071383","cellular response to steroid hormone stimulus","22/933","206/18866",0.000575623247217465,0.00971739156866227,0.00844892612624241,"8644/678/10521/7035/3192/4537/5978/27086/11335/2950/11331/861/6879/8031/811/142/301/4734/11315/5245/1978/387",22,"b0"
"GO:0006636","GO:0006636","unsaturated fatty acid biosynthetic process","10/933","59/18866",0.000576279879466411,0.00971739156866227,0.00844892612624241,"8644/10728/2950/3553/301/4282/2171/3992/27306/9415",10,"b0"
"GO:1901799","GO:1901799","negative regulation of proteasomal protein catabolic process","10/933","59/18866",0.000576279879466411,0.00971739156866227,0.00844892612624241,"6135/819/3326/29997/6599/51035/6386/11345/11315/9097",10,"b0"
"GO:1903321","GO:1903321","negative regulation of protein modification by small protein conjugation or removal","13/933","92/18866",0.000579096615235358,0.00971739156866227,0.00844892612624241,"6659/6125/6201/6135/6188/819/9349/51035/3301/51160/706/11315/10362",13,"b0"
"GO:0006122","GO:0006122","mitochondrial electron transport, ubiquinol to cytochrome c","5/933","15/18866",0.000579852360324661,0.00971739156866227,0.00844892612624241,"7388/7385/7381/4519/27089",5,"b0"
"GO:2001236","GO:2001236","regulation of extrinsic apoptotic signaling pathway","18/960","162/18866",0.00153595333219071,0.0117277243674371,0.00852988163635443,"2537/4170/3148/29108/2950/3958/5788/8743/5062/5728/3162/55023/7128/1495/1654/8837/6672/2923",18,"b1n"
"GO:0043524","GO:0043524","negative regulation of neuron apoptotic process","17/960","149/18866",0.0015367362964228,0.0117277243674371,0.00852988163635443,"3725/2896/4671/1051/5538/4035/387/728/409/3091/6093/3162/11151/4929/6648/58533/2185",17,"b1n"
"GO:0006354","GO:0006354","DNA-templated transcription, elongation","15/933","116/18866",0.000595457585239294,0.00991238393561678,0.0086184650495161,"79101/3150/3192/284695/23168/30834/221830/4300/6917/11198/56943/2962/27336/10915/23476",15,"b0"
"GO:0034968","GO:0034968","histone lysine methylation","15/933","116/18866",0.000595457585239294,0.00991238393561678,0.0086184650495161,"3008/9555/3007/4602/3006/55183/546/23168/7552/23512/55904/51504/22938/51742/23476",15,"b0"
"GO:0035308","GO:0035308","negative regulation of protein dephosphorylation","10/960","65/18866",0.00155629449374105,0.0118601135780124,0.00862617178274236,"2771/3958/7529/3071/6093/23645/2280/7531/9749/259282",10,"b1n"
"GO:0097191","GO:0097191","extrinsic apoptotic signaling pathway","23/960","230/18866",0.00157420205011618,0.0119795659558487,0.00871305263125149,"2537/4170/3148/29108/2950/3958/5788/8743/5062/5728/3429/597/7133/3162/7132/55023/7128/1495/1654/8837/3570/6672/2923",23,"b1n"
"GO:00109501","GO:0010950","positive regulation of endopeptidase activity","20/931","181/18866",0.000636420993585107,0.0102927612216764,0.00892465478961452,"6188/10399/10541/3329/3146/27018/3336/10016/1654/5720/1612/51024/5978/54205/10550/9141/5134/51079/51065/2934",20,"b1"
"GO:1903038","GO:1903038","negative regulation of leukocyte cell-cell adhesion","16/960","137/18866",0.00163497307860918,0.0123800731149159,0.00900435199627083,"301/64115/1051/3958/10875/10288/9314/3965/861/5777/5621/5573/3142/604/9750/65125",16,"b1n"
"GO:0002507","GO:0002507","tolerance induction","6/960","26/18866",0.00163606185246512,0.0123800731149159,0.00900435199627083,"11213/10288/3965/4067/3106/7128",6,"b1n"
"GO:0051156","GO:0051156","glucose 6-phosphate metabolic process","6/960","26/18866",0.00163606185246512,0.0123800731149159,0.00900435199627083,"7086/6888/5226/5223/25796/2539",6,"b1n"
"GO:0090023","GO:0090023","positive regulation of neutrophil chemotaxis","6/960","26/18866",0.00163606185246512,0.0123800731149159,0.00900435199627083,"5879/728/8291/3071/9750/3576",6,"b1n"
"GO:0045628","GO:0045628","regulation of T-helper 2 cell differentiation","4/960","11/18866",0.00164868492080894,0.012413963578351,0.00902900141952168,"301/3142/604/114548",4,"b1n"
"GO:0070142","GO:0070142","synaptic vesicle budding","4/960","11/18866",0.00164868492080894,0.012413963578351,0.00902900141952168,"4600/4599/8301/375",4,"b1n"
"GO:0140052","GO:0140052","cellular response to oxidised low-density lipoprotein particle stimulus","4/960","11/18866",0.00164868492080894,0.012413963578351,0.00902900141952168,"948/968/7099/4615",4,"b1n"
"GO:0010810","GO:0010810","regulation of cell-substrate adhesion","22/960","217/18866",0.00165307460621721,0.012413963578351,0.00902900141952168,"6281/91663/683/3956/948/8826/5879/4035/71/387/998/5728/6093/10109/5034/4814/604/2316/11078/81/2633/2185",22,"b1n"
"GO:1900221","GO:1900221","regulation of amyloid-beta clearance","5/960","18/18866",0.00165963817942413,0.012413963578351,0.00902900141952168,"1191/4035/6093/3459/4043",5,"b1n"
"GO:0032509","GO:0032509","endosome transport via multivesicular body sorting pathway","7/960","35/18866",0.00166136548914371,0.012413963578351,0.00902900141952168,"1130/27243/57132/51510/404636/54741/51160",7,"b1n"
"GO:0032735","GO:0032735","positive regulation of interleukin-12 production","7/960","35/18866",0.00166136548914371,0.012413963578351,0.00902900141952168,"948/64581/3965/7099/1432/7097/6850",7,"b1n"
"GO:0045066","GO:0045066","regulatory T cell differentiation","7/960","35/18866",0.00166136548914371,0.012413963578351,0.00902900141952168,"64115/1378/10288/3965/861/4179/604",7,"b1n"
"GO:0050779","GO:0050779","RNA destabilization","7/960","35/18866",0.00166136548914371,0.012413963578351,0.00902900141952168,"7538/6093/7133/9698/677/3184/678",7,"b1n"
"GO:00459311","GO:0045931","positive regulation of mitotic cell cycle","19/931","168/18866",0.000646891823542359,0.0104267597639209,0.009040842341826,"9555/328/894/1019/11331/301/5514/199/2069/7175/1654/3192/5902/1978/55904/3553/5087/55023/51433",19,"b1"
"GO:0061077","GO:0061077","chaperone-mediated protein folding","10/931","60/18866",0.000650473324031643,0.0104491859560773,0.00906028766062151,"6767/3315/10576/10728/3336/3312/3313/9141/3303/2288",10,"b1"
"GO:0010950","GO:0010950","positive regulation of endopeptidase activity","20/933","181/18866",0.00065363562724786,0.0108273352335969,0.00941398263992312,"10541/10399/3146/27018/6188/5978/5023/3329/10016/51024/1654/1612/51065/8767/27429/2149/7415/5134/3965/387",20,"b0"
"GO:1902253","GO:1902253","regulation of intrinsic apoptotic signaling pathway by p53 class mediator","7/933","31/18866",0.000654756756216713,0.0108273352335969,0.00941398263992312,"7314/6154/6201/6135/3190/4282/754",7,"b0"
"GO:0002228","GO:0002228","natural killer cell mediated immunity","10/960","66/18866",0.00175221618077126,0.013074603351652,0.00950950206005278,"3965/5052/1130/409/3106/5777/5873/11151/3105/3916",10,"b1n"
"GO:0045931","GO:0045931","positive regulation of mitotic cell cycle","19/933","168/18866",0.000663790620344605,0.0109404962310263,0.00951237209977939,"9555/328/3192/199/894/5087/3553/11331/1654/2069/23326/7175/55904/301/8766/23137/5514/23476/1978",19,"b0"
"GO:00313301","GO:0031330","negative regulation of cellular catabolic process","26/931","265/18866",0.000685475246795121,0.01097450470624,0.00951578141965675,"6125/6135/3326/6201/55353/1153/29997/9349/8531/26986/819/4904/10949/3183/9967/3184/8148/1736/3192/51035/2521/6599/11345/51374/64844/10492",26,"b1"
"GO:0034122","GO:0034122","negative regulation of toll-like receptor signaling pathway","8/960","45/18866",0.0017562506295404,0.0130865064270614,0.00951815947910272,"929/11213/409/7099/4067/23643/11027/7128",8,"b1n"
"GO:19019911","GO:1901991","negative regulation of mitotic cell cycle phase transition","25/931","251/18866",0.000692390124304919,0.011024349736425,0.00955900108421497,"1021/6154/6659/29997/678/7029/6500/2273/3276/1019/7175/1843/5720/51347/5591/5689/29883/5728/4848/5325/5700/5693/51065/5682/3550",25,"b1"
"GO:00420261","GO:0042026","protein refolding","6/931","23/18866",0.000695520702298033,0.011024349736425,0.00955900108421497,"6767/3329/3320/3312/3313/3303",6,"b1"
"GO:00480261","GO:0048026","positive regulation of mRNA splicing, via spliceosome","6/931","23/18866",0.000695520702298033,0.011024349736425,0.00955900108421497,"1153/27316/4691/9588/9967/3312",6,"b1"
"GO:19038291","GO:1903829","positive regulation of cellular protein localization","31/931","338/18866",0.000700245263824673,0.0110624839526739,0.00959206652781794,"10399/3326/10541/7029/54741/142/7203/10576/10971/7531/10575/54543/10694/5901/10574/5108/6950/7175/908/1736/2770/51024/22948/79752/3553/10542/9141/163882/6844/163/55696",31,"b1"
"GO:20010562","GO:2001056","positive regulation of cysteine-type endopeptidase activity","17/960","151/18866",0.00177681828909154,0.0132214009999669,0.0096162718412473,"6280/6279/1509/29108/64581/3965/8743/387/834/3428/1512/10399/6850/1654/8837/114548/10541",17,"b1n"
"GO:00480242","GO:0048024","regulation of mRNA splicing, via spliceosome","14/960","113/18866",0.00178353991954704,0.0132530355517588,0.00963928048077106,"3192/9444/3190/9991/6430/10659/4154/6428/10521/8683/140890/10657/3181/5935",14,"b1n"
"GO:0042102","GO:0042102","positive regulation of T cell proliferation","13/960","101/18866",0.00181437202440791,0.0134634936527641,0.00979235217948622,"301/199/29108/10673/5788/10288/3965/1604/3071/4179/6850/11151/3105",13,"b1n"
"GO:0019693","GO:0019693","ribose phosphate metabolic process","37/933","427/18866",0.00069032723975835,0.0113404415636618,0.00986011033242104,"3094/7086/4833/517/3615/2023/26137/3939/506/2982/9200/2597/509/4508/79621/25874/4354/539/498/84836/4513/7175/10632/142/522/3692/518/84320/7167/30968/513/5901/204/7415/8833/515/387",37,"b0"
"GO:0009743","GO:0009743","response to carbohydrate","23/960","233/18866",0.00186504190838119,0.0138203727050623,0.0100519196777684,"10135/3956/2950/8660/2752/64581/5879/1471/3939/4035/387/847/5728/4067/3091/10399/1535/6717/56943/677/65220/3799/2185",23,"b1n"
"GO:1903902","GO:1903902","positive regulation of viral life cycle","10/931","61/18866",0.000744179781103677,0.011717761503781,0.0101602450572779,"64710/26986/5478/1654/3312/7155/29883/5886/51495/3434",10,"b1"
"GO:0043367","GO:0043367","CD4-positive, alpha-beta T cell differentiation","11/960","78/18866",0.0019108462398969,0.0141207852300921,0.0102704175892385,"301/3965/64332/861/3071/3142/604/114548/91543/6774/6778",11,"b1n"
"GO:0050688","GO:0050688","regulation of defense response to virus","11/960","78/18866",0.0019108462398969,0.0141207852300921,0.0102704175892385,"29108/10875/9958/83666/3434/5094/151636/7128/6772/9698/340061",11,"b1n"
"GO:1903900","GO:1903900","regulation of viral life cycle","18/931","157/18866",0.000755648180658962,0.0118592022036971,0.0102828855609062,"684/64710/26986/5610/5478/8815/1654/54737/5245/3312/7155/3609/29883/5886/51495/3434/2934/1655",18,"b1"
"GO:0006458","GO:0006458","'de novo' protein folding","8/931","41/18866",0.000762703614899688,0.011891695904204,0.0103110602220701,"6767/3329/10576/10728/3336/3312/3313/3303",8,"b1"
"GO:0033574","GO:0033574","response to testosterone","8/931","41/18866",0.000762703614899688,0.011891695904204,0.0103110602220701,"551/4678/1019/1843/4830/811/51389/1460",8,"b1"
"GO:0031295","GO:0031295","T cell costimulation","9/960","56/18866",0.00193207990006821,0.0142580586848225,0.0103702601745499,"3956/10673/5879/998/5062/4067/2885/5777/1326",9,"b1n"
"GO:0043200","GO:0043200","response to amino acid","14/960","114/18866",0.00194033583618187,0.0142993156059282,0.0104002674157406,"2950/1051/1072/1536/389541/387/4067/1535/824/10542/28956/55004/7009/3184",14,"b1n"
"GO:00313961","GO:0031396","regulation of protein ubiquitination","22/931","211/18866",0.000773422433348026,0.0120195388583174,0.0104219103825055,"6188/6125/6659/6135/3326/6201/6187/7314/9349/6500/3320/819/284/3301/10016/1654/51035/10210/9111/64844/5728/3303",22,"b1"
"GO:0048146","GO:0048146","positive regulation of fibroblast proliferation","9/931","51/18866",0.000782966041275084,0.012128347347154,0.0105162561251233,"1021/3725/4602/1019/79621/2069/4282/5591/4724",9,"b1"
"GO:00422552","GO:0042255","ribosome assembly","10/960","67/18866",0.00196760936805222,0.0144605811775345,0.0105175600971443,"6209/6135/6169/6136/6208/1654/6128/6234/6152/7520",10,"b1n"
"GO:0072678","GO:0072678","T cell migration","10/960","67/18866",0.00196760936805222,0.0144605811775345,0.0105175600971443,"199/29108/387/64005/4478/81704/102/9750/65125/6868",10,"b1n"
"GO:0006007","GO:0006007","glucose catabolic process","7/960","36/18866",0.00197317005413032,0.0144618269677721,0.0105184661930703,"2597/2023/5315/5223/7167/5230/83440",7,"b1n"
"GO:2000516","GO:2000516","positive regulation of CD4-positive, alpha-beta T cell activation","7/960","36/18866",0.00197317005413032,0.0144618269677721,0.0105184661930703,"301/3965/1604/64332/3071/3142/114548",7,"b1n"
"GO:0042058","GO:0042058","regulation of epidermal growth factor receptor signaling pathway","12/960","90/18866",0.00198122446283295,0.0145010494448824,0.0105469937297648,"2537/998/5329/55704/653361/2885/92799/7879/2069/30011/58533/6868",12,"b1n"
"GO:1903076","GO:1903076","regulation of protein localization to plasma membrane","13/960","102/18866",0.00198480913454998,0.0145074945597556,0.0105516814309146,"60/3958/391/4035/8301/8673/10399/8650/5621/9528/246329/2633/3799",13,"b1n"
"GO:00345042","GO:0034504","protein localization to nucleus","26/960","277/18866",0.00200881294475751,0.0146629679573116,0.0106647613121605,"4792/3192/948/2752/8021/7295/9349/83666/1432/754/6135/6850/2634/114882/10542/151636/120892/7531/22948/2316/11261/6774/3059/81603/6612/6672",26,"b1n"
"GO:19021751","GO:1902175","regulation of oxidative stress-induced intrinsic apoptotic signaling pathway","6/960","27/18866",0.00201409133197215,0.0146815217337372,0.010678255960556,"4170/3091/5034/6421/6648/8876",6,"b1n"
"GO:0045861","GO:0045861","negative regulation of proteolysis","33/933","369/18866",0.000770109808423326,0.0126096012566101,0.010963599515949,"6691/1992/27018/10653/6125/6201/6135/5269/819/3326/7035/10049/29997/7531/684/9349/5037/6599/2597/3476/51035/6386/1654/96459/56925/334/9528/5062/11345/11315/1457/5270/9097",33,"b0"
"GO:0010038","GO:0010038","response to metal ion","32/960","366/18866",0.00209056023064425,0.0152182573099137,0.0110686378276058,"2353/1843/706/3725/6279/2354/929/3727/1536/8826/4512/3726/3398/4502/847/5728/3091/4519/653361/7323/805/513/3162/29957/5621/120892/682/366/2539/10312/3184/2185",32,"b1n"
"GO:0042063","GO:0042063","gliogenesis","28/960","307/18866",0.00210779480020308,0.0153087560781454,0.0111344599561848,"301/706/7431/6280/6279/2896/2950/1191/57142/3398/4035/387/728/3074/7099/1499/5728/4067/3459/7133/7097/23405/79143/3949/9334/6774/1938/2185",28,"b1n"
"GO:0007032","GO:0007032","endosome organization","11/960","79/18866",0.00212011291072918,0.0153087560781454,0.0111344599561848,"27243/29887/5873/23325/57132/55004/7879/51510/84376/10015/51160",11,"b1n"
"GO:0032272","GO:0032272","negative regulation of protein polymerization","11/960","79/18866",0.00212011291072918,0.0153087560781454,0.0111344599561848,"91663/822/9168/5216/830/829/832/7114/136319/11078/11344",11,"b1n"
"GO:0050672","GO:0050672","negative regulation of lymphocyte proliferation","11/960","79/18866",0.00212011291072918,0.0153087560781454,0.0111344599561848,"7940/4332/7305/64115/1051/10288/3965/4067/5777/5621/5573",11,"b1n"
"GO:0070373","GO:0070373","negative regulation of ERK1 and ERK2 cascade","11/960","79/18866",0.00212011291072918,0.0153087560781454,0.0111344599561848,"1843/2950/5788/1848/9314/7099/5728/4067/140885/8661/2633",11,"b1n"
"GO:0071260","GO:0071260","cellular response to mechanical stimulus","11/960","79/18866",0.00212011291072918,0.0153087560781454,0.0111344599561848,"5879/7099/834/1535/7132/4214/10746/9750/4615/136319/51311",11,"b1n"
"GO:00488631","GO:0048863","stem cell differentiation","25/960","264/18866",0.00215201541505549,0.0155182294378665,0.0112868154267271,"9839/1072/5788/3192/4005/5688/5691/3091/861/5685/5610/3516/5720/5682/9698/5689/5713/5694/5710/5721/6774/309/678/7520/5692",25,"b1n"
"GO:0007039","GO:0007039","protein catabolic process in the vacuole","5/960","19/18866",0.00215891335712287,0.0155262334597375,0.0112926369618378,"5660/3920/4035/3949/10312",5,"b1n"
"GO:1990182","GO:1990182","exosomal secretion","5/960","19/18866",0.00215891335712287,0.0155262334597375,0.0112926369618378,"6386/27243/5873/7879/10015",5,"b1n"
"GO:0008630","GO:0008630","intrinsic apoptotic signaling pathway in response to DNA damage","13/960","103/18866",0.00216822250005066,0.0155514889208179,0.0113110059213169,"4170/960/29108/1191/3428/597/3190/7133/7178/51246/3162/7132/6154",13,"b1n"
"GO:0048661","GO:0048661","positive regulation of smooth muscle cell proliferation","13/960","103/18866",0.00216822250005066,0.0155514889208179,0.0113110059213169,"3725/199/10135/2771/3398/4835/5724/1535/3162/6772/2069/2773/3570",13,"b1n"
"GO:20012441","GO:2001244","positive regulation of intrinsic apoptotic signaling pathway","10/931","62/18866",0.000848720945457318,0.0131043612646501,0.0113625389734194,"6188/10399/6154/6135/6201/7314/6647/6421/51024/9774",10,"b1"
"GO:0060760","GO:0060760","positive regulation of response to cytokine stimulus","9/960","57/18866",0.00219276813332551,0.0156860686355985,0.0114088892788863,"7099/834/3091/83666/54625/7097/10555/837/6868",9,"b1n"
"GO:0006625","GO:0006625","protein targeting to peroxisome","10/960","68/18866",0.00220385180481529,0.0156860686355985,0.0114088892788863,"7321/7311/847/7323/7316/1891/51762/373156/6342/3417",10,"b1n"
"GO:0034381","GO:0034381","plasma lipoprotein particle clearance","10/960","68/18866",0.00220385180481529,0.0156860686355985,0.0114088892788863,"948/302/1211/1175/10577/3190/4043/3162/3949/3069",10,"b1n"
"GO:0072662","GO:0072662","protein localization to peroxisome","10/960","68/18866",0.00220385180481529,0.0156860686355985,0.0114088892788863,"7321/7311/847/7323/7316/1891/51762/373156/6342/3417",10,"b1n"
"GO:0072663","GO:0072663","establishment of protein localization to peroxisome","10/960","68/18866",0.00220385180481529,0.0156860686355985,0.0114088892788863,"7321/7311/847/7323/7316/1891/51762/373156/6342/3417",10,"b1n"
"GO:0030010","GO:0030010","establishment of cell polarity","16/960","141/18866",0.00220452856500303,0.0156860686355985,0.0114088892788863,"1072/387/998/4478/57698/10890/6093/3320/81704/10399/6993/4627/9750/10312/81609/2185",16,"b1n"
"GO:0051444","GO:0051444","negative regulation of ubiquitin-protein transferase activity","5/933","16/18866",0.000809263564932031,0.0132073929518646,0.0114833581195206,"6125/6201/6135/9349/11315",5,"b0"
"GO:20000581","GO:2000058","regulation of ubiquitin-dependent protein catabolic process","18/931","159/18866",0.000877084918290916,0.013498619823116,0.0117043929673457,"10399/6125/6135/3326/6201/29997/9349/6613/819/51035/7341/6599/5728/3303/1452/51667/5886/7514",18,"b1"
"GO:0009259","GO:0009259","ribonucleotide metabolic process","36/933","416/18866",0.000829466686569685,0.0134930183476515,0.0117316992357276,"3094/4833/517/3615/2023/26137/3939/506/2982/9200/2597/509/4508/79621/25874/4354/539/498/84836/4513/7175/10632/142/522/3692/518/84320/7167/30968/513/5901/204/7415/8833/515/387",36,"b0"
"GO:0009150","GO:0009150","purine ribonucleotide metabolic process","35/933","401/18866",0.000837206867877553,0.0135609566308299,0.0117907691550225,"3094/4833/517/3615/2023/26137/3939/506/2982/9200/2597/509/4508/25874/4354/539/498/84836/4513/7175/10632/142/522/3692/518/84320/7167/30968/513/5901/204/7415/8833/515/387",35,"b0"
"GO:0045930","GO:0045930","negative regulation of mitotic cell cycle","31/933","341/18866",0.000839074008595603,0.0135609566308299,0.0117907691550225,"6659/1021/7029/678/6154/2273/6500/29997/1843/7155/5325/25949/546/1112/5683/56984/5695/51347/3276/5682/7175/5728/51065/29883/5689/5693/5514/25793/7756/4436/3550",31,"b0"
"GO:19046661","GO:1904666","regulation of ubiquitin protein ligase activity","6/931","24/18866",0.00088899273673011,0.0136378917908018,0.0118251530050747,"6125/6135/6201/9349/6500/5728",6,"b1"
"GO:1903828","GO:1903828","negative regulation of cellular protein localization","14/960","116/18866",0.00228829396937651,0.0162605260208013,0.0118267072073596,"9555/948/7295/8301/8650/3301/10956/120892/9750/9528/11261/54741/2633/6672",14,"b1n"
"GO:0050864","GO:0050864","regulation of B cell activation","20/960","195/18866",0.00229339231329357,0.0162751980963228,0.0118373785928422,"4332/683/7305/10673/5788/8660/3398/7099/64092/4067/3071/5777/6850/7128/604/196/677/30011/678/6778",20,"b1n"
"GO:0009612","GO:0009612","response to mechanical stimulus","21/960","209/18866",0.0023228043608094,0.0164404292819821,0.0119575555693938,"2353/3725/2354/4792/56729/5879/387/7099/834/1432/1535/7132/4214/10746/9750/4615/6772/8932/136319/51311/2185",21,"b1n"
"GO:0035303","GO:0035303","regulation of dephosphorylation","21/960","209/18866",0.0023228043608094,0.0164404292819821,0.0119575555693938,"2771/3958/5788/7529/8826/10288/3071/6093/805/5610/23645/945/2280/84919/7531/11261/23307/9749/65125/259282/8036",21,"b1n"
"GO:0060969","GO:0060969","negative regulation of gene silencing","7/960","37/18866",0.00232839874504476,0.0164583126049606,0.0119705625794063,"283131/3008/8971/103/3005/6774/3007",7,"b1n"
"GO:0032480","GO:0032480","negative regulation of type I interferon production","8/960","47/18866",0.00234250553690261,0.0165145101254698,0.0120114365105443,"29108/9636/9111/140885/5094/7128/9246/8887",8,"b1n"
"GO:0070849","GO:0070849","response to epidermal growth factor","8/960","47/18866",0.00234250553690261,0.0165145101254698,0.0120114365105443,"7538/2950/8826/3397/8837/677/678/1915",8,"b1n"
"GO:0032945","GO:0032945","negative regulation of mononuclear cell proliferation","11/960","80/18866",0.00234760525709431,0.0165287430502769,0.0120217884901901,"7940/4332/7305/64115/1051/10288/3965/4067/5777/5621/5573",11,"b1n"
"GO:0000041","GO:0000041","transition metal ion transport","15/960","129/18866",0.00235209554608235,0.0165386534793339,0.0120289966052663,"2512/6556/533/51312/8992/9114/9296/2495/1318/475/9550/10312/55858/537/523",15,"b1n"
"GO:0002456","GO:0002456","T cell mediated immunity","13/960","104/18866",0.00236534433706288,0.0165868829448799,0.0120640751609692,"5788/6556/1604/64005/7454/1512/3106/4179/5873/7133/3105/114548/91543",13,"b1n"
"GO:0032231","GO:0032231","regulation of actin filament bundle assembly","13/960","104/18866",0.00236534433706288,0.0165868829448799,0.0120640751609692,"6281/5879/71/387/998/5062/55704/7454/5216/6093/3397/2316/10163",13,"b1n"
"GO:0046689","GO:0046689","response to mercury ion","4/960","12/18866",0.00237399268529129,0.0165868829448799,0.0120640751609692,"4519/7323/682/366",4,"b1n"
"GO:20007672","GO:2000767","positive regulation of cytoplasmic translation","4/960","12/18866",0.00237399268529129,0.0165868829448799,0.0120640751609692,"5315/7555/8531/1938",4,"b1n"
"GO:00069132","GO:0006913","nucleocytoplasmic transport","31/960","354/18866",0.00237441306648048,0.0165868829448799,0.0120640751609692,"4792/3267/948/8021/4600/7295/6209/11214/9349/1432/3429/754/6850/6741/8125/56943/120892/7531/6430/2316/11261/6428/8683/10541/6774/10657/3059/3181/10250/6633/6672",31,"b1n"
"GO:0031341","GO:0031341","regulation of cell killing","12/960","92/18866",0.00239246976479019,0.0166912877608575,0.012140011522931,"2597/7305/5788/64581/3965/1604/409/3684/3106/6850/3105/3916",12,"b1n"
"GO:0006970","GO:0006970","response to osmotic stress","12/931","85/18866",0.000921159087174744,0.0140860577080471,0.0122137490303534,"3326/8531/5269/551/4519/1831/9053/1654/7520/2547/23209/310",12,"b1"
"GO:0044774","GO:0044774","mitotic DNA integrity checkpoint","14/933","108/18866",0.000873463975188919,0.0140712228777208,0.0122344274962794,"6659/7029/6154/29997/7155/5325/25949/1112/51347/3276/51065/29883/5514/4436",14,"b0"
"GO:00422542","GO:0042254","ribosome biogenesis","28/960","310/18866",0.00242560402673167,0.0169004748096304,0.0122921587520086,"2752/6203/55505/6209/5728/6129/22803/6229/6165/6135/6169/6136/6155/6208/6154/26156/131870/1654/11224/6128/6201/6234/10521/6152/10412/6202/7520/401466",28,"b1n"
"GO:19033201","GO:1903320","regulation of protein modification by small protein conjugation or removal","24/931","242/18866",0.000931846651327897,0.0141981434031316,0.0123109363753174,"6188/6125/6659/6135/3326/6201/6187/7314/29997/9349/6500/3320/819/284/3301/10016/1654/51035/10210/9111/64844/5728/3303/10054",24,"b1"
"GO:00525471","GO:0052547","regulation of peptidase activity","39/931","466/18866",0.000934440794085794,0.0141981434031316,0.0123109363753174,"6188/10399/6691/10541/684/5037/3329/1992/3146/5269/10049/10653/551/27018/7531/7035/3336/2597/3476/10016/2537/1654/96459/5720/51035/1612/51024/5978/10542/135228/960/54205/10550/9141/5134/51079/51065/2934/56925",39,"b1"
"GO:0018394","GO:0018394","peptidyl-lysine acetylation","19/933","172/18866",0.000884984083852357,0.0142109662853977,0.0123559294157758,"6659/23741/6418/2624/3553/6879/3066/23522/10933/64769/9678/23326/10856/51773/8520/11315/51230/51147/5977",19,"b0"
"GO:2000058","GO:2000058","regulation of ubiquitin-dependent protein catabolic process","18/933","159/18866",0.000898826743653494,0.0143443224240123,0.0124718778321461,"10399/6613/6125/6201/6135/819/3326/29997/9349/6599/51035/6386/5728/1452/11315/7415/1457/9097",18,"b0"
"GO:1904666","GO:1904666","regulation of ubiquitin protein ligase activity","6/933","24/18866",0.000899033423851793,0.0143443224240123,0.0124718778321461,"6125/6201/6135/6500/9349/5728",6,"b0"
"GO:0031294","GO:0031294","lymphocyte costimulation","9/960","58/18866",0.00248068513871263,0.0172171871275828,0.0125225119305341,"3956/10673/5879/998/5062/4067/2885/5777/1326",9,"b1n"
"GO:1903749","GO:1903749","positive regulation of establishment of protein localization to mitochondrion","9/960","58/18866",0.00248068513871263,0.0172171871275828,0.0125225119305341,"7529/7323/51100/59286/7531/7534/54741/7532/7332",9,"b1n"
"GO:0043666","GO:0043666","regulation of phosphoprotein phosphatase activity","14/960","117/18866",0.00248068698035816,0.0172171871275828,0.0125225119305341,"2771/3958/5788/3071/6093/805/5610/23645/945/2280/84919/9749/259282/8036",14,"b1n"
"GO:19030511","GO:1903051","negative regulation of proteolysis involved in cellular protein catabolic process","11/931","74/18866",0.000962949756130458,0.0145492589723213,0.0126153819151282,"6125/6135/3326/6201/29997/9349/819/51035/6599/11345/64844",11,"b1"
"GO:00506851","GO:0050685","positive regulation of mRNA processing","7/931","33/18866",0.000963648257231928,0.0145492589723213,0.0126153819151282,"1153/27316/4691/9588/9967/3312/22916",7,"b1"
"GO:0009113","GO:0009113","purine nucleobase biosynthetic process","4/931","10/18866",0.000974009016585667,0.0146592965871616,0.0127107934092036,"353/3251/10606/8833",4,"b1"
"GO:0008286","GO:0008286","insulin receptor signaling pathway","16/960","143/18866",0.00254614784000474,0.01764868625533,0.0128363525675202,"2771/8660/533/9021/64397/8992/9114/2885/9296/5791/114882/55023/9550/10312/537/523",16,"b1n"
"GO:0031668","GO:0031668","cellular response to extracellular stimulus","24/960","253/18866",0.00255189457553033,0.0176656959970583,0.012848724198969,"2353/3725/199/10135/2950/5788/2752/3920/968/432/3428/4067/7378/1312/7071/2242/5292/5610/51100/3162/4929/81631/120892/23710",24,"b1n"
"GO:0061458","GO:0061458","reproductive system development","37/960","447/18866",0.00255878380350195,0.017690560703335,0.012866808952227,"301/4257/3148/56729/1508/5660/1051/1471/3726/8743/409/8531/1499/5728/9021/3091/10370/1432/10935/2885/3516/5777/8204/6256/3021/7812/682/1495/3020/2316/677/2069/192670/4726/25836/3417/8031",37,"b1n"
"GO:00972371","GO:0097237","cellular response to toxic substance","15/931","122/18866",0.000990630717411396,0.0148625759521062,0.012887053026901,"6647/7295/5052/2950/7001/2098/9588/10327/847/128/195827/51024/373156/10549/6415",15,"b1"
"GO:0006310","GO:0006310","DNA recombination","28/933","299/18866",0.000934026548207335,0.0148551865660746,0.0129160560219754,"3008/328/3007/3146/6421/3006/4841/55183/7155/3005/3329/57820/3148/7552/7520/10933/10856/142/64710/84268/2521/116138/8971/7158/23137/54386/57599/4436",28,"b0"
"GO:0048259","GO:0048259","regulation of receptor-mediated endocytosis","13/960","105/18866",0.00257693034505705,0.0177930904777749,0.0129413815472824,"967/6386/1191/302/5538/5879/409/8301/3190/4043/6850/8650/375",13,"b1n"
"GO:0019915","GO:0019915","lipid storage","11/960","81/18866",0.00259446270304129,0.0178911213390958,0.013012681964787,"4792/948/3074/2760/8291/8204/1066/123/10226/114882/84266",11,"b1n"
"GO:0031146","GO:0031146","SCF-dependent proteasomal ubiquitin-dependent protein catabolic process","12/960","93/18866",0.00262275906072521,0.0180630325555722,0.0131377175030178,"26234/5688/5691/5685/5720/5682/5689/5713/5694/5710/5721/5692",12,"b1n"
"GO:0036473","GO:0036473","cell death in response to oxidative stress","13/933","97/18866",0.000963546753346049,0.0152760396387624,0.0132819727904844,"10399/7295/6421/3315/4841/5978/6647/135112/142/11315/27429/25793/11235",13,"b0"
"GO:00485451","GO:0048545","response to steroid hormone","31/931","346/18866",0.00102783149299471,0.0153723638027516,0.0133290802424326,"3490/3329/678/4537/8644/4192/6155/142/2950/6879/10521/7035/11335/2353/11331/301/199/1843/2354/27086/5245/3192/374/811/51389/5978/1978/861/4848/2288/1655",31,"b1"
"GO:0050868","GO:0050868","negative regulation of T cell activation","14/960","118/18866",0.00268620830796602,0.0184648780219837,0.0134299902540822,"301/64115/1051/3958/10875/10288/3965/861/5777/5621/5573/3142/604/9750",14,"b1n"
"GO:0043370","GO:0043370","regulation of CD4-positive, alpha-beta T cell differentiation","8/960","48/18866",0.00268799063097283,0.0184648780219837,0.0134299902540822,"301/3965/64332/861/3071/3142/604/114548",8,"b1n"
"GO:0043405","GO:0043405","regulation of MAP kinase activity","30/960","342/18866",0.00269691908462444,0.0184981756440918,0.0134542084882814,"1843/6283/11213/2357/9839/2950/5788/1848/8826/728/7311/7099/4067/11214/1432/5997/5610/5777/7316/6850/3301/4214/28956/120892/10746/1326/10221/7867/2185/4616",30,"b1n"
"GO:00511692","GO:0051169","nuclear transport","31/960","357/18866",0.00269973374265124,0.0184981756440918,0.0134542084882814,"4792/3267/948/8021/4600/7295/6209/11214/9349/1432/3429/754/6850/6741/8125/56943/120892/7531/6430/2316/11261/6428/8683/10541/6774/10657/3059/3181/10250/6633/6672",31,"b1n"
"GO:0110096","GO:0110096","cellular response to aldehyde","4/933","10/18866",0.000981903486955663,0.0155178038413183,0.0134921781602002,"2098/10327/11315/128",4,"b0"
"GO:00063361","GO:0006336","DNA replication-independent nucleosome assembly","9/931","53/18866",0.00104435780073425,0.0155707220853222,0.0135010728844921,"4869/8364/3021/4678/3020/546/51773/5928/1060",9,"b1"
"GO:00900681","GO:0090068","positive regulation of cell cycle process","28/931","302/18866",0.00105331782137215,0.0156461822764054,0.013566502961152,"4869/6154/6659/9349/9555/7029/328/894/546/3276/1019/11331/301/199/2069/7175/1654/6421/3192/5902/55904/3553/29883/5087/4848/5325/55023/51433",28,"b1"
"GO:0007339","GO:0007339","binding of sperm to zona pellucida","8/931","43/18866",0.00106091174773111,0.0156461822764054,0.013566502961152,"7203/10576/10575/10694/10574/6950/7417/22948",8,"b1"
"GO:1901659","GO:1901659","glycosyl compound biosynthetic process","8/931","43/18866",0.00106091174773111,0.0156461822764054,0.013566502961152,"262/3615/353/4833/4830/3251/8833/29922",8,"b1"
"GO:00448391","GO:0044839","cell cycle G2/M phase transition","26/931","273/18866",0.00106253679680473,0.0156461822764054,0.013566502961152,"4869/29997/7846/9555/6500/3320/10657/2273/7531/2029/1019/203068/79621/5108/8655/5720/51347/10142/5689/5500/5087/5700/5693/84142/5682/10776",26,"b1"
"GO:0071276","GO:0071276","cellular response to cadmium ion","7/960","38/18866",0.00273092216707408,0.0186768915916847,0.0135841932859911,"2353/3725/1536/4502/653361/7323/3162",7,"b1n"
"GO:0050921","GO:0050921","positive regulation of chemotaxis","16/960","144/18866",0.00273277910521389,0.0186768915916847,0.0135841932859911,"199/5879/3965/728/8291/3071/1432/1230/102/9750/7114/3576/65125/6868/2185/3570",16,"b1n"
"GO:0030278","GO:0030278","regulation of ossification","21/960","212/18866",0.00275745131574536,0.0187149875587035,0.0136119014823395,"5552/1052/1051/3727/3398/1192/1499/3091/1432/9636/3516/240/9770/3397/1230/359845/10312/25836/537/2185/3570",21,"b1n"
"GO:0001911","GO:0001911","negative regulation of leukocyte mediated cytotoxicity","5/960","20/18866",0.00275928334742488,0.0187149875587035,0.0136119014823395,"5788/3965/409/3106/3105",5,"b1n"
"GO:0032495","GO:0032495","response to muramyl dipeptide","5/960","20/18866",0.00275928334742488,0.0187149875587035,0.0136119014823395,"7431/4792/1432/7128/51510",5,"b1n"
"GO:0034315","GO:0034315","regulation of Arp2/3 complex-mediated actin nucleation","5/960","20/18866",0.00275928334742488,0.0187149875587035,0.0136119014823395,"9535/7454/10163/23191/375",5,"b1n"
"GO:0045056","GO:0045056","transcytosis","5/960","20/18866",0.00275928334742488,0.0187149875587035,0.0136119014823395,"2217/4035/5724/8301/4043",5,"b1n"
"GO:0097734","GO:0097734","extracellular exosome biogenesis","5/960","20/18866",0.00275928334742488,0.0187149875587035,0.0136119014823395,"6386/27243/5873/7879/10015",5,"b1n"
"GO:0050707","GO:0050707","regulation of cytokine secretion","9/960","59/18866",0.00279778144877374,0.0188971977327871,0.013744427722655,"2597/929/5552/2268/4067/26253/7097/6850/51311",9,"b1n"
"GO:0030307","GO:0030307","positive regulation of cell growth","18/960","171/18866",0.00279975732792512,0.0188971977327871,0.013744427722655,"6280/6279/6386/4035/387/998/57698/3021/1535/102/1654/3020/136319/11344/6868/2185/23191/1982",18,"b1n"
"GO:1905952","GO:1905952","regulation of lipid localization","18/960","171/18866",0.00279975732792512,0.0188971977327871,0.013744427722655,"706/4792/56729/948/8660/302/4035/27166/1622/1066/123/6850/10226/114882/55004/6342/522/84266",18,"b1n"
"GO:0030038","GO:0030038","contractile actin filament bundle assembly","13/960","106/18866",0.00280375943994381,0.0188971977327871,0.013744427722655,"6281/5879/71/387/998/5062/55704/7454/5216/7791/6093/10163/2185",13,"b1n"
"GO:0043149","GO:0043149","stress fiber assembly","13/960","106/18866",0.00280375943994381,0.0188971977327871,0.013744427722655,"6281/5879/71/387/998/5062/55704/7454/5216/7791/6093/10163/2185",13,"b1n"
"GO:19052681","GO:1905268","negative regulation of chromatin organization","10/931","64/18866",0.00109406596653697,0.0160608883887627,0.0139260866347864,"3008/3007/9555/6418/3159/8971/6879/3005/3006/22823",10,"b1"
"GO:0022617","GO:0022617","extracellular matrix disassembly","11/960","82/18866",0.00286186132561529,0.0192645997640226,0.0140116488596129,"1520/960/3936/7077/1471/4035/826/824/102/682/7076",11,"b1n"
"GO:0051591","GO:0051591","response to cAMP","12/960","94/18866",0.00287075165199462,0.0193002288382846,0.0140375628201346,"2353/1843/2354/3939/5724/5187/682/366/196/6772/677/2185",12,"b1n"
"GO:0001649","GO:0001649","osteoblast differentiation","23/931","231/18866",0.00111745013178651,0.0163113067251315,0.0141432195456689,"1021/6209/3727/27316/3021/55363/3020/26156/3336/3183/506/847/2091/5245/3192/374/1192/5978/468/51374/10492/1655/57003",23,"b1"
"GO:19027491","GO:1902749","regulation of cell cycle G2/M phase transition","22/931","217/18866",0.00112077289045783,0.0163113067251315,0.0141432195456689,"4869/29997/7846/9555/6500/3320/2273/7531/1019/203068/79621/5108/8655/5720/51347/10142/5689/5087/5700/5693/84142/5682",22,"b1"
"GO:0008334","GO:0008334","histone mRNA metabolic process","6/931","25/18866",0.00112138096957517,0.0163113067251315,0.0141432195456689,"6636/6635/6741/6634/22916/6637",6,"b1"
"GO:0006414","GO:0006414","translational elongation","16/933","135/18866",0.00104119356895446,0.0164029043639072,0.014261741563796,"10399/1915/6156/1938/6176/78988/1933/54948/7284/6726/54460/51258/28977/84311/6181/29074",16,"b0"
"GO:0001101","GO:0001101","response to acid chemical","15/960","132/18866",0.00294321394164262,0.0197626317858732,0.0143738806161244,"2950/1051/1072/1536/389541/387/4067/10365/1535/824/10542/28956/55004/7009/3184",15,"b1n"
"GO:0045577","GO:0045577","regulation of B cell differentiation","6/960","29/18866",0.00296358962228941,0.0198497607035989,0.0144372517640145,"3398/3071/5777/6850/677/678",6,"b1n"
"GO:0071624","GO:0071624","positive regulation of granulocyte chemotaxis","6/960","29/18866",0.00296358962228941,0.0198497607035989,0.0144372517640145,"5879/728/8291/3071/9750/3576",6,"b1n"
"GO:2001243","GO:2001243","negative regulation of intrinsic apoptotic signaling pathway","13/933","98/18866",0.00106169446290936,0.0166732771942433,0.0144968211171835,"8531/7178/2023/3315/4841/1654/7417/3301/4282/11315/4722/754/27429",13,"b0"
"GO:0008631","GO:0008631","intrinsic apoptotic signaling pathway in response to oxidative stress","8/933","43/18866",0.00107571679016073,0.0168405318183783,0.014642243060264,"6421/3315/4841/6647/142/11315/27429/11235",8,"b0"
"GO:0009615","GO:0009615","response to virus","31/931","349/18866",0.00118141744821879,0.0171323484664191,0.0148551290081583,"1021/6210/7178/29997/684/3925/3315/5610/10964/2023/3159/340061/708/10521/5094/11331/8815/2537/1654/5245/22948/3553/3609/6059/10542/29883/55601/665/3434/1653/10146",31,"b1"
"GO:1901983","GO:1901983","regulation of protein acetylation","11/933","75/18866",0.00109802832501476,0.0171361045472616,0.014899233028572,"6659/23741/6418/2624/3553/6879/1654/3066/10856/11315/54386",11,"b0"
"GO:0032663","GO:0032663","regulation of interleukin-2 production","8/960","49/18866",0.00307199888610946,0.0205246251855259,0.0149280984083473,"301/7538/5788/64581/861/5621/7128/2633",8,"b1n"
"GO:0034656","GO:0034656","nucleobase-containing small molecule catabolic process","8/960","49/18866",0.00307199888610946,0.0205246251855259,0.0149280984083473,"1890/978/200315/1806/7378/51816/131870/4245",8,"b1n"
"GO:0016052","GO:0016052","carbohydrate catabolic process","20/960","200/18866",0.00307936918013709,0.0205482781734272,0.0149453018470387,"2597/2023/5226/8021/5315/5223/3939/7167/3074/5230/2760/3091/313/5836/5500/2548/6774/83440/2720/1486",20,"b1n"
"GO:0051403","GO:0051403","stress-activated MAPK cascade","26/960","286/18866",0.00311366381082682,0.0207513122299203,0.0150929738433933,"1843/6386/29108/7538/9839/2950/3965/5052/998/7311/7099/653361/1432/5610/7316/140885/6850/3301/5187/9770/10746/677/1326/10221/2185/4616",26,"b1n"
"GO:0001836","GO:0001836","release of cytochrome c from mitochondria","9/960","60/18866",0.0031460687792469,0.0209222576596439,0.0152173069395792,"3725/2537/29108/1191/8743/409/5329/27166/6648",9,"b1n"
"GO:0002718","GO:0002718","regulation of cytokine production involved in immune response","11/960","83/18866",0.0031510128963639,0.0209222576596439,0.0152173069395792,"11213/948/2207/7099/684/7133/3162/3105/604/114548/91543",11,"b1n"
"GO:0048708","GO:0048708","astrocyte differentiation","11/960","83/18866",0.0031510128963639,0.0209222576596439,0.0152173069395792,"7431/6280/6279/2896/3398/4035/728/7099/3459/3949/6774",11,"b1n"
"GO:0032506","GO:0032506","cytokinetic process","7/960","39/18866",0.00318472440711123,0.0210938844989528,0.0153421356428347,"387/27243/57132/4627/51510/10015/375",7,"b1n"
"GO:0032691","GO:0032691","negative regulation of interleukin-1 beta production","7/960","39/18866",0.00318472440711123,0.0210938844989528,0.0153421356428347,"1992/2950/409/114769/945/7128/114548",7,"b1n"
"GO:0032147","GO:0032147","activation of protein kinase activity","29/960","331/18866",0.00319961483540645,0.0211663792749144,0.0153948629954594,"2357/5788/6556/1848/728/7295/5062/7311/55704/7099/3071/1432/5610/7316/6850/114882/5621/5573/4214/28956/120892/10746/1326/6176/65125/7867/2185/3570/4616",29,"b1n"
"GO:0006473","GO:0006473","protein acetylation","21/933","203/18866",0.00114411537471794,0.0177997264216243,0.0154762286299771,"6659/23741/6418/2624/3553/6879/1654/3066/23522/10933/64769/9678/23326/10856/51773/8520/11315/54386/51230/51147/5977",21,"b0"
"GO:0051205","GO:0051205","protein insertion into membrane","10/931","65/18866",0.00123686789100299,0.0178821112362887,0.0155052338489371,"7029/3320/10971/7531/26517/26520/9141/56993/51079/140823",10,"b1"
"GO:00092661","GO:0009266","response to temperature stimulus","23/931","233/18866",0.00125420355688297,0.0180779612383342,0.015675051609318,"3326/1153/3490/3329/11168/6647/3320/10049/947/4519/10728/7531/3301/2353/10016/4513/7175/3281/7341/3312/3303/2288/56925",23,"b1"
"GO:00704821","GO:0070482","response to oxygen levels","34/931","396/18866",0.00125889601652569,0.0180909424543496,0.0156863073714203,"6233/7314/29997/378938/3329/4602/4508/947/4519/2023/4538/3939/4540/50809/1019/11331/51142/847/481/7311/9550/5720/51024/5978/1978/5689/468/23545/5728/5700/665/5693/25828/5682",34,"b1"
"GO:0001767","GO:0001767","establishment of lymphocyte polarity","4/960","13/18866",0.003292033657584,0.0216443144276203,0.0157424777717542,"81704/4627/9750/81609",4,"b1n"
"GO:0031665","GO:0031665","negative regulation of lipopolysaccharide-mediated signaling pathway","4/960","13/18866",0.003292033657584,0.0216443144276203,0.0157424777717542,"114769/11027/7128/10221",4,"b1n"
"GO:0098974","GO:0098974","postsynaptic actin cytoskeleton organization","4/960","13/18866",0.003292033657584,0.0216443144276203,0.0157424777717542,"60/71/10163/375",4,"b1n"
"GO:0150105","GO:0150105","protein localization to cell-cell junction","4/960","13/18866",0.003292033657584,0.0216443144276203,0.0157424777717542,"60/71/2316/81",4,"b1n"
"GO:2001198","GO:2001198","regulation of dendritic cell differentiation","4/960","13/18866",0.003292033657584,0.0216443144276203,0.0157424777717542,"1051/10288/3965/3106",4,"b1n"
"GO:0043574","GO:0043574","peroxisomal transport","10/960","72/18866",0.00338657803445175,0.0222386672641783,0.0161747661840013,"7321/7311/847/7323/7316/1891/51762/373156/6342/3417",10,"b1n"
"GO:0000045","GO:0000045","autophagosome assembly","12/960","96/18866",0.00342379271569394,0.0224555598040318,0.0163325178189132,"81671/51100/81631/64422/7879/120892/10312/340061/5861/89849/23710/203228",12,"b1n"
"GO:0000387","GO:0000387","spliceosomal snRNP assembly","9/933","54/18866",0.00121742214638518,0.018822929408816,0.0163658672114677,"1207/6635/57819/6633/6632/6631/10772/24148/6636",9,"b0"
"GO:0051438","GO:0051438","regulation of ubiquitin-protein transferase activity","9/933","54/18866",0.00121742214638518,0.018822929408816,0.0163658672114677,"6125/6201/6135/6500/9349/6187/5728/10210/11315",9,"b0"
"GO:00000282","GO:0000028","ribosomal small subunit assembly","5/960","21/18866",0.0034717169869567,0.0226590774148695,0.0164805415170297,"6209/6169/6208/6234/7520",5,"b1n"
"GO:0030502","GO:0030502","negative regulation of bone mineralization","5/960","21/18866",0.0034717169869567,0.0226590774148695,0.0164805415170297,"5552/3091/1230/359845/2185",5,"b1n"
"GO:0032516","GO:0032516","positive regulation of phosphoprotein phosphatase activity","5/960","21/18866",0.0034717169869567,0.0226590774148695,0.0164805415170297,"5788/805/23645/945/84919",5,"b1n"
"GO:0046641","GO:0046641","positive regulation of alpha-beta T cell proliferation","5/960","21/18866",0.0034717169869567,0.0226590774148695,0.0164805415170297,"5788/3965/1604/6850/3105",5,"b1n"
"GO:0032608","GO:0032608","interferon-beta production","8/960","50/18866",0.00349734256776355,0.0227433246982442,0.0165418167766501,"3148/29108/7099/140885/7097/1654/340061/51311",8,"b1n"
"GO:0042987","GO:0042987","amyloid precursor protein catabolic process","8/960","50/18866",0.00349734256776355,0.0227433246982442,0.0165418167766501,"1191/4067/6093/3459/8301/2280/5621/102",8,"b1n"
"GO:0050873","GO:0050873","brown fat cell differentiation","8/960","50/18866",0.00349734256776355,0.0227433246982442,0.0165418167766501,"1051/3192/10124/51316/1432/5292/5997/30001",8,"b1n"
"GO:0010876","GO:0010876","lipid localization","36/960","440/18866",0.003508047215809,0.022785318780648,0.016572360174594,"301/706/4792/56729/5660/2180/1191/948/8660/302/5359/4035/3074/2760/8291/27166/1622/8204/10577/1066/123/6256/6850/10226/114882/55004/3949/366/23250/28232/6342/2182/3069/10087/522/84266",36,"b1n"
"GO:0045927","GO:0045927","positive regulation of growth","25/960","274/18866",0.00352693242845287,0.0227934528068009,0.01657827626523,"6280/6279/6386/4035/387/998/8531/57698/27230/1432/5292/3516/3021/1535/3142/102/1654/3020/136319/25836/11344/6868/2185/23191/1982",25,"b1n"
"GO:0031343","GO:0031343","positive regulation of cell killing","9/960","61/18866",0.00352761662520429,0.0227934528068009,0.01657827626523,"2597/7305/5788/64581/3684/3106/6850/3105/3916",9,"b1n"
"GO:1902041","GO:1902041","regulation of extrinsic apoptotic signaling pathway via death domain receptors","9/960","61/18866",0.00352761662520429,0.0227934528068009,0.01657827626523,"3148/3958/8743/5728/3162/7128/1654/8837/6672",9,"b1n"
"GO:0043372","GO:0043372","positive regulation of CD4-positive, alpha-beta T cell differentiation","6/960","30/18866",0.00354753645734925,0.0227934528068009,0.01657827626523,"301/3965/64332/3071/3142/114548",6,"b1n"
"GO:0051125","GO:0051125","regulation of actin nucleation","6/960","30/18866",0.00354753645734925,0.0227934528068009,0.01657827626523,"9535/7454/11151/10163/23191/375",6,"b1n"
"GO:0060142","GO:0060142","regulation of syncytium formation by plasma membrane fusion","6/960","30/18866",0.00354753645734925,0.0227934528068009,0.01657827626523,"7305/1432/963/824/9750/8837",6,"b1n"
"GO:0061082","GO:0061082","myeloid leukocyte cytokine production","6/960","30/18866",0.00354753645734925,0.0227934528068009,0.01657827626523,"11213/948/2207/7099/3162/604",6,"b1n"
"GO:0070168","GO:0070168","negative regulation of biomineral tissue development","6/960","30/18866",0.00354753645734925,0.0227934528068009,0.01657827626523,"5552/3091/6093/1230/359845/2185",6,"b1n"
"GO:0110150","GO:0110150","negative regulation of biomineralization","6/960","30/18866",0.00354753645734925,0.0227934528068009,0.01657827626523,"5552/3091/6093/1230/359845/2185",6,"b1n"
"GO:00016491","GO:0001649","osteoblast differentiation","22/960","231/18866",0.00359131322818514,0.0230471237670015,0.016762777810227,"1462/1052/1051/3192/3727/3726/3398/1192/847/1499/6209/3183/3021/506/9770/3397/103/26156/10312/3020/537/3570",22,"b1n"
"GO:0046822","GO:0046822","regulation of nucleocytoplasmic transport","14/933","112/18866",0.00125185479065782,0.0192955642732875,0.0167768064050147,"10541/7295/3326/7531/10657/3553/4659/11052/7175/284/10204/4734/11315/5901",14,"b0"
"GO:19033622","GO:1903362","regulation of cellular protein catabolic process","24/960","260/18866",0.00362557285990069,0.023239185655158,0.0169024694606701,"6386/1191/302/26234/4035/5728/4478/9349/3320/754/10399/6135/1452/5720/6613/10956/120892/7128/3949/6201/10221/5887/5721/2185",24,"b1n"
"GO:1904062","GO:1904062","regulation of cation transmembrane transport","30/960","349/18866",0.00363061759044141,0.0232437510414298,0.0169057899858891,"967/1520/79026/2745/5728/4067/53827/8291/5997/805/5777/1535/6717/9446/11151/2280/5621/1318/7531/2539/10312/2316/11261/7114/246329/81/3799/65125/2185/375",30,"b1n"
"GO:0030219","GO:0030219","megakaryocyte differentiation","13/933","100/18866",0.00128315215544951,0.0196455607755639,0.0170811159073417,"8364/3021/3020/222166/2624/861/3148/10163/3276/4778/3692/55904/4211",13,"b0"
"GO:0031960","GO:0031960","response to corticosteroid","18/933","164/18866",0.00128636331069471,0.0196455607755639,0.0170811159073417,"8644/678/3490/2353/3192/4537/1843/199/2354/5978/3329/11335/2950/6155/142/301/1978/387",18,"b0"
"GO:0046661","GO:0046661","male sex differentiation","18/933","164/18866",0.00128636331069471,0.0196455607755639,0.0170811159073417,"8644/7314/3021/8531/3020/5872/4678/7812/546/7536/3205/3148/3206/8031/4257/51742/57599/4436",18,"b0"
"GO:1902991","GO:1902991","regulation of amyloid precursor protein catabolic process","7/960","40/18866",0.00369388869292663,0.0236206350864736,0.0171799076402723,"1191/4067/6093/3459/8301/2280/5621",7,"b1n"
"GO:0034605","GO:0034605","cellular response to heat","15/933","125/18866",0.00129947367457536,0.0197852790574066,0.0172025959808196,"947/3320/3326/10049/7531/10728/5931/3329/10016/3066/3281/7175/22797/27429/7415",15,"b0"
"GO:0044766","GO:0044766","multi-organism transport","10/931","66/18866",0.00139450046052286,0.019919645799864,0.0172719407811373,"6233/7314/684/5901/3837/7175/7311/6993/3434/7514",10,"b1"
"GO:1902579","GO:1902579","multi-organism localization","10/931","66/18866",0.00139450046052286,0.019919645799864,0.0172719407811373,"6233/7314/684/5901/3837/7175/7311/6993/3434/7514",10,"b1"
"GO:0031503","GO:0031503","protein-containing complex localization","27/933","291/18866",0.00130869594299256,0.0198651292987989,0.017272022923834,"4869/6430/5108/6421/3192/6209/3181/6428/6431/8655/6427/5899/8106/9295/8683/6741/56943/7175/3692/10250/84248/26019/8766/3799/4116/5901/10921",27,"b0"
"GO:0098754","GO:0098754","detoxification","16/933","138/18866",0.00131717352274631,0.0199332259775608,0.0173312305624514,"7295/9588/847/2098/4258/9973/5052/6647/2950/7001/10928/2879/4257/10327/11315/128",16,"b0"
"GO:0070227","GO:0070227","lymphocyte apoptotic process","10/960","73/18866",0.00374941934510324,0.0239471842696177,0.0174174154289445,"3958/8660/3965/5728/4067/3091/27166/81704/1831/604",10,"b1n"
"GO:1902165","GO:1902165","regulation of intrinsic apoptotic signaling pathway in response to DNA damage by p53 class mediator","5/931","18/18866",0.00144774250634777,0.0206184462620455,0.0178778571875782,"6154/3190/4282/64844/960",5,"b1"
"GO:19907481","GO:1990748","cellular detoxification","14/931","114/18866",0.00145766462800115,0.0206979700600997,0.0179468107394879,"6647/7295/5052/2950/7001/2098/9588/10327/847/128/195827/373156/10549/6415",14,"b1"
"GO:0002821","GO:0002821","positive regulation of adaptive immune response","13/960","110/18866",0.00387987771425296,0.0247509440391999,0.0180020109978543,"301/29108/10673/5788/6556/2207/64332/3106/3105/3142/114548/91543/6778",13,"b1n"
"GO:00458611","GO:0045861","negative regulation of proteolysis","32/931","369/18866",0.00146878443461873,0.0207640271846033,0.0180040875984271,"6125/6691/6135/3326/6201/29997/9349/684/5037/1992/5269/10049/819/10653/551/27018/7531/7035/2597/3476/2537/1654/96459/51035/6599/11345/9528/10542/64844/135228/960/56925",32,"b1"
"GO:0006183","GO:0006183","GTP biosynthetic process","4/931","11/18866",0.00147102099945419,0.0207640271846033,0.0180040875984271,"3615/4833/4830/29922",4,"b1"
"GO:0048608","GO:0048608","reproductive structure development","36/960","443/18866",0.00391410397349569,0.0249390732069784,0.0181388422775826,"301/4257/3148/56729/1508/5660/1051/1471/3726/8743/409/8531/1499/5728/9021/3091/10370/1432/10935/2885/3516/5777/8204/6256/3021/7812/682/1495/3020/2316/677/2069/192670/25836/3417/8031",36,"b1n"
"GO:0016049","GO:0016049","cell growth","39/960","490/18866",0.00391866518424657,0.0249390732069784,0.0181388422775826,"6280/6279/2023/6386/978/9839/3490/8826/5538/57142/4035/387/998/1499/57698/11214/684/5997/1808/3320/10399/3021/1535/102/28956/55004/2539/604/1654/3020/11054/136319/51199/203228/11344/6868/2185/23191/1982",39,"b1n"
"GO:1904375","GO:1904375","regulation of protein localization to cell periphery","14/960","123/18866",0.00393458792686369,0.0250107396061892,0.018190967130062,"60/3958/391/4035/8301/8673/10399/8650/5621/102/9528/246329/2633/3799",14,"b1n"
"GO:0002260","GO:0002260","lymphocyte homeostasis","9/960","62/18866",0.00394454856296181,0.0250147790074351,0.0181939050925711,"10673/3965/4067/3091/3071/1831/11151/7128/10312",9,"b1n"
"GO:20012442","GO:2001244","positive regulation of intrinsic apoptotic signaling pathway","9/960","62/18866",0.00394454856296181,0.0250147790074351,0.0181939050925711,"6280/6279/4170/10399/6135/9774/6154/6421/6201",9,"b1n"
"GO:0032781","GO:0032781","positive regulation of ATPase activity","9/933","55/18866",0.00139286280613,0.0210149753891638,0.0182717731762959,"10049/3192/8655/3301/7168/11345/5867/23234/4436",9,"b0"
"GO:0000288","GO:0000288","nuclear-transcribed mRNA catabolic process, deadenylation-dependent decay","11/931","78/18866",0.00149874593447169,0.0210929700689217,0.0182893076307212,"678/51690/26986/57819/27258/23318/29883/4848/23658/23112/9652",11,"b1"
"GO:0051494","GO:0051494","negative regulation of cytoskeleton organization","17/960","163/18866",0.0039745965642794,0.0251755732790543,0.0183108549851286,"91663/9535/822/9168/5062/27243/7454/5216/830/829/11151/832/7114/136319/11078/10163/11344",17,"b1n"
"GO:0044773","GO:0044773","mitotic DNA damage checkpoint","13/933","101/18866",0.00140753261932445,0.0211087624651841,0.0183533177010064,"6659/7029/6154/29997/5325/25949/1112/51347/3276/51065/29883/5514/4436",13,"b0"
"GO:1902882","GO:1902882","regulation of response to oxidative stress","13/933","101/18866",0.00140753261932445,0.0211087624651841,0.0183533177010064,"10399/9555/7295/6421/3315/4841/5978/6647/135112/142/11315/27429/25793",13,"b0"
"GO:0071425","GO:0071425","hematopoietic stem cell proliferation","6/933","26/18866",0.00141313216369648,0.0211249479367949,0.0183673903925298,"947/10443/861/2120/51441/5134",6,"b0"
"GO:0046824","GO:0046824","positive regulation of nucleocytoplasmic transport","10/933","66/18866",0.00141707199816306,0.0211249479367949,0.0183673903925298,"10541/3326/7531/10657/3553/11052/7175/10204/4734/5901",10,"b0"
"GO:0001819","GO:0001819","positive regulation of cytokine production","37/931","447/18866",0.00151597247605975,0.0212726608331796,0.0184451140276,"6188/29997/3329/6647/3315/4602/3146/4192/5610/947/3606/340061/26137/708/2597/11331/301/199/2069/7494/1654/7520/5245/2547/4282/647087/3553/5591/468/861/10542/55601/84265/3303/1652/1653/3115",37,"b1"
"GO:0045862","GO:0045862","positive regulation of proteolysis","32/931","370/18866",0.00153419421447261,0.0214652216928118,0.018612079836016,"6188/10399/10541/29997/3329/6613/3146/2023/27018/3336/93974/10016/1654/5720/7341/1612/51024/5978/3553/54205/10550/5728/5700/9141/3303/5134/1452/51667/5886/51079/51065/2934",32,"b1"
"GO:00345081","GO:0034508","centromere complex assembly","9/931","56/18866",0.00156471666544252,0.021828255002416,0.0189268590187415,"4869/8364/3021/4678/3020/51773/5928/1060/26054",9,"b1"
"GO:0032024","GO:0032024","positive regulation of insulin secretion","10/960","74/18866",0.00414236399032908,0.0262072910473061,0.0190612503874751,"8660/2752/5879/4035/3091/27230/6717/65220/2182/3799",10,"b1n"
"GO:00022621","GO:0002262","myeloid cell homeostasis","17/931","154/18866",0.00158976399402984,0.0221130146224967,0.0191737685945597,"1021/6229/6223/6208/6647/3146/5052/6218/3276/93974/51522/301/2624/55904/5591/3313/3303",17,"b1"
"GO:0002526","GO:0002526","acute inflammatory response","13/960","111/18866",0.00419539248788112,0.0264345910542808,0.0192265716462881,"6279/5265/2950/1051/5359/2207/9332/54210/114548/3240/6774/3570/8876",13,"b1n"
"GO:0030183","GO:0030183","B cell differentiation","15/960","137/18866",0.00419717282347799,0.0264345910542808,0.0192265716462881,"1316/3956/5788/3398/3071/3516/5777/6850/604/10312/359948/677/678/6868/2185",15,"b1n"
"GO:0002828","GO:0002828","regulation of type 2 immune response","6/960","31/18866",0.00421278198535137,0.0264345910542808,0.0192265716462881,"301/3142/604/114548/91543/6778",6,"b1n"
"GO:0036257","GO:0036257","multivesicular body organization","6/960","31/18866",0.00421278198535137,0.0264345910542808,0.0192265716462881,"27243/5873/57132/51510/10015/51160",6,"b1n"
"GO:19022532","GO:1902253","regulation of intrinsic apoptotic signaling pathway by p53 class mediator","6/960","31/18866",0.00421278198535137,0.0264345910542808,0.0192265716462881,"960/754/6135/3190/6154/6201",6,"b1n"
"GO:1902624","GO:1902624","positive regulation of neutrophil migration","6/960","31/18866",0.00421278198535137,0.0264345910542808,0.0192265716462881,"5879/728/8291/3071/9750/3576",6,"b1n"
"GO:2000515","GO:2000515","negative regulation of CD4-positive, alpha-beta T cell activation","6/960","31/18866",0.00421278198535137,0.0264345910542808,0.0192265716462881,"301/64115/3965/861/3142/604",6,"b1n"
"GO:0007259","GO:0007259","receptor signaling pathway via JAK-STAT","17/960","164/18866",0.00423023968060976,0.0265131260355974,0.0192836921987462,"5788/5175/4067/9021/1545/83666/54625/9111/6773/7132/6772/54741/6774/3059/6778/2185/3570",17,"b1n"
"GO:0006734","GO:0006734","NADH metabolic process","7/960","41/18866",0.00426258238190362,0.0266225314073492,0.0193632655961237,"2597/2023/5315/5223/7167/5230/83440",7,"b1n"
"GO:0030890","GO:0030890","positive regulation of B cell proliferation","7/960","41/18866",0.00426258238190362,0.0266225314073492,0.0193632655961237,"683/10673/5788/8660/7099/3071/604",7,"b1n"
"GO:0051693","GO:0051693","actin filament capping","7/960","41/18866",0.00426258238190362,0.0266225314073492,0.0193632655961237,"822/830/829/832/136319/11078/11344",7,"b1n"
"GO:0051604","GO:0051604","protein maturation","26/960","293/18866",0.00429511936737871,0.0267945527976591,0.0194883812666743,"1520/2023/5552/29108/831/64115/5230/834/3428/1512/114769/10159/1522/1066/23478/2280/5621/102/4627/10730/120892/9528/3240/81619/30001/1362",26,"b1n"
"GO:0140112","GO:0140112","extracellular vesicle biogenesis","5/960","22/18866",0.00430718338945294,0.0268074697034977,0.0194977760711956,"6386/27243/5873/7879/10015",5,"b1n"
"GO:1901739","GO:1901739","regulation of myoblast fusion","5/960","22/18866",0.00430718338945294,0.0268074697034977,0.0194977760711956,"1432/963/824/9750/8837",5,"b1n"
"GO:0031123","GO:0031123","RNA 3'-end processing","17/933","153/18866",0.00151485411901812,0.0225154210427871,0.0195763572711458,"6430/26986/6227/6428/1736/6431/6427/8106/9295/8683/6741/11052/2091/10250/4116/54931/10921",17,"b0"
"GO:0045444","GO:0045444","fat cell differentiation","22/960","235/18866",0.00440920223866343,0.0272873098325638,0.0198467763867787,"56729/7538/1052/1051/3192/9314/9935/10124/3398/51316/8291/1432/5292/5997/240/114882/4929/115825/677/30001/25836/678",22,"b1n"
"GO:00066262","GO:0006626","protein targeting to mitochondrion","12/960","99/18866",0.00441149987626023,0.0272873098325638,0.0198467763867787,"706/665/293/7323/3320/51100/59286/140823/120892/54741/7332/26521",12,"b1n"
"GO:0019886","GO:0019886","antigen processing and presentation of exogenous peptide antigen via MHC class II","12/960","99/18866",0.00441149987626023,0.0272873098325638,0.0198467763867787,"1509/1520/2207/1211/1175/830/829/832/8905/821/7879/375",12,"b1n"
"GO:1905037","GO:1905037","autophagosome organization","12/960","99/18866",0.00441149987626023,0.0272873098325638,0.0198467763867787,"81671/51100/81631/64422/7879/120892/10312/340061/5861/89849/23710/203228",12,"b1n"
"GO:0002829","GO:0002829","negative regulation of type 2 immune response","4/960","14/18866",0.00442496916203738,0.0272873098325638,0.0198467763867787,"301/3142/604/6778",4,"b1n"
"GO:00319362","GO:0031936","negative regulation of chromatin silencing","4/960","14/18866",0.00442496916203738,0.0272873098325638,0.0198467763867787,"3008/8971/3005/3007",4,"b1n"
"GO:0036295","GO:0036295","cellular response to increased oxygen levels","4/960","14/18866",0.00442496916203738,0.0272873098325638,0.0198467763867787,"9114/9550/537/523",4,"b1n"
"GO:0070486","GO:0070486","leukocyte aggregation","4/960","14/18866",0.00442496916203738,0.0272873098325638,0.0198467763867787,"6280/6279/960/4478",4,"b1n"
"GO:1900034","GO:1900034","regulation of cellular response to heat","11/931","79/18866",0.00166518765109349,0.0230947973353693,0.0200250534540925,"3326/3320/10049/947/10728/7531/7175/3281/3312/3303/2288",11,"b1"
"GO:0033059","GO:0033059","cellular pigmentation","8/960","52/18866",0.00448363092228361,0.0275538453347249,0.0200406346506745,"967/9839/2647/1130/5873/63971/5861/10981",8,"b1n"
"GO:0038066","GO:0038066","p38MAPK cascade","8/960","52/18866",0.00448363092228361,0.0275538453347249,0.0200406346506745,"1843/7538/3965/653361/1432/5187/677/4616",8,"b1n"
"GO:0071622","GO:0071622","regulation of granulocyte chemotaxis","8/960","52/18866",0.00448363092228361,0.0275538453347249,0.0200406346506745,"683/5879/728/8291/3071/1432/9750/3576",8,"b1n"
"GO:0034976","GO:0034976","response to endoplasmic reticulum stress","26/960","294/18866",0.0044912054761394,0.0275538453347249,0.0200406346506745,"3725/1191/1051/2907/9114/27230/1200/5610/23645/5034/10399/240/821/84919/10956/120892/7009/1654/55161/837/3576/116496/1938/30001/10087/2923",26,"b1n"
"GO:0002705","GO:0002705","positive regulation of leukocyte mediated immunity","15/960","138/18866",0.00449387039475942,0.0275538453347249,0.0200406346506745,"3689/7305/5788/2268/2207/3684/5724/3106/8673/6850/3105/3916/114548/91543/6778",15,"b1n"
"GO:00468221","GO:0046822","regulation of nucleocytoplasmic transport","13/960","112/18866",0.00453128905248933,0.0277515590942982,0.020184437055489,"948/8021/4600/7295/1432/3429/7531/2316/11261/10541/10657/3059/6672",13,"b1n"
"GO:0043624","GO:0043624","cellular protein complex disassembly","22/931","224/18866",0.00168823174649248,0.0233465323551178,0.0202433280357451,"3925/78988/54948/54460/51504/28977/51023/90480/219927/3796/26586/51258/3312/2935/1984/65008/6059/65003/29074/2934/84545/9553",22,"b1"
"GO:00003802","GO:0000380","alternative mRNA splicing, via spliceosome","11/960","87/18866",0.00455056920362788,0.0278378606356483,0.020247206430833,"3192/9444/6421/6430/10659/4154/6428/10521/8683/140890/10657",11,"b1n"
"GO:0031100","GO:0031100","animal organ regeneration","10/960","75/18866",0.0045671011605233,0.0279071728088924,0.0202976189929983,"2950/3936/1051/5315/728/4519/3162/6430/1460/6156",10,"b1n"
"GO:0034508","GO:0034508","centromere complex assembly","9/933","56/18866",0.0015880811872346,0.0235337609764083,0.0204617676006332,"4869/8364/3021/3020/4678/5928/5931/51773/26054",9,"b0"
"GO:0009651","GO:0009651","response to salt stress","6/931","27/18866",0.00172280537817559,0.023687332735665,0.0205388294743822,"3326/551/4519/7520/2547/310",6,"b1"
"GO:19032031","GO:1903203","regulation of oxidative stress-induced neuron death","6/931","27/18866",0.00172280537817559,0.023687332735665,0.0205388294743822,"10399/142/135112/4841/5978/468",6,"b1"
"GO:00506842","GO:0050684","regulation of mRNA processing","16/960","152/18866",0.00467278904915515,0.0285204928881881,0.020743702778538,"3192/9444/3190/9991/6430/10659/4154/677/10914/6428/10521/8683/140890/10657/3181/5935",16,"b1n"
"GO:0009165","GO:0009165","nucleotide biosynthetic process","25/933","266/18866",0.00162547722303579,0.0240166664255644,0.0208816367020326,"4833/517/3615/2023/506/2982/9200/1854/509/4508/25874/539/498/4513/10632/142/522/518/3418/30968/513/204/7415/8833/515",25,"b0"
"GO:0070936","GO:0070936","protein K48-linked ubiquitination","9/931","57/18866",0.00177826483668973,0.0243097465210508,0.0210785124662665,"84937/7267/7322/10477/10210/9111/10299/54926/7324",9,"b1"
"GO:0075733","GO:0075733","intracellular transport of virus","9/931","57/18866",0.00177826483668973,0.0243097465210508,0.0210785124662665,"6233/7314/684/5901/3837/7175/7311/6993/7514",9,"b1"
"GO:0050848","GO:0050848","regulation of calcium-mediated signaling","12/960","100/18866",0.00478722222589117,0.0291526075390535,0.0212034563490992,"683/805/6850/6717/9446/2280/5621/120892/11261/51643/2633/2185",12,"b1n"
"GO:0070301","GO:0070301","cellular response to hydrogen peroxide","12/960","100/18866",0.00478722222589117,0.0291526075390535,0.0212034563490992,"301/5660/9314/1471/7295/1545/10365/10399/140885/120892/7128/6778",12,"b1n"
"GO:0006986","GO:0006986","response to unfolded protein","19/931","183/18866",0.0017997436582157,0.0245330771238489,0.0212721581256773,"10399/3326/3329/3315/3320/5610/51768/3301/3336/7494/811/23645/3312/3313/468/27230/23190/821/3303",19,"b1"
"GO:00182051","GO:0018205","peptidyl-lysine modification","34/931","405/18866",0.00183136267755368,0.0248929667652667,0.0215842114943349,"6659/3008/3007/6613/9555/6418/4602/23741/23168/6879/546/51504/10933/51773/3006/7175/53335/51230/2653/80314/2624/64769/9643/7341/9678/10210/55904/22823/3553/4297/26054/23512/10054/51742",34,"b1"
"GO:0019058","GO:0019058","viral life cycle","30/933","341/18866",0.00168563314801815,0.0248320116259665,0.0215905503355841,"5094/7314/26986/3326/6233/684/9218/7155/7913/8724/3921/8673/1654/8815/7175/64710/5478/51160/29883/4734/3837/10572/5901/27336/1488/7415/5245/5093/54737/3965",30,"b0"
"GO:0006509","GO:0006509","membrane protein ectodomain proteolysis","7/960","42/18866",0.00489504140369875,0.0297080284285563,0.0216074285347836,"7077/6093/7133/102/4627/6868/7076",7,"b1n"
"GO:0098760","GO:0098760","response to interleukin-7","7/960","42/18866",0.00489504140369875,0.0297080284285563,0.0216074285347836,"8660/4904/5034/506/5887/6774/2923",7,"b1n"
"GO:0098761","GO:0098761","cellular response to interleukin-7","7/960","42/18866",0.00489504140369875,0.0297080284285563,0.0216074285347836,"8660/4904/5034/506/5887/6774/2923",7,"b1n"
"GO:0043462","GO:0043462","regulation of ATPase activity","11/933","79/18866",0.00169373265644043,0.0248779437831279,0.021630486711507,"10049/3192/8655/3301/93974/7168/11345/6625/5867/23234/4436",11,"b0"
"GO:00313971","GO:0031397","negative regulation of protein ubiquitination","11/931","80/18866",0.0018464194448328,0.0250263271911855,0.0216998457481846,"6188/6125/6659/6135/6201/9349/819/3301/51035/64844/3303",11,"b1"
"GO:0009164","GO:0009164","nucleoside catabolic process","6/960","32/18866",0.00496578460705072,0.0300478020208283,0.0218545547831874,"1890/978/200315/1806/7378/51816",6,"b1n"
"GO:0061157","GO:0061157","mRNA destabilization","6/960","32/18866",0.00496578460705072,0.0300478020208283,0.0218545547831874,"7538/6093/9698/677/3184/678",6,"b1n"
"GO:0090559","GO:0090559","regulation of membrane permeability","11/960","88/18866",0.004967828591328,0.0300478020208283,0.0218545547831874,"7529/23593/665/6993/7531/7534/10015/6774/7532/55288/84266",11,"b1n"
"GO:00003812","GO:0000381","regulation of alternative mRNA splicing, via spliceosome","10/960","76/18866",0.00502535582870554,0.0302932966528149,0.0220331094701496,"3192/9444/6430/10659/4154/6428/10521/8683/140890/10657",10,"b1n"
"GO:0071229","GO:0071229","cellular response to acid chemical","10/960","76/18866",0.00502535582870554,0.0302932966528149,0.0220331094701496,"1051/1536/389541/10365/1535/824/10542/28956/55004/3184",10,"b1n"
"GO:0072091","GO:0072091","regulation of stem cell proliferation","10/960","76/18866",0.00502535582870554,0.0302932966528149,0.0220331094701496,"3148/5788/3192/1499/3091/5292/5610/120892/1495/677",10,"b1n"
"GO:0032392","GO:0032392","DNA geometric change","14/933","116/18866",0.00175867127280367,0.0257560244468667,0.0223939465976699,"3146/7314/3159/6233/80205/1108/3181/546/3148/1654/7520/10856/142/301",14,"b0"
"GO:0007266","GO:0007266","Rho protein signal transduction","15/960","140/18866",0.00513846123084705,0.0309403417547636,0.0225037223495186,"397/1072/10602/5879/391/387/998/5175/57698/7454/11214/6093/396/604/9750",15,"b1n"
"GO:00310551","GO:0031055","chromatin remodeling at centromere","8/931","47/18866",0.00193337588368941,0.0261306978500912,0.0226574242519737,"4869/8364/3021/4678/3020/51773/5928/1060",8,"b1"
"GO:0051084","GO:0051084","'de novo' posttranslational protein folding","7/931","37/18866",0.00195614764920413,0.02636378653772,0.0228595309585852,"6767/10576/10728/3336/3312/3313/3303",7,"b1"
"GO:1905477","GO:1905477","positive regulation of protein localization to membrane","14/960","127/18866",0.00524206717831054,0.0314891430235492,0.0229028799113743,"3689/3958/7529/391/4035/3684/10399/5621/7531/11261/7534/246329/7532/3799",14,"b1n"
"GO:0006907","GO:0006907","pinocytosis","5/960","23/18866",0.00527655910124337,0.0314891430235492,0.0229028799113743,"29108/5538/998/81/7867",5,"b1n"
"GO:0032703","GO:0032703","negative regulation of interleukin-2 production","5/960","23/18866",0.00527655910124337,0.0314891430235492,0.0229028799113743,"7538/5788/5621/7128/2633",5,"b1n"
"GO:0035458","GO:0035458","cellular response to interferon-beta","5/960","23/18866",0.00527655910124337,0.0314891430235492,0.0229028799113743,"4332/3428/824/6772/340061",5,"b1n"
"GO:0046135","GO:0046135","pyrimidine nucleoside catabolic process","5/960","23/18866",0.00527655910124337,0.0314891430235492,0.0229028799113743,"1890/978/200315/1806/7378",5,"b1n"
"GO:0051220","GO:0051220","cytoplasmic sequestering of protein","5/960","23/18866",0.00527655910124337,0.0314891430235492,0.0229028799113743,"4792/7529/6717/2316/7114",5,"b1n"
"GO:0070935","GO:0070935","3'-UTR-mediated mRNA stabilization","5/960","23/18866",0.00527655910124337,0.0314891430235492,0.0229028799113743,"7538/8531/1432/3183/4615",5,"b1n"
"GO:1900017","GO:1900017","positive regulation of cytokine production involved in inflammatory response","5/960","23/18866",0.00527655910124337,0.0314891430235492,0.0229028799113743,"64581/23765/7099/4615/6774",5,"b1n"
"GO:0051568","GO:0051568","histone H3-K4 methylation","9/933","57/18866",0.00180464801118514,0.0263520823621597,0.0229121977412703,"3008/9555/3007/4602/3006/23168/7552/55904/22938",9,"b0"
"GO:0045621","GO:0045621","positive regulation of lymphocyte differentiation","13/931","105/18866",0.00197201566057268,0.0264283334735738,0.0229154983620657,"6659/4602/4192/3606/9840/301/7494/2547/399/3553/5591/861/64332",13,"b1"
"GO:2001022","GO:2001022","positive regulation of response to DNA damage stimulus","13/931","105/18866",0.00197201566057268,0.0264283334735738,0.0229154983620657,"6188/6154/3146/142/8087/2969/2521/5591/4255/197370/84142/9774/1655",13,"b1"
"GO:0046128","GO:0046128","purine ribonucleoside metabolic process","9/931","58/18866",0.00201450102836158,0.0269220851717454,0.0233436209389975,"262/3615/5901/353/4833/4830/3251/8833/29922",9,"b1"
"GO:00718972","GO:0071897","DNA biosynthetic process","19/960","196/18866",0.00539716185523709,0.0321730815037189,0.0234003263127063,"1843/3192/9314/55505/409/7311/1499/3183/9636/3320/7316/5478/22948/9246/3184/56655/3181/7520/2185",19,"b1n"
"GO:0007569","GO:0007569","cell aging","14/931","118/18866",0.00202936695761588,0.0270449993150429,0.0234501974226122,"1021/4869/6647/4904/26156/3159/27250/4282/811/51389/5591/5728/83719/140823",14,"b1"
"GO:00003772","GO:0000377","RNA splicing, via transesterification reactions with bulged adenosine as nucleophile","32/960","390/18866",0.00546775168977764,0.0325216051171364,0.0236538166810663,"26986/3192/5093/9444/4904/3183/5441/59286/3190/9991/5094/6421/9169/83443/6430/10659/51639/4154/23451/10914/25949/3184/6428/10521/8683/55660/140890/10657/3181/10250/6633/5935",32,"b1n"
"GO:00003982","GO:0000398","mRNA splicing, via spliceosome","32/960","390/18866",0.00546775168977764,0.0325216051171364,0.0236538166810663,"26986/3192/5093/9444/4904/3183/5441/59286/3190/9991/5094/6421/9169/83443/6430/10659/51639/4154/23451/10914/25949/3184/6428/10521/8683/55660/140890/10657/3181/10250/6633/5935",32,"b1n"
"GO:0046902","GO:0046902","regulation of mitochondrial membrane permeability","10/960","77/18866",0.00551888605620684,0.0327893950072533,0.0238485872942342,"7529/23593/665/6993/7531/7534/6774/7532/55288/84266",10,"b1n"
"GO:1900407","GO:1900407","regulation of cellular response to oxidative stress","12/933","92/18866",0.00188827688711105,0.0274928710619026,0.0239040729149397,"10399/7295/6421/3315/4841/5978/6647/135112/142/11315/27429/25793",12,"b0"
"GO:1901293","GO:1901293","nucleoside phosphate biosynthetic process","25/933","269/18866",0.00189590516899375,0.027523693063822,0.0239308715486512,"4833/517/3615/2023/506/2982/9200/1854/509/4508/25874/539/498/4513/10632/142/522/518/3418/30968/513/204/7415/8833/515",25,"b0"
"GO:0045947","GO:0045947","negative regulation of translational initiation","5/933","19/18866",0.00190367231902978,0.0275563465543036,0.0239592625964847,"3646/23521/51247/7175/1978",5,"b0"
"GO:0030111","GO:0030111","regulation of Wnt signaling pathway","31/960","375/18866",0.00556170205103876,0.0330072251148484,0.0240070208467637,"5204/9839/5688/4035/100113407/1499/5691/2776/861/5685/57674/1432/10159/3516/10399/1452/7097/5720/5682/120892/7128/1654/8932/5689/5713/5694/5710/5721/7091/65125/5692",31,"b1n"
"GO:0043270","GO:0043270","positive regulation of ion transport","25/960","284/18866",0.00557752993398896,0.0330645835313268,0.0240487391279989,"706/1520/1051/3958/2745/409/353514/5724/805/27166/1622/8673/11027/6717/9446/1230/2539/2316/11261/7114/246329/81/3799/65125/375",25,"b1n"
"GO:00086311","GO:0008631","intrinsic apoptotic signaling pathway in response to oxidative stress","7/960","43/18866",0.00559555427954435,0.0330982896469189,0.0240732544702268,"4170/3091/1545/5034/6421/6648/8876",7,"b1n"
"GO:0061462","GO:0061462","protein localization to lysosome","7/960","43/18866",0.00559555427954435,0.0330982896469189,0.0240732544702268,"1191/389541/57142/3920/10542/7879/8031",7,"b1n"
"GO:0110020","GO:0110020","regulation of actomyosin structure organization","12/960","102/18866",0.00561515553777231,0.0331776535904719,0.0241309779486691,"6281/5879/71/387/998/5062/55704/7454/11214/5216/6093/10163",12,"b1n"
"GO:0034614","GO:0034614","cellular response to reactive oxygen species","18/933","170/18866",0.00193054901838997,0.0278646294735246,0.0242273036229346,"10399/328/8644/4602/7295/6188/2353/9973/5052/6647/7001/3184/3066/3725/301/7168/11315/11235",18,"b0"
"GO:0030834","GO:0030834","regulation of actin filament depolymerization","8/960","54/18866",0.00567062930375288,0.0334685656926669,0.024342565953346,"1072/822/830/829/832/136319/11078/11344",8,"b1n"
"GO:0031055","GO:0031055","chromatin remodeling at centromere","8/933","47/18866",0.00195962302431772,0.0280991102726896,0.0244311763326191,"4869/8364/3021/3020/4678/5928/5931/51773",8,"b0"
"GO:0006479","GO:0006479","protein methylation","19/933","184/18866",0.00196367430620118,0.0280991102726896,0.0244311763326191,"3008/9555/3007/4602/3006/55183/546/23168/6304/7552/3276/23512/55904/2091/51504/22938/283742/51742/23476",19,"b0"
"GO:0008213","GO:0008213","protein alkylation","19/933","184/18866",0.00196367430620118,0.0280991102726896,0.0244311763326191,"3008/9555/3007/4602/3006/55183/546/23168/6304/7552/3276/23512/55904/2091/51504/22938/283742/51742/23476",19,"b0"
"GO:20007671","GO:2000767","positive regulation of cytoplasmic translation","4/931","12/18866",0.00212081375414482,0.0281849649610722,0.0244386396533914,"1938/8531/7555/51441",4,"b1"
"GO:0061025","GO:0061025","membrane fusion","17/960","169/18866",0.00571913467119675,0.0336791464023753,0.0244957268285879,"301/25801/302/4600/4599/8291/8677/8673/11151/9218/5478/7879/11261/51762/2773/3799/6892",17,"b1n"
"GO:0002281","GO:0002281","macrophage activation involved in immune response","4/960","15/18866",0.00579376626592683,0.0336791464023753,0.0244957268285879,"2896/7305/8291/6850",4,"b1n"
"GO:0002467","GO:0002467","germinal center formation","4/960","15/18866",0.00579376626592683,0.0336791464023753,0.0244957268285879,"10673/7128/604/6868",4,"b1n"
"GO:00165842","GO:0016584","nucleosome positioning","4/960","15/18866",0.00579376626592683,0.0336791464023753,0.0244957268285879,"3008/8971/3005/3007",4,"b1n"
"GO:00190812","GO:0019081","viral translation","4/960","15/18866",0.00579376626592683,0.0336791464023753,0.0244957268285879,"8666/6741/5094/8661",4,"b1n"
"GO:0019321","GO:0019321","pentose metabolic process","4/960","15/18866",0.00579376626592683,0.0336791464023753,0.0244957268285879,"7086/6888/5226/2539",4,"b1n"
"GO:0030852","GO:0030852","regulation of granulocyte differentiation","4/960","15/18866",0.00579376626592683,0.0336791464023753,0.0244957268285879,"2124/861/10221/3059",4,"b1n"
"GO:0045064","GO:0045064","T-helper 2 cell differentiation","4/960","15/18866",0.00579376626592683,0.0336791464023753,0.0244957268285879,"301/3142/604/114548",4,"b1n"
"GO:0071801","GO:0071801","regulation of podosome assembly","4/960","15/18866",0.00579376626592683,0.0336791464023753,0.0244957268285879,"3936/387/4478/3055",4,"b1n"
"GO:0099188","GO:0099188","postsynaptic cytoskeleton organization","4/960","15/18866",0.00579376626592683,0.0336791464023753,0.0244957268285879,"60/71/10163/375",4,"b1n"
"GO:1903543","GO:1903543","positive regulation of exosomal secretion","4/960","15/18866",0.00579376626592683,0.0336791464023753,0.0244957268285879,"6386/27243/7879/10015",4,"b1n"
"GO:1905146","GO:1905146","lysosomal protein catabolic process","4/960","15/18866",0.00579376626592683,0.0336791464023753,0.0244957268285879,"5660/3920/4035/3949",4,"b1n"
"GO:2001171","GO:2001171","positive regulation of ATP biosynthetic process","4/960","15/18866",0.00579376626592683,0.0336791464023753,0.0244957268285879,"2023/4513/7114/6774",4,"b1n"
"GO:0010955","GO:0010955","negative regulation of protein processing","6/960","33/18866",0.00581302694661687,0.0336791464023753,0.0244957268285879,"831/114769/1522/5621/120892/9528",6,"b1n"
"GO:0046640","GO:0046640","regulation of alpha-beta T cell proliferation","6/960","33/18866",0.00581302694661687,0.0336791464023753,0.0244957268285879,"64115/5788/3965/1604/6850/3105",6,"b1n"
"GO:1903318","GO:1903318","negative regulation of protein maturation","6/960","33/18866",0.00581302694661687,0.0336791464023753,0.0244957268285879,"831/114769/1522/5621/120892/9528",6,"b1n"
"GO:1905048","GO:1905048","regulation of metallopeptidase activity","6/960","33/18866",0.00581302694661687,0.0336791464023753,0.0244957268285879,"7077/4035/1432/8301/6774/7076",6,"b1n"
"GO:0045070","GO:0045070","positive regulation of viral genome replication","7/933","37/18866",0.00198021698333538,0.028254867470791,0.0245666016729577,"26986/9218/7155/1654/64710/5478/29883",7,"b0"
"GO:0060249","GO:0060249","anatomical structure homeostasis","38/933","469/18866",0.00200044870885965,0.0284622246497011,0.0247468913601621,"3178/8364/947/328/3320/3326/54360/10576/71/3192/2624/10728/3315/55183/5023/8842/3181/546/5052/10574/6647/1736/3183/10575/3184/10694/7520/2778/6950/7203/142/284/908/23137/5514/2149/54386/3920",38,"b0"
"GO:0046427","GO:0046427","positive regulation of receptor signaling pathway via JAK-STAT","11/960","90/18866",0.00589288352494951,0.0341049839388933,0.0248054496417281,"5175/4067/9021/1545/83666/54625/7132/6774/3059/2185/3570",11,"b1n"
"GO:0000082","GO:0000082","G1/S transition of mitotic cell cycle","26/931","287/18866",0.00216052081682487,0.0286329022696429,0.0248270374564963,"1021/6154/6659/7029/328/10657/894/2273/4678/3276/1019/301/199/81853/1654/5720/2935/1978/55904/5591/29883/4172/5728/4848/5325/51065",26,"b1"
"GO:0051650","GO:0051650","establishment of vesicle localization","20/960","212/18866",0.00591841389744021,0.0342158303445762,0.0248860711408925,"5265/4542/4600/2647/64005/4599/1499/8301/1522/5873/23243/2153/7879/120892/10312/63971/5861/81/3799/375",20,"b1n"
"GO:0032984","GO:0032984","protein-containing complex disassembly","29/933","330/18866",0.00202850385499728,0.0287569541237112,0.0250031481483694,"3925/3159/6418/9349/6599/78988/92815/8673/54948/54460/11198/6601/3796/4778/10241/51258/28977/51504/79752/1452/830/11345/3799/84311/26586/7415/6605/3920/29074",29,"b0"
"GO:0007566","GO:0007566","embryo implantation","9/933","58/18866",0.0020441967789182,0.0287569541237112,0.0250031481483694,"3490/3021/3020/6159/397/6647/3553/811/708",9,"b0"
"GO:1900408","GO:1900408","negative regulation of cellular response to oxidative stress","9/933","58/18866",0.0020441967789182,0.0287569541237112,0.0250031481483694,"10399/7295/3315/4841/5978/135112/11315/27429/25793",9,"b0"
"GO:1903202","GO:1903202","negative regulation of oxidative stress-induced cell death","9/933","58/18866",0.0020441967789182,0.0287569541237112,0.0250031481483694,"10399/7295/3315/4841/5978/135112/11315/27429/25793",9,"b0"
"GO:0048872","GO:0048872","homeostasis of number of cells","24/933","256/18866",0.002060334356067,0.0288263576772388,0.0250634920680838,"1021/3146/6229/6208/2624/29985/6223/30061/51522/5052/6647/7001/3148/6218/3276/93974/55904/3313/301/4282/2149/57599/3965/202309",24,"b0"
"GO:0051170","GO:0051170","import into nucleus","18/933","171/18866",0.00206067474785227,0.0288263576772388,0.0250634920680838,"3178/3326/6635/9349/11331/6633/3840/6632/7175/84268/284/10204/3837/6636/26060/5901/5514/754",18,"b0"
"GO:0045185","GO:0045185","maintenance of protein location","12/933","93/18866",0.00207271474556618,0.0289137917300489,0.0251395128652175,"7295/6500/3192/402/55704/6717/706/10210/10945/23230/11315/23568",12,"b0"
"GO:0030073","GO:0030073","insulin secretion","21/933","213/18866",0.00208131352628582,0.028952868385157,0.0251734886260929,"6659/51768/5978/2029/2752/3553/25874/292/9324/56943/402/6717/301/1374/293/3033/6814/3799/11315/27230/23568",21,"b0"
"GO:00447661","GO:0044766","multi-organism transport","9/960","66/18866",0.00601025184941699,0.0346720442710991,0.025217887499478,"8021/6614/7311/684/7316/3434/6993/7879/51160",9,"b1n"
"GO:19025791","GO:1902579","multi-organism localization","9/960","66/18866",0.00601025184941699,0.0346720442710991,0.025217887499478,"8021/6614/7311/684/7316/3434/6993/7879/51160",9,"b1n"
"GO:00083802","GO:0008380","RNA splicing","38/960","487/18866",0.00602245158681515,0.0347051050088757,0.0252419334414877,"26986/79026/3958/3192/5093/9444/4904/3183/5441/59286/3190/6207/9991/5094/6421/9169/83443/7009/6430/51329/10659/51639/4154/23451/10914/25949/3184/6428/10521/6231/8683/55660/140890/10657/3181/10250/6633/5935",38,"b1n"
"GO:00003752","GO:0000375","RNA splicing, via transesterification reactions","32/960","393/18866",0.00610837580458708,0.0351624851841306,0.0255745980433751,"26986/3192/5093/9444/4904/3183/5441/59286/3190/9991/5094/6421/9169/83443/6430/10659/51639/4154/23451/10914/25949/3184/6428/10521/8683/55660/140890/10657/3181/10250/6633/5935",32,"b1n"
"GO:0046185","GO:0046185","aldehyde catabolic process","4/933","12/18866",0.00213763460650553,0.0295715989609103,0.0257114528410418,"2098/10327/11315/128",4,"b0"
"GO:2000767","GO:2000767","positive regulation of cytoplasmic translation","4/933","12/18866",0.00213763460650553,0.0295715989609103,0.0257114528410418,"8531/1938/7555/51441",4,"b0"
"GO:0010324","GO:0010324","membrane invagination","15/960","143/18866",0.00624381681197387,0.0359036197172988,0.0261136446347234,"199/3689/948/5879/391/11031/2207/387/998/3684/27243/2209/3071/4627/375",15,"b1n"
"GO:00109521","GO:0010952","positive regulation of peptidase activity","20/931","201/18866",0.00229971852046084,0.0303932328562844,0.0263533861653626,"6188/10399/10541/3329/3146/27018/3336/10016/1654/5720/1612/51024/5978/54205/10550/9141/5134/51079/51065/2934",20,"b1"
"GO:0030835","GO:0030835","negative regulation of actin filament depolymerization","7/960","44/18866",0.00636844583821611,0.0364650909059048,0.0265220173616892,"822/830/829/832/136319/11078/11344",7,"b1n"
"GO:0097028","GO:0097028","dendritic cell differentiation","7/960","44/18866",0.00636844583821611,0.0364650909059048,0.0265220173616892,"6688/1051/10288/3965/4067/3106/3516",7,"b1n"
"GO:0031342","GO:0031342","negative regulation of cell killing","5/960","24/18866",0.00639054093128961,0.0364650909059048,0.0265220173616892,"5788/3965/409/3106/3105",5,"b1n"
"GO:0032753","GO:0032753","positive regulation of interleukin-4 production","5/960","24/18866",0.00639054093128961,0.0364650909059048,0.0265220173616892,"1051/3965/2207/6850/114548",5,"b1n"
"GO:0034123","GO:0034123","positive regulation of toll-like receptor signaling pathway","5/960","24/18866",0.00639054093128961,0.0364650909059048,0.0265220173616892,"57142/7097/1535/1654/91543",5,"b1n"
"GO:19046662","GO:1904666","regulation of ubiquitin protein ligase activity","5/960","24/18866",0.00639054093128961,0.0364650909059048,0.0265220173616892,"5728/9349/6135/5861/6201",5,"b1n"
"GO:0046849","GO:0046849","bone remodeling","11/960","91/18866",0.00640355180300652,0.0364650909059048,0.0265220173616892,"5879/1499/29887/1200/6850/9770/7128/10312/537/9545/2185",11,"b1n"
"GO:0051492","GO:0051492","regulation of stress fiber assembly","11/960","91/18866",0.00640355180300652,0.0364650909059048,0.0265220173616892,"6281/5879/71/387/998/5062/55704/7454/5216/6093/10163",11,"b1n"
"GO:0097306","GO:0097306","cellular response to alcohol","11/960","91/18866",0.00640355180300652,0.0364650909059048,0.0265220173616892,"6688/1536/9314/1499/5728/10365/1066/196/2782/1495/5732",11,"b1n"
"GO:0031667","GO:0031667","response to nutrient levels","37/960","473/18866",0.00640942790759893,0.0364650909059048,0.0265220173616892,"706/3725/10135/7538/2950/2180/2771/2752/1536/1327/1471/5315/3939/3920/968/847/3428/5728/7378/1312/4519/7071/2242/5292/5610/51100/1535/3162/81631/120892/3949/2539/6772/8932/23710/1938/2182",37,"b1n"
"GO:0007584","GO:0007584","response to nutrient","17/960","171/18866",0.00642297063521952,0.0365034295105431,0.0265499020347444,"706/2950/2180/2771/1536/1327/5315/3939/847/5728/4519/2242/5292/3162/6772/1938/2182",17,"b1n"
"GO:0030330","GO:0030330","DNA damage response, signal transduction by p53 class mediator","13/931","107/18866",0.00233797141128967,0.0307285443616061,0.0266441283061285,"6154/6659/7029/546/3276/4282/64844/29883/960/4848/5325/51065/1655",13,"b1"
"GO:0048524","GO:0048524","positive regulation of viral process","13/931","107/18866",0.00233797141128967,0.0307285443616061,0.0266441283061285,"64710/3725/26986/5478/51773/1654/3312/7155/29883/5438/5886/51495/3434",13,"b1"
"GO:0006816","GO:0006816","calcium ion transport","34/960","426/18866",0.0064983021036855,0.0368924770225108,0.0268328664977579,"706/79026/2771/3958/5788/302/10288/387/409/353514/1499/4067/8291/805/5777/945/7178/11027/1535/6717/9446/11151/2280/5621/1230/10730/7531/2539/7009/246329/55858/309/30001/2185",34,"b1n"
"GO:0042770","GO:0042770","signal transduction in response to DNA damage","15/931","133/18866",0.00236773247626062,0.0310342078138445,0.0269091631917415,"6154/6659/7029/546/3276/4282/5591/64844/29883/960/4848/5325/84142/51065/1655",15,"b1"
"GO:0018022","GO:0018022","peptidyl-lysine methylation","15/933","132/18866",0.00224408887687657,0.0309585078760264,0.0269173207825409,"3008/9555/3007/4602/3006/55183/546/23168/7552/23512/55904/51504/22938/51742/23476",15,"b0"
"GO:0032784","GO:0032784","regulation of DNA-templated transcription, elongation","8/933","48/18866",0.00225146472217525,0.0309746964808353,0.0269313961982686,"3150/3192/284695/11198/2962/27336/10915/23476",8,"b0"
"GO:0032649","GO:0032649","regulation of interferon-gamma production","12/960","104/18866",0.00655287248261837,0.037123717918952,0.0270010540688783,"929/29108/64115/6556/64581/3965/7099/9636/140885/3105/5621/51311",12,"b1n"
"GO:0120034","GO:0120034","positive regulation of plasma membrane bounded cell projection assembly","12/960","104/18866",0.00655287248261837,0.037123717918952,0.0270010540688783,"10097/10602/5879/998/55704/5216/10109/10096/9750/10163/11344/23191",12,"b1n"
"GO:0002902","GO:0002902","regulation of B cell apoptotic process","5/931","20/18866",0.00241319381286309,0.0313715195672201,0.027201639709026,"96459/27086/4282/5728/84941",5,"b1"
"GO:00064501","GO:0006450","regulation of translational fidelity","5/931","20/18866",0.00241319381286309,0.0313715195672201,0.027201639709026,"6193/6203/51520/92675/1968",5,"b1"
"GO:0043555","GO:0043555","regulation of translation in response to stress","5/931","20/18866",0.00241319381286309,0.0313715195672201,0.027201639709026,"4869/5610/1654/23645/468",5,"b1"
"GO:00064462","GO:0006446","regulation of translational initiation","10/960","79/18866",0.00661895365932059,0.0374585299390875,0.0272445716356889,"27335/5610/23645/6256/8667/84919/3646/1654/10657/1982",10,"b1n"
"GO:0045123","GO:0045123","cellular extravasation","9/960","67/18866",0.00663755844135291,0.0375242371315683,0.0272923622007601,"6402/683/3689/5175/5724/6093/120425/140885/9750",9,"b1n"
"GO:0016573","GO:0016573","histone acetylation","17/933","159/18866",0.00229347926390361,0.0314026761871589,0.0273035093210865,"23741/6418/2624/3553/6879/23522/10933/64769/9678/23326/10856/51773/8520/11315/51230/51147/5977",17,"b0"
"GO:0045652","GO:0045652","regulation of megakaryocyte differentiation","11/933","82/18866",0.00229514954111193,0.0314026761871589,0.0273035093210865,"8364/3021/3020/222166/2624/861/3148/3276/4778/3692/55904",11,"b0"
"GO:0046456","GO:0046456","icosanoid biosynthetic process","9/933","59/18866",0.00230842182081953,0.0314979742436413,0.0273863675895328,"8644/10728/4258/3553/301/4282/2171/3992/27306",9,"b0"
"GO:0031032","GO:0031032","actomyosin structure organization","19/960","200/18866",0.00668100896972417,0.0377301190763897,0.0274421055410166,"6281/5879/71/387/998/5062/55704/7454/11214/5216/7791/7138/6093/5573/4627/8837/10015/10163/2185",19,"b1n"
"GO:0050920","GO:0050920","regulation of chemotaxis","21/960","229/18866",0.00671400982922142,0.0378368306027026,0.0275197196339272,"1843/199/683/2950/5879/3965/728/4067/8291/3071/1432/1652/1230/102/9750/7114/3576/65125/6868/2185/3570",21,"b1n"
"GO:0051648","GO:0051648","vesicle localization","21/960","229/18866",0.00671400982922142,0.0378368306027026,0.0275197196339272,"5265/4542/4600/2647/64005/4599/1499/5728/8301/1522/5873/23243/2153/7879/120892/10312/63971/5861/81/3799/375",21,"b1n"
"GO:0010765","GO:0010765","positive regulation of sodium ion transport","6/960","34/18866",0.0067609809768533,0.0378591569446398,0.0275359581682013,"2745/11261/81/3799/65125/375",6,"b1n"
"GO:0030851","GO:0030851","granulocyte differentiation","6/960","34/18866",0.0067609809768533,0.0378591569446398,0.0275359581682013,"6688/2124/861/3930/10221/3059",6,"b1n"
"GO:0035774","GO:0035774","positive regulation of insulin secretion involved in cellular response to glucose stimulus","6/960","34/18866",0.0067609809768533,0.0378591569446398,0.0275359581682013,"5879/4035/3091/6717/65220/3799",6,"b1n"
"GO:0070232","GO:0070232","regulation of T cell apoptotic process","6/960","34/18866",0.0067609809768533,0.0378591569446398,0.0275359581682013,"3958/3965/3091/27166/81704/1831",6,"b1n"
"GO:0051147","GO:0051147","regulation of muscle cell differentiation","18/960","186/18866",0.00676698555444148,0.0378591569446398,0.0275359581682013,"3398/998/409/1499/11214/4904/1432/5997/963/3516/824/663/2539/9750/1495/6648/8837/2069",18,"b1n"
"GO:0030168","GO:0030168","platelet activation","16/960","158/18866",0.00676736840818446,0.0378591569446398,0.0275359581682013,"60/5359/2207/71/409/1192/7099/4067/2776/5777/6850/4627/2782/2316/7534/3937",16,"b1n"
"GO:1903707","GO:1903707","negative regulation of hemopoiesis","16/960","158/18866",0.00676736840818446,0.0378591569446398,0.0275359581682013,"301/4792/7538/10875/11025/9935/3398/7099/1499/4067/861/3142/604/677/10221/2185",16,"b1n"
"GO:00510522","GO:0051052","regulation of DNA metabolic process","30/960","365/18866",0.0068313645919164,0.0381773656621162,0.027767399717362,"1843/6688/10097/5788/3192/9314/7913/409/1499/3008/7454/83666/8971/3183/3320/151636/131870/604/3005/22948/8932/2969/3184/5531/3181/3007/7520/6778/2185/9320",30,"b1n"
"GO:00424931","GO:0042493","response to drug","33/931","397/18866",0.00248180512989631,0.0320893930916159,0.027824093999945,"6142/3326/1938/3329/6647/969/328/4192/1393/4519/3939/6727/1019/2353/6731/1312/301/7385/847/4535/2354/7520/4830/811/5978/1603/3553/1374/4297/5728/25828/7514/55696",33,"b1"
"GO:0051384","GO:0051384","response to glucocorticoid","16/931","147/18866",0.00248632837925203,0.0320893930916159,0.027824093999945,"3490/3329/678/4537/4192/2950/11335/2353/301/199/1843/2354/3192/374/5978/1978",16,"b1"
"GO:0031145","GO:0031145","anaphase-promoting complex-dependent catabolic process","11/931","83/18866",0.00248859263129279,0.0320893930916159,0.027824093999945,"6233/7314/7311/5720/119504/5689/5700/5693/5682/7324/51433",11,"b1"
"GO:0010952","GO:0010952","positive regulation of peptidase activity","20/933","201/18866",0.00235724194880101,0.0320764749109325,0.0278893533308595,"10541/10399/3146/27018/6188/5978/5023/3329/10016/51024/1654/1612/51065/8767/27429/2149/7415/5134/3965/387",20,"b0"
"GO:0010508","GO:0010508","positive regulation of autophagy","14/960","131/18866",0.00687874789398544,0.0384021669627803,0.027930903601516,"9517/665/3091/6093/51100/3162/92140/120892/9528/340061/10346/81603/2773/203228",14,"b1n"
"GO:00447741","GO:0044774","mitotic DNA integrity checkpoint","13/931","108/18866",0.00254083162379807,0.032588281692793,0.0282566706864227,"6154/6659/29997/7029/3276/5514/51347/7155/5591/29883/4848/5325/51065",13,"b1"
"GO:00362961","GO:0036296","response to increased oxygen levels","6/931","29/18866",0.00254164859182413,0.032588281692793,0.0282566706864227,"4508/4519/1019/847/9550/23545",6,"b1"
"GO:00466831","GO:0046683","response to organophosphorus","15/931","134/18866",0.00254777385692974,0.032588281692793,0.0282566706864227,"3329/6647/328/1393/3939/2353/1843/2354/374/4830/10142/2230/3553/5728/4724",15,"b1"
"GO:0007160","GO:0007160","cell-matrix adhesion","21/960","230/18866",0.00704619284944816,0.03924279386959,0.0285423136066258,"967/960/6281/683/3689/948/8826/5879/4035/71/387/6614/5175/1499/5728/7791/6093/4814/604/64098/2185",21,"b1n"
"GO:0010001","GO:0010001","glial cell differentiation","21/960","230/18866",0.00704619284944816,0.03924279386959,0.0285423136066258,"7431/6280/6279/2896/2950/1191/3398/4035/387/728/7099/1499/5728/4067/3459/7133/7097/23405/3949/9334/6774",21,"b1n"
"GO:0002824","GO:0002824","positive regulation of adaptive immune response based on somatic recombination of immune receptors built from immunoglobulin superfamily domains","12/960","105/18866",0.00706589727456178,0.03924279386959,0.0285423136066258,"301/10673/5788/6556/2207/64332/3106/3105/3142/114548/91543/6778",12,"b1n"
"GO:0097006","GO:0097006","regulation of plasma lipoprotein particle levels","12/960","105/18866",0.00706589727456178,0.03924279386959,0.0285423136066258,"948/302/1211/1175/5034/10577/3190/4043/3162/3949/3069/375",12,"b1n"
"GO:1902106","GO:1902106","negative regulation of leukocyte differentiation","12/960","105/18866",0.00706589727456178,0.03924279386959,0.0285423136066258,"301/10875/11025/9935/3398/7099/1499/4067/861/3142/604/10221",12,"b1n"
"GO:0019320","GO:0019320","hexose catabolic process","8/960","56/18866",0.00708286316432202,0.0392963400998838,0.0285812591848274,"2597/2023/5315/5223/7167/5230/83440/2720",8,"b1n"
"GO:0006450","GO:0006450","regulation of translational fidelity","5/933","20/18866",0.00243597549491039,0.0329681886763753,0.0286646667137508,"6203/6193/51520/1968/92675",5,"b0"
"GO:0071243","GO:0071243","cellular response to arsenic-containing substance","5/933","20/18866",0.00243597549491039,0.0329681886763753,0.0286646667137508,"3178/1654/54407/79752/7415",5,"b0"
"GO:0070482","GO:0070482","response to oxygen levels","33/933","396/18866",0.00246627166532876,0.0332880018828428,0.0289427329145979,"947/7314/4602/6233/2023/29997/3939/847/5978/665/3329/4538/11331/4508/4519/23545/378938/51024/3066/5683/4540/5695/51142/9550/5682/5728/5689/50809/81/5693/25828/1978/387",33,"b0"
"GO:1903214","GO:1903214","regulation of protein targeting to mitochondrion","7/960","45/18866",0.00721806074507744,0.0399637728558725,0.0290667005398969,"665/7323/51100/59286/120892/54741/7332",7,"b1n"
"GO:1904646","GO:1904646","cellular response to amyloid-beta","7/960","45/18866",0.00721806074507744,0.0399637728558725,0.0290667005398969,"10135/948/4035/7099/5621/837/58533",7,"b1n"
"GO:1903362","GO:1903362","regulation of cellular protein catabolic process","24/933","260/18866",0.00252575882175876,0.0339990284524616,0.0295609452113914,"10399/7314/6613/55353/6125/6201/6135/3320/819/3326/29997/9349/6599/51035/6386/93974/5728/1452/11345/11315/754/7415/1457/9097",24,"b0"
"GO:1901068","GO:1901068","guanosine-containing compound metabolic process","7/931","39/18866",0.00268270369473838,0.0341311448735915,0.0295944576009034,"3615/5901/4833/4830/3251/8833/29922",7,"b1"
"GO:1902229","GO:1902229","regulation of intrinsic apoptotic signaling pathway in response to DNA damage","7/931","39/18866",0.00268270369473838,0.0341311448735915,0.0295944576009034,"6188/6154/7178/3190/4282/64844/960",7,"b1"
"GO:0002523","GO:0002523","leukocyte migration involved in inflammatory response","4/960","16/18866",0.0074179920479876,0.040692768238705,0.0295969180087074,"6280/6279/3689/240",4,"b1n"
"GO:0017014","GO:0017014","protein nitrosylation","4/960","16/18866",0.0074179920479876,0.040692768238705,0.0295969180087074,"2597/6280/6279/7295",4,"b1n"
"GO:0018119","GO:0018119","peptidyl-cysteine S-nitrosylation","4/960","16/18866",0.0074179920479876,0.040692768238705,0.0295969180087074,"2597/6280/6279/7295",4,"b1n"
"GO:0033008","GO:0033008","positive regulation of mast cell activation involved in immune response","4/960","16/18866",0.0074179920479876,0.040692768238705,0.0295969180087074,"2268/2207/8673/6850",4,"b1n"
"GO:0043306","GO:0043306","positive regulation of mast cell degranulation","4/960","16/18866",0.0074179920479876,0.040692768238705,0.0295969180087074,"2268/2207/8673/6850",4,"b1n"
"GO:0045116","GO:0045116","protein neddylation","4/960","16/18866",0.0074179920479876,0.040692768238705,0.0295969180087074,"6135/4738/150678/9616",4,"b1n"
"GO:0045953","GO:0045953","negative regulation of natural killer cell mediated cytotoxicity","4/960","16/18866",0.0074179920479876,0.040692768238705,0.0295969180087074,"3965/409/3106/3105",4,"b1n"
"GO:00514441","GO:0051444","negative regulation of ubiquitin-protein transferase activity","4/960","16/18866",0.0074179920479876,0.040692768238705,0.0295969180087074,"9349/6135/151636/6201",4,"b1n"
"GO:1903541","GO:1903541","regulation of exosomal secretion","4/960","16/18866",0.0074179920479876,0.040692768238705,0.0295969180087074,"6386/27243/7879/10015",4,"b1n"
"GO:0051592","GO:0051592","response to calcium ion","16/933","147/18866",0.00253985912245644,0.0340969259611491,0.0296460636110153,"8644/2353/3727/1843/2354/4519/10016/805/3184/310/3725/22872/2521/4734/1393/673",16,"b0"
"GO:0042176","GO:0042176","regulation of protein catabolic process","33/933","397/18866",0.00256643659273845,0.0342187063390425,0.0297519473154207,"10399/7314/6613/55353/1915/6125/6201/6135/3320/819/3326/29997/9349/6599/8724/3553/51035/6386/93974/51160/5728/1452/4734/11345/6625/11315/754/7415/5245/1457/5270/9097/51201",33,"b0"
"GO:0036296","GO:0036296","response to increased oxygen levels","6/933","29/18866",0.00256918712437469,0.0342187063390425,0.0297519473154207,"847/4508/4519/23545/3066/9550",6,"b0"
"GO:0006692","GO:0006692","prostanoid metabolic process","8/933","49/18866",0.00257633832268322,0.0342187063390425,0.0297519473154207,"8644/10728/2950/3553/301/4282/2171/27306",8,"b0"
"GO:0006693","GO:0006693","prostaglandin metabolic process","8/933","49/18866",0.00257633832268322,0.0342187063390425,0.0297519473154207,"8644/10728/2950/3553/301/4282/2171/27306",8,"b0"
"GO:1902883","GO:1902883","negative regulation of response to oxidative stress","9/933","60/18866",0.00259907606098558,0.0343537743119138,0.0298693841107528,"10399/7295/3315/4841/5978/135112/11315/27429/25793",9,"b0"
"GO:0046683","GO:0046683","response to organophosphorus","15/933","134/18866",0.00260026565676881,0.0343537743119138,0.0298693841107528,"328/2353/3939/1843/2354/5023/3329/6647/3553/4724/5728/10142/1393/2230/5908",15,"b0"
"GO:1904894","GO:1904894","positive regulation of receptor signaling pathway via STAT","11/960","93/18866",0.00752851766546782,0.0412004697763362,0.0299661826577482,"5175/4067/9021/1545/83666/54625/7132/6774/3059/2185/3570",11,"b1n"
"GO:0010822","GO:0010822","positive regulation of mitochondrion organization","13/960","119/18866",0.00753358077364134,0.0412004697763362,0.0299661826577482,"29108/7529/8743/5329/3091/7323/51100/59286/7531/7534/54741/7532/7332",13,"b1n"
"GO:19012221","GO:1901222","regulation of NIK/NF-kappaB signaling","13/960","119/18866",0.00753358077364134,0.0412004697763362,0.0299661826577482,"929/4792/3965/5052/387/7099/5610/7097/9770/1654/7114/114548/81",13,"b1n"
"GO:0032543","GO:0032543","mitochondrial translation","15/931","135/18866",0.00273898884994177,0.034754563306043,0.0301350117028867,"78988/54948/54460/708/28977/51023/90480/219927/51258/65008/7284/65003/29074/84545/9553",15,"b1"
"GO:0097696","GO:0097696","receptor signaling pathway via STAT","17/960","174/18866",0.00760872054360192,0.0415337231697037,0.0302085665944164,"5788/5175/4067/9021/1545/83666/54625/9111/6773/7132/6772/54741/6774/3059/6778/2185/3570",17,"b1n"
"GO:0032091","GO:0032091","negative regulation of protein binding","12/960","106/18866",0.00760999997685345,0.0415337231697037,0.0302085665944164,"60/409/6093/114769/1522/3434/10399/4043/3397/120892/7009/9750",12,"b1n"
"GO:0032366","GO:0032366","intracellular sterol transport","5/960","25/18866",0.00765956500478736,0.0416348188963365,0.0302820961688762,"302/10577/1066/3949/6342",5,"b1n"
"GO:0032367","GO:0032367","intracellular cholesterol transport","5/960","25/18866",0.00765956500478736,0.0416348188963365,0.0302820961688762,"302/10577/1066/3949/6342",5,"b1n"
"GO:0034162","GO:0034162","toll-like receptor 9 signaling pathway","5/960","25/18866",0.00765956500478736,0.0416348188963365,0.0302820961688762,"57142/118788/4615/51311/91543",5,"b1n"
"GO:0045324","GO:0045324","late endosome to vacuole transport","5/960","25/18866",0.00765956500478736,0.0416348188963365,0.0302820961688762,"27243/57132/51510/54741/51160",5,"b1n"
"GO:2001234","GO:2001234","negative regulation of apoptotic signaling pathway","22/931","233/18866",0.00276309075310047,0.0349673898754439,0.0303195495174783,"7178/8531/3315/551/2950/2023/7001/3301/4841/2537/7417/7494/292/1654/4282/3553/64844/960/3303/51079/55023/9821",22,"b1"
"GO:00454711","GO:0045471","response to ethanol","14/931","122/18866",0.00277532237490067,0.0350292673297648,0.0303732022649948,"4736/1938/1933/6647/1393/551/2950/4519/4538/847/1978/7284/5728/2934",14,"b1"
"GO:0051098","GO:0051098","regulation of binding","31/933","367/18866",0.0026758427138202,0.0352589934375147,0.0306564399236448,"3925/3646/10399/3146/7295/6135/340061/3326/8664/3005/1460/3148/5899/3676/3066/10856/51773/57326/142/64710/6717/2962/3725/284/1452/8767/2280/11315/5901/6612/1488",31,"b0"
"GO:00021832","GO:0002183","cytoplasmic translational initiation","6/960","35/18866",0.00781607383637945,0.042399632085112,0.0308383648677118,"27335/8666/8667/8661/3646/1973",6,"b1n"
"GO:0039694","GO:0039694","viral RNA genome replication","6/960","35/18866",0.00781607383637945,0.042399632085112,0.0308383648677118,"200315/5093/998/5094/3576/89849",6,"b1n"
"GO:00098951","GO:0009895","negative regulation of catabolic process","28/931","323/18866",0.00282975701737538,0.0356220863585697,0.0308872242140959,"6125/6135/3326/6201/55353/1153/29997/9349/8531/26986/819/4904/10949/3183/9967/3184/8148/5245/1736/3192/51035/2521/6599/11345/3553/51374/64844/10492",28,"b1"
"GO:00421771","GO:0042177","negative regulation of protein catabolic process","14/960","133/18866",0.00783745837315771,0.0424726910828193,0.0308915025936158,"11213/6386/302/7077/1471/9349/8291/6093/6135/10956/5476/2316/6201/7076",14,"b1n"
"GO:00140741","GO:0014074","response to purine-containing compound","16/931","149/18866",0.00285100224836697,0.0357950834919968,0.0310372266927484,"3329/6647/328/1393/3939/2353/1843/2354/374/4830/10142/2230/3553/5728/4724/159",16,"b1"
"GO:0042278","GO:0042278","purine nucleoside metabolic process","9/931","61/18866",0.00287638867011696,0.0360190297772388,0.0312314061985347,"262/3615/5901/353/4833/4830/3251/8833/29922",9,"b1"
"GO:0006470","GO:0006470","protein dephosphorylation","27/960","323/18866",0.00802775847195933,0.0433600589450752,0.0315369085219785,"1843/2771/55313/3958/5788/1848/7529/10288/5728/3071/6093/8073/805/5610/5777/23645/945/5500/2280/5791/84919/120892/7531/5531/9749/259282/8036",27,"b1n"
"GO:0010921","GO:0010921","regulation of phosphatase activity","17/960","175/18866",0.00804096900932205,0.0433600589450752,0.0315369085219785,"2771/3958/5788/3071/6093/805/5610/23645/945/2280/84919/11261/23307/9749/65125/259282/8036",17,"b1n"
"GO:0048662","GO:0048662","negative regulation of smooth muscle cell proliferation","9/960","69/18866",0.00804161391432429,0.0433600589450752,0.0315369085219785,"199/2950/9314/5728/1312/3162/7128/6648/10221",9,"b1n"
"GO:0071230","GO:0071230","cellular response to amino acid stimulus","9/960","69/18866",0.00804161391432429,0.0433600589450752,0.0315369085219785,"1051/1536/389541/1535/824/10542/28956/55004/3184",9,"b1n"
"GO:20005732","GO:2000573","positive regulation of DNA biosynthetic process","9/960","69/18866",0.00804161391432429,0.0433600589450752,0.0315369085219785,"9314/409/1499/3320/22948/3184/3181/7520/2185",9,"b1n"
"GO:1905954","GO:1905954","positive regulation of lipid localization","11/960","94/18866",0.00814581195641003,0.0438056386974733,0.0318609903667108,"4792/56729/948/302/4035/27166/1622/1066/123/10226/6342",11,"b1n"
"GO:0032692","GO:0032692","negative regulation of interleukin-1 production","7/960","46/18866",0.00814874695621218,0.0438056386974733,0.0318609903667108,"1992/2950/409/114769/945/7128/114548",7,"b1n"
"GO:0044275","GO:0044275","cellular carbohydrate catabolic process","7/960","46/18866",0.00814874695621218,0.0438056386974733,0.0318609903667108,"5226/5223/7167/313/5836/5500/2548",7,"b1n"
"GO:0042538","GO:0042538","hyperosmotic salinity response","4/931","13/18866",0.00294460603258893,0.0367767418363398,0.0318884037147272,"551/4519/7520/2547",4,"b1"
"GO:2001237","GO:2001237","negative regulation of extrinsic apoptotic signaling pathway","12/960","107/18866",0.00818642522504176,0.0439641354678168,0.0319762692263103,"2537/4170/3148/2950/3958/8743/3162/55023/7128/1495/1654/8837",12,"b1n"
"GO:0002460","GO:0002460","adaptive immune response based on somatic recombination of immune receptors built from immunoglobulin superfamily domains","30/960","370/18866",0.00821774701164261,0.0440882127174626,0.0320665138654307,"301/10673/1191/5788/6556/10875/1378/2207/1604/64005/7099/7454/64332/1512/3106/4179/5777/5873/7133/3105/3142/7128/604/10312/114548/51311/91543/6774/6778/6868",30,"b1n"
"GO:0045471","GO:0045471","response to ethanol","14/933","122/18866",0.00282964709232104,0.0371875199448718,0.0323332250853859,"1938/4736/847/4538/6647/1933/2950/4519/7284/3066/5728/1393/1978/387",14,"b0"
"GO:0046827","GO:0046827","positive regulation of protein export from nucleus","5/931","21/18866",0.00304016100363194,0.0374601896525264,0.0324810081378567,"10541/7531/7175/3553/55696",5,"b1"
"GO:19032041","GO:1903204","negative regulation of oxidative stress-induced neuron death","5/931","21/18866",0.00304016100363194,0.0374601896525264,0.0324810081378567,"10399/135112/4841/5978/468",5,"b1"
"GO:20007371","GO:2000737","negative regulation of stem cell differentiation","5/931","21/18866",0.00304016100363194,0.0374601896525264,0.0324810081378567,"678/10443/3192/5978/3313",5,"b1"
"GO:00015161","GO:0001516","prostaglandin biosynthetic process","6/931","30/18866",0.00304643755715368,0.0374601896525264,0.0324810081378567,"8644/551/10728/301/4282/3553",6,"b1"
"GO:00364751","GO:0036475","neuron death in response to oxidative stress","6/931","30/18866",0.00304643755715368,0.0374601896525264,0.0324810081378567,"10399/142/135112/4841/5978/468",6,"b1"
"GO:00464571","GO:0046457","prostanoid biosynthetic process","6/931","30/18866",0.00304643755715368,0.0374601896525264,0.0324810081378567,"8644/551/10728/301/4282/3553",6,"b1"
"GO:00466832","GO:0046683","response to organophosphorus","14/960","134/18866",0.00835499254814651,0.0447797552655405,0.0325694909048626,"2353/1843/2354/6402/3939/5728/5724/5187/682/366/196/6772/677/2185",14,"b1n"
"GO:00003021","GO:0000302","response to reactive oxygen species","22/931","235/18866",0.00306768009366675,0.037624426033121,0.0326234143366536,"6188/10399/1938/3329/3725/6647/4602/328/8644/7295/5052/2950/7001/3939/4540/2353/301/3184/847/1843/374/140823",22,"b1"
"GO:0043543","GO:0043543","protein acylation","23/933","248/18866",0.00289369332384132,0.0379294080295631,0.0329782703711712,"6659/23741/6418/2624/2752/3553/6879/1654/3066/23522/10933/64769/9678/23326/10856/51773/8520/11315/54386/51230/51147/5977/51201",23,"b0"
"GO:0000075","GO:0000075","cell cycle checkpoint","21/933","219/18866",0.0029083550008114,0.0379487883129483,0.0329951208378289,"6659/7029/6154/29997/1843/7155/5325/25949/79621/1112/56984/51347/3276/7175/51065/29883/7158/5514/7756/4436/3550",21,"b0"
"GO:0014074","GO:0014074","response to purine-containing compound","16/933","149/18866",0.00291181870069175,0.0379487883129483,0.0329951208378289,"328/2353/3939/1843/2354/5023/3329/6647/3553/4724/3066/5728/10142/1393/2230/5908",16,"b0"
"GO:2000756","GO:2000756","regulation of peptidyl-lysine acetylation","9/933","61/18866",0.00291796850464,0.0379487883129483,0.0329951208378289,"6659/23741/6418/2624/3553/6879/3066/10856/11315",9,"b0"
"GO:0009636","GO:0009636","response to toxic substance","23/931","250/18866",0.0031166569165732,0.0380945605433413,0.0330310589053009,"6647/7295/5052/2950/4519/7001/2098/10928/9588/1019/2353/10327/847/128/7311/8683/10765/195827/51024/468/373156/10549/6415",23,"b1"
"GO:0044843","GO:0044843","cell cycle G1/S phase transition","27/931","310/18866",0.00312198138177456,0.0380945605433413,0.0330310589053009,"1021/6154/6659/7029/328/10657/894/2273/4678/3276/1019/11331/301/199/81853/1654/5720/2935/1978/55904/5591/29883/4172/5728/4848/5325/51065",27,"b1"
"GO:0051222","GO:0051222","positive regulation of protein transport","30/933","354/18866",0.00295956129923281,0.0382964474267776,0.033297398064089,"6659/10541/7029/10399/947/3326/5108/54741/7531/51768/2752/10971/2597/3553/25874/51024/7175/6717/5478/51160/79752/4282/10204/3799/5901/59286/27230/27429/11235/51201",30,"b0"
"GO:0032968","GO:0032968","positive regulation of transcription elongation from RNA polymerase II promoter","4/933","13/18866",0.00296770627836663,0.0382964474267776,0.033297398064089,"11198/2962/10915/23476",4,"b0"
"GO:0099640","GO:0099640","axo-dendritic protein transport","4/933","13/18866",0.00296770627836663,0.0382964474267776,0.033297398064089,"6421/3192/3315/3799",4,"b0"
"GO:0097305","GO:0097305","response to alcohol","22/933","234/18866",0.00298814356842122,0.0384607963419989,0.0334402935966835,"8644/3490/1938/2353/4736/847/2354/4538/6647/1933/2950/4519/3184/7284/3066/6155/142/5728/1393/2230/1978/387",22,"b0"
"GO:00459301","GO:0045930","negative regulation of mitotic cell cycle","29/931","341/18866",0.0031743850963804,0.0386351818745686,0.033499821237312,"1021/6154/6659/29997/678/7029/6500/2273/546/3276/1019/5514/7175/1843/5720/90480/51347/7155/5591/5689/29883/5728/4848/5325/5700/5693/51065/5682/3550",29,"b1"
"GO:00713841","GO:0071384","cellular response to corticosteroid stimulus","9/931","62/18866",0.00322070960449312,0.0390992506947498,0.0339022063630855,"678/4537/8644/2950/11335/301/3192/5978/1978",9,"b1"
"GO:0030042","GO:0030042","actin filament depolymerization","8/960","58/18866",0.0087453357685756,0.0466852998989135,0.0339554435130764,"1072/822/830/829/832/136319/11078/11344",8,"b1n"
"GO:0031638","GO:0031638","zymogen activation","8/960","58/18866",0.0087453357685756,0.0466852998989135,0.0339554435130764,"2023/29108/64115/5230/3428/1512/1522/3240",8,"b1n"
"GO:19004081","GO:1900408","negative regulation of cellular response to oxidative stress","8/960","58/18866",0.0087453357685756,0.0466852998989135,0.0339554435130764,"5660/7295/1499/3091/10399/120892/6648/8876",8,"b1n"
"GO:19032021","GO:1903202","negative regulation of oxidative stress-induced cell death","8/960","58/18866",0.0087453357685756,0.0466852998989135,0.0339554435130764,"5660/7295/1499/3091/10399/120892/6648/8876",8,"b1n"
"GO:0060216","GO:0060216","definitive hemopoiesis","5/933","21/18866",0.00306859039365737,0.0390932153722574,0.0339901594356516,"4066/678/2624/3205/4211",5,"b0"
"GO:0070734","GO:0070734","histone H3-K27 methylation","5/933","21/18866",0.00306859039365737,0.0390932153722574,0.0339901594356516,"3008/9555/3007/3006/23512",5,"b0"
"GO:0080182","GO:0080182","histone H3-K4 trimethylation","5/933","21/18866",0.00306859039365737,0.0390932153722574,0.0339901594356516,"3008/3007/3006/23168/55904",5,"b0"
"GO:2000737","GO:2000737","negative regulation of stem cell differentiation","5/933","21/18866",0.00306859039365737,0.0390932153722574,0.0339901594356516,"678/3192/5978/10443/3313",5,"b0"
"GO:19030081","GO:1903008","organelle disassembly","13/931","111/18866",0.00323746773179069,0.039202940478105,0.0339921137748795,"51506/8562/340061/54543/93974/11331/7416/51024/11345/79752/665/64147/9821",13,"b1"
"GO:0033157","GO:0033157","regulation of intracellular protein transport","24/933","264/18866",0.0030774646587811,0.0391065101932641,0.0340017188093532,"10541/7029/7295/3326/5108/54741/7531/665/8724/10971/3553/51024/7175/93974/284/79752/10204/3799/11315/5901/59286/27429/11235/51201",24,"b0"
"GO:0022408","GO:0022408","negative regulation of cell-cell adhesion","18/960","191/18866",0.0088207785781634,0.0470412296936845,0.0342143205914531,"301/91663/64115/1051/3958/10875/10288/9314/3965/861/53827/5777/5621/5573/3142/604/9750/65125",18,"b1n"
"GO:0061136","GO:0061136","regulation of proteasomal protein catabolic process","19/931","193/18866",0.00328922582320213,0.0396587071350034,0.0343873002549534,"10399/6135/3326/7314/29997/6613/819/5720/51035/7341/6599/11345/64844/5700/3303/1452/51667/5886/7514",19,"b1"
"GO:0030490","GO:0030490","maturation of SSU-rRNA","8/931","51/18866",0.00329173087936729,0.0396587071350034,0.0343873002549534,"6202/6223/6208/6227/6234/6217/4809/28987",8,"b1"
"GO:0099024","GO:0099024","plasma membrane invagination","14/960","135/18866",0.00889918510857293,0.0474122424106194,0.0344841678748548,"199/3689/948/5879/391/11031/2207/387/998/3684/2209/3071/4627/375",14,"b1n"
"GO:0021955","GO:0021955","central nervous system neuron axonogenesis","6/960","36/18866",0.00898465459282925,0.0476782115633323,0.0346776142179375,"9839/5728/3320/4929/9334/51199",6,"b1n"
"GO:0045742","GO:0045742","positive regulation of epidermal growth factor receptor signaling pathway","6/960","36/18866",0.00898465459282925,0.0476782115633323,0.0346776142179375,"5329/55704/653361/92799/2069/6868",6,"b1n"
"GO:0046633","GO:0046633","alpha-beta T cell proliferation","6/960","36/18866",0.00898465459282925,0.0476782115633323,0.0346776142179375,"64115/5788/3965/1604/6850/3105",6,"b1n"
"GO:00519732","GO:0051973","positive regulation of telomerase activity","6/960","36/18866",0.00898465459282925,0.0476782115633323,0.0346776142179375,"9314/1499/3320/3184/3181/7520",6,"b1n"
"GO:1903364","GO:1903364","positive regulation of cellular protein catabolic process","15/960","149/18866",0.00902579513632428,0.0478492005003753,0.0348019789581383,"1191/26234/4035/5728/4478/3320/754/10399/1452/6613/120892/7128/3949/10221/2185",15,"b1n"
"GO:0003081","GO:0003081","regulation of systemic arterial blood pressure by renin-angiotensin","5/960","26/18866",0.00909373242200693,0.0479252204755081,0.0348572702806118,"387/10159/1522/1066/1535",5,"b1n"
"GO:0031579","GO:0031579","membrane raft organization","5/960","26/18866",0.00909373242200693,0.0479252204755081,0.0348572702806118,"6281/91663/5788/302/5538",5,"b1n"
"GO:0042832","GO:0042832","defense response to protozoan","5/960","26/18866",0.00909373242200693,0.0479252204755081,0.0348572702806118,"6556/64581/1130/2634/4615",5,"b1n"
"GO:0046755","GO:0046755","viral budding","5/960","26/18866",0.00909373242200693,0.0479252204755081,0.0348572702806118,"27243/57132/51510/10015/51160",5,"b1n"
"GO:0097066","GO:0097066","response to thyroid hormone","5/960","26/18866",0.00909373242200693,0.0479252204755081,0.0348572702806118,"1520/1508/302/4005/1512",5,"b1n"
"GO:1902914","GO:1902914","regulation of protein polyubiquitination","5/960","26/18866",0.00909373242200693,0.0479252204755081,0.0348572702806118,"7321/8291/9111/1654/9320",5,"b1n"
"GO:0018393","GO:0018393","internal peptidyl-lysine acetylation","17/933","164/18866",0.00317518400180622,0.0402458601650261,0.0349923430602476,"23741/6418/2624/3553/6879/23522/10933/64769/9678/23326/10856/51773/8520/11315/51230/51147/5977",17,"b0"
"GO:0006953","GO:0006953","acute-phase response","7/960","47/18866",0.00916483920459135,0.0481580434207959,0.035026608517367,"5265/1051/5359/9332/3240/6774/3570",7,"b1n"
"GO:0014003","GO:0014003","oligodendrocyte development","7/960","47/18866",0.00916483920459135,0.0481580434207959,0.035026608517367,"2950/1191/3398/5728/4067/7097/9334",7,"b1n"
"GO:00302612","GO:0030261","chromosome condensation","7/960","47/18866",0.00916483920459135,0.0481580434207959,0.035026608517367,"3008/8971/3021/3005/3020/25836/3007",7,"b1n"
"GO:0010811","GO:0010811","positive regulation of cell-substrate adhesion","13/960","122/18866",0.00922435910314542,0.0482784183769302,0.0351141603812783,"6281/91663/948/8826/5879/998/6093/10109/5034/4814/2316/11078/2185",13,"b1n"
"GO:0002483","GO:0002483","antigen processing and presentation of endogenous peptide antigen","4/960","17/18866",0.00931565513024482,0.0482784183769302,0.0351141603812783,"3106/3105/3107/6892",4,"b1n"
"GO:0002716","GO:0002716","negative regulation of natural killer cell mediated immunity","4/960","17/18866",0.00931565513024482,0.0482784183769302,0.0351141603812783,"3965/409/3106/3105",4,"b1n"
"GO:0009299","GO:0009299","mRNA transcription","4/960","17/18866",0.00931565513024482,0.0482784183769302,0.0351141603812783,"728/2316/2069/6774",4,"b1n"
"GO:0016045","GO:0016045","detection of bacterium","4/960","17/18866",0.00931565513024482,0.0482784183769302,0.0351141603812783,"4671/3106/7097/3105",4,"b1n"
"GO:0019885","GO:0019885","antigen processing and presentation of endogenous peptide antigen via MHC class I","4/960","17/18866",0.00931565513024482,0.0482784183769302,0.0351141603812783,"3106/3105/3107/6892",4,"b1n"
"GO:0032682","GO:0032682","negative regulation of chemokine production","4/960","17/18866",0.00931565513024482,0.0482784183769302,0.0351141603812783,"2950/9314/3965/140885",4,"b1n"
"GO:0032695","GO:0032695","negative regulation of interleukin-12 production","4/960","17/18866",0.00931565513024482,0.0482784183769302,0.0351141603812783,"11213/409/353514/51311",4,"b1n"
"GO:0050665","GO:0050665","hydrogen peroxide biosynthetic process","4/960","17/18866",0.00931565513024482,0.0482784183769302,0.0351141603812783,"1536/4513/1535/6774",4,"b1n"
"GO:0061158","GO:0061158","3'-UTR-mediated mRNA destabilization","4/960","17/18866",0.00931565513024482,0.0482784183769302,0.0351141603812783,"7538/677/3184/678",4,"b1n"
"GO:0061952","GO:0061952","midbody abscission","4/960","17/18866",0.00931565513024482,0.0482784183769302,0.0351141603812783,"27243/57132/51510/10015",4,"b1n"
"GO:0097067","GO:0097067","cellular response to thyroid hormone stimulus","4/960","17/18866",0.00931565513024482,0.0482784183769302,0.0351141603812783,"1520/1508/4005/1512",4,"b1n"
"GO:1901673","GO:1901673","regulation of mitotic spindle assembly","4/960","17/18866",0.00931565513024482,0.0482784183769302,0.0351141603812783,"3192/27243/57132/51510",4,"b1n"
"GO:1902992","GO:1902992","negative regulation of amyloid precursor protein catabolic process","4/960","17/18866",0.00931565513024482,0.0482784183769302,0.0351141603812783,"1191/6093/8301/5621",4,"b1n"
"GO:0007031","GO:0007031","peroxisome organization","10/960","83/18866",0.00932272906588996,0.0482784183769302,0.0351141603812783,"7321/7311/847/7323/7316/1891/51762/373156/6342/3417",10,"b1n"
"GO:00987541","GO:0098754","detoxification","15/931","138/18866",0.00338491906858742,0.0406787125345859,0.0352717272691199,"6647/7295/5052/2950/7001/2098/10928/9588/10327/847/128/195827/373156/10549/6415",15,"b1"
"GO:0016236","GO:0016236","macroautophagy","27/933","310/18866",0.00321429693221135,0.0406384781758569,0.0353337104473599,"340061/51506/665/2597/11331/23545/9517/27131/55004/9804/8673/1460/8655/5899/823/9550/10241/51160/26100/4734/11345/8767/8027/27429/7415/1457/3920",27,"b0"
"GO:0050810","GO:0050810","regulation of steroid biosynthetic process","12/933","98/18866",0.00322908773347007,0.040722384194317,0.0354066637441893,"8644/3490/5978/6647/3553/7536/427/706/2222/3837/5901/2224",12,"b0"
"GO:20002782","GO:2000278","regulation of DNA biosynthetic process","12/960","109/18866",0.0094412885238869,0.0488452390845258,0.0355264239537621,"1843/3192/9314/409/1499/3183/3320/22948/3184/3181/7520/2185",12,"b1n"
"GO:0048857","GO:0048857","neural nucleus development","9/933","62/18866",0.00326696145902693,0.0409929787094987,0.0356419360446604,"7531/10971/805/8655/1340/522/4722/515/387",9,"b0"
"GO:0071384","GO:0071384","cellular response to corticosteroid stimulus","9/933","62/18866",0.00326696145902693,0.0409929787094987,0.0356419360446604,"8644/678/3192/4537/5978/11335/2950/301/1978",9,"b0"
"GO:0034284","GO:0034284","response to monosaccharide","19/960","207/18866",0.00951924683180943,0.0492011168137356,0.0357852631634901,"10135/3956/2950/8660/2752/5879/3939/4035/387/847/5728/3091/10399/1535/6717/56943/65220/3799/2185",19,"b1n"
"GO:0090263","GO:0090263","positive regulation of canonical Wnt signaling pathway","15/960","150/18866",0.00957246585520866,0.0494285652677521,0.0359506923917314,"5688/5691/5685/3516/5720/5682/120892/1654/5689/5713/5694/5710/5721/65125/5692",15,"b1n"
"GO:0042692","GO:0042692","muscle cell differentiation","31/960","390/18866",0.00958374895500895,0.0494392434073298,0.0359584588828119,"3192/3398/71/998/409/1499/9444/11214/8291/7138/4904/1432/5997/963/3516/23646/6256/3021/824/5573/663/4627/2539/9750/1495/3020/6648/8837/2069/246329/136319",31,"b1n"
"GO:0008637","GO:0008637","apoptotic mitochondrial changes","14/931","125/18866",0.00347151665834391,0.0415102906690697,0.0359927726349864,"3329/3725/7029/551/10971/7531/93974/2537/292/79017/51024/9141/3303/665",14,"b1"
"GO:00346051","GO:0034605","cellular response to heat","14/931","125/18866",0.00347151665834391,0.0415102906690697,0.0359927726349864,"3326/3329/3320/10049/947/10728/7531/10016/7175/3281/7341/3312/3303/2288",14,"b1"
"GO:0031331","GO:0031331","positive regulation of cellular catabolic process","32/931","390/18866",0.00348571767766219,0.0415758976003158,0.0360496591400327,"10399/29997/6613/678/3146/3320/26986/340061/54543/26137/93974/11331/3184/10236/195827/7341/1612/92140/51441/3553/9528/29883/9517/1374/5728/5700/3303/665/1452/51667/5886/23112",32,"b1"
"GO:0042531","GO:0042531","positive regulation of tyrosine phosphorylation of STAT protein","9/960","71/18866",0.0096608521073602,0.0497891177290946,0.0362129316567918,"5175/4067/9021/83666/54625/7132/6774/3059/3570",9,"b1n"
"GO:0031571","GO:0031571","mitotic G1 DNA damage checkpoint","9/931","63/18866",0.00359665710857806,0.0425160700231309,0.036864864519389,"6154/6659/7029/3276/5591/29883/4848/5325/51065",9,"b1"
"GO:0046825","GO:0046825","regulation of protein export from nucleus","7/931","41/18866",0.00360018702354745,0.0425160700231309,0.036864864519389,"10541/7295/7531/7175/3553/7514/55696",7,"b1"
"GO:00703171","GO:0070317","negative regulation of G0 to G1 transition","7/931","41/18866",0.00360018702354745,0.0425160700231309,0.036864864519389,"7029/8409/11335/80314/23468/5928/23512",7,"b1"
"GO:1901998","GO:1901998","toxin transport","7/931","41/18866",0.00360018702354745,0.0425160700231309,0.036864864519389,"7203/10576/10575/10694/10574/6950/22948",7,"b1"
"GO:0032388","GO:0032388","positive regulation of intracellular transport","21/933","222/18866",0.00341589593296632,0.0427543465895584,0.0371733827291547,"10541/7029/3326/5108/54741/7531/10657/10971/3553/51024/11052/7175/79752/10204/4734/3799/5901/59286/27429/11235/51201",21,"b0"
"GO:0071157","GO:0071157","negative regulation of cell cycle arrest","5/931","22/18866",0.0037765932821865,0.0444892013563255,0.0385757286523534,"3326/9349/1019/4282/811",5,"b1"
"GO:0046883","GO:0046883","regulation of hormone secretion","24/933","267/18866",0.00355512813373997,0.0443857747497435,0.0385918514517826,"6659/4602/10765/51768/5978/2029/2752/3553/25874/8673/292/9324/2778/56943/402/6717/301/1374/293/3033/3799/1393/27230/23568",24,"b0"
"GO:00000861","GO:0000086","G2/M transition of mitotic cell cycle","23/931","254/18866",0.00379499325251136,0.044595844354019,0.0386681967393561,"29997/7846/6500/3320/10657/2273/7531/2029/1019/203068/79621/5108/8655/5720/51347/10142/5689/5500/5087/5700/5693/5682/10776",23,"b1"
"GO:0006475","GO:0006475","internal protein amino acid acetylation","17/933","166/18866",0.00359881433399066,0.0446203431683524,0.038795800343455,"23741/6418/2624/3553/6879/23522/10933/64769/9678/23326/10856/51773/8520/11315/51230/51147/5977",17,"b0"
"GO:0022406","GO:0022406","membrane docking","18/933","180/18866",0.00359960210295902,0.0446203431683524,0.038795800343455,"7846/3320/5108/7531/5872/8724/80321/203068/8673/8655/5899/1781/11064/118987/10142/8766/6814/1488",18,"b0"
"GO:0008406","GO:0008406","gonad development","21/933","223/18866",0.003600720523998,0.0446203431683524,0.038795800343455,"8644/8204/7314/3021/8531/3020/5872/4678/7812/546/6647/7536/3205/3148/3206/2069/8031/4257/51742/57599/4436",21,"b0"
"GO:0070317","GO:0070317","negative regulation of G0 to G1 transition","7/933","41/18866",0.00364314927871341,0.045034374994789,0.0391557862811172,"7029/5928/8409/5931/11335/23468/23512",7,"b0"
"GO:0002831","GO:0002831","regulation of response to biotic stimulus","33/931","409/18866",0.00393878525689728,0.0461718537116878,0.0400347240646743,"3326/6223/29997/3329/3146/6500/5567/7001/340061/708/5094/4841/2069/7520/5720/27086/3385/2547/6421/4282/7341/51441/3553/5591/5689/6059/9111/29883/55601/5700/5693/5682/3434",33,"b1"
"GO:0043558","GO:0043558","regulation of translational initiation in response to stress","4/931","14/18866",0.00396287848251234,0.0463404246080058,0.0401808886384765,"4869/5610/23645/468",4,"b1"
"GO:0044783","GO:0044783","G1 DNA damage checkpoint","9/931","64/18866",0.00400617202273023,0.0465047365460972,0.0403233603517219,"6154/6659/7029/3276/5591/29883/4848/5325/51065",9,"b1"
"GO:0044819","GO:0044819","mitotic G1/S transition checkpoint","9/931","64/18866",0.00400617202273023,0.0465047365460972,0.0403233603517219,"6154/6659/7029/3276/5591/29883/4848/5325/51065",9,"b1"
"GO:0046794","GO:0046794","transport of virus","9/931","64/18866",0.00400617202273023,0.0465047365460972,0.0403233603517219,"6233/7314/684/5901/3837/7175/7311/6993/7514",9,"b1"
"GO:0010499","GO:0010499","proteasomal ubiquitin-independent protein catabolic process","5/933","22/18866",0.00381157350341606,0.0466171731163147,0.0405319729158776,"5683/5695/5682/5689/5693",5,"b0"
"GO:0032069","GO:0032069","regulation of nuclease activity","5/933","22/18866",0.00381157350341606,0.0466171731163147,0.0405319729158776,"4869/3146/6188/3148/6917",5,"b0"
"GO:0050765","GO:0050765","negative regulation of phagocytosis","5/933","22/18866",0.00381157350341606,0.0466171731163147,0.0405319729158776,"10399/3146/8724/5728/26060",5,"b0"
"GO:1901798","GO:1901798","positive regulation of signal transduction by p53 class mediator","5/933","22/18866",0.00381157350341606,0.0466171731163147,0.0405319729158776,"7314/6154/6201/6135/9349",5,"b0"
"GO:0050796","GO:0050796","regulation of insulin secretion","18/933","181/18866",0.00381786620035496,0.0466171731163147,0.0405319729158776,"6659/51768/5978/2029/2752/3553/25874/292/9324/56943/402/6717/1374/293/3033/3799/27230/23568",18,"b0"
"GO:00447731","GO:0044773","mitotic DNA damage checkpoint","12/931","101/18866",0.00407231721891162,0.0471578287656004,0.0408896440222859,"6154/6659/29997/7029/3276/5514/51347/5591/29883/4848/5325/51065",12,"b1"
"GO:2001020","GO:2001020","regulation of response to DNA damage stimulus","21/931","226/18866",0.00410452396208188,0.0474156993295221,0.0411132386159852,"6188/6154/7178/3146/142/3190/8087/5514/79621/2969/4282/2521/5591/4255/64844/960/197370/84142/9774/7913/1655",21,"b1"
"GO:0051602","GO:0051602","response to electrical stimulus","7/931","42/18866",0.0041398288880702,0.0476051101238262,0.0412774730634948,"3184/199/10142/5978/4512/5728/159",7,"b1"
"GO:00085841","GO:0008584","male gonad development","15/931","141/18866",0.00415085428872599,0.0476051101238262,0.0412774730634948,"7314/8531/3021/8644/7536/4678/3020/546/5872/7812/3206/10549/3205/51742/8894",15,"b1"
"GO:0032355","GO:0032355","response to estradiol","15/931","141/18866",0.00415085428872599,0.0476051101238262,0.0412774730634948,"1938/8204/1393/8835/2950/7035/301/3184/847/1843/3015/374/811/5728/8886",15,"b1"
"GO:20012351","GO:2001235","positive regulation of apoptotic signaling pathway","18/931","183/18866",0.00419343626463196,0.0479626988681509,0.041587531368649,"6188/10399/6154/6135/6201/7314/6647/7029/10971/7531/93974/81618/6421/51024/5728/9141/9774/2934",18,"b1"
"GO:0018023","GO:0018023","peptidyl-lysine trimethylation","8/931","53/18866",0.00420213961997214,0.0479626988681509,0.041587531368649,"3008/3007/23168/546/3006/55904/4297/51742",8,"b1"
"GO:0000054","GO:0000054","ribosomal subunit export from nucleus","4/933","14/18866",0.00399362608107015,0.0484306766868515,0.0421087497277286,"4869/6209/3692/5901",4,"b0"
"GO:0033750","GO:0033750","ribosome localization","4/933","14/18866",0.00399362608107015,0.0484306766868515,0.0421087497277286,"4869/6209/3692/5901",4,"b0"
"GO:1903050","GO:1903050","regulation of proteolysis involved in cellular protein catabolic process","21/933","225/18866",0.00399548233780193,0.0484306766868515,0.0421087497277286,"10399/7314/6613/6125/6201/6135/819/3326/29997/9349/6599/51035/6386/93974/5728/1452/11345/11315/7415/1457/9097",21,"b0"
"GO:0051085","GO:0051085","chaperone cofactor-dependent protein refolding","6/931","32/18866",0.00427547841331636,0.0485673988331723,0.0421118550484544,"6767/10728/3336/3312/3313/3303",6,"b1"
"GO:0071353","GO:0071353","cellular response to interleukin-4","6/931","32/18866",0.00427547841331636,0.0485673988331723,0.0421118550484544,"6122/3326/3615/10376/1019/7494",6,"b1"
"GO:0002262","GO:0002262","myeloid cell homeostasis","16/933","154/18866",0.00404248356186432,0.0488176643150724,0.0424452216975473,"1021/3146/6229/6208/2624/6223/51522/5052/6647/3148/6218/3276/93974/55904/3313/301",16,"b0"
"GO:0090316","GO:0090316","positive regulation of intracellular protein transport","18/933","182/18866",0.00404695895603524,0.0488176643150724,0.0424452216975473,"10541/7029/3326/5108/54741/7531/10971/3553/51024/7175/79752/10204/3799/5901/59286/27429/11235/51201",18,"b0"
"GO:1905268","GO:1905268","negative regulation of chromatin organization","9/933","64/18866",0.00406294619311692,0.0488924175624721,0.0425102169856875,"3008/9555/3007/3159/6418/3006/3005/6879/8971",9,"b0"
"GO:0031124","GO:0031124","mRNA 3'-end processing","12/933","101/18866",0.00414242638602517,0.0497290321437733,0.043237623588952,"6430/26986/6428/6431/6427/8106/9295/8683/11052/10250/4116/10921",12,"b0"
